{
    "client_metrics": [
        {
            "thrus": [
                58.263203048719205, 
                55.83996019231282, 
                53.30764694493505, 
                50.22898837701209, 
                55.59809925542562, 
                53.721589206974585, 
                55.42516528823511, 
                54.38902018633376, 
                60.93337747618013
            ], 
            "p99_lats": [
                1.2301040000000001, 
                1.2578199999999999, 
                1.2204680000000001, 
                1.308171, 
                1.2495609999999999, 
                1.1724859999999999, 
                1.2267459999999999, 
                1.2299850000000001, 
                1.2246349999999999
            ], 
            "mean_lats": [
                0.26170675277777777, 
                0.2767870375, 
                0.28029001388888886, 
                0.30829188333333335, 
                0.27490534305555558, 
                0.26783554444444441, 
                0.27094368333333335, 
                0.27002861805555561, 
                0.25124206666666671
            ]
        }
    ], 
    "node_configs": [
        {
            "batch_size": 48, 
            "input_type": "bytes", 
            "model_name": "tf-nmt", 
            "gpus": [
                0
            ], 
            "allocated_cpus": [
                0, 
                16, 
                1, 
                17, 
                2, 
                18, 
                3, 
                19
            ]
        }
    ]
}