{
    "client_metrics": [
        {
            "thrus": [
                56.42437667080074, 
                55.87812561716953, 
                51.21341928154294, 
                52.35296873235303, 
                57.39327973717704, 
                50.25582307940043, 
                53.376155837024584, 
                53.46510402276455, 
                54.04046482455482
            ], 
            "p99_lats": [
                1.4064760000000001, 
                1.3963080000000001, 
                1.4424220000000001, 
                1.439899, 
                1.445147, 
                1.4049259999999999, 
                1.398911, 
                1.403365, 
                1.4645539999999999
            ], 
            "mean_lats": [
                0.36208524583333335, 
                0.37278783958333334, 
                0.40076353645833329, 
                0.40224849895833337, 
                0.37216202187499997, 
                0.40982712395833337, 
                0.38509113645833337, 
                0.38140735416666671, 
                0.38066908333333332
            ]
        }
    ], 
    "node_configs": [
        {
            "batch_size": 64, 
            "input_type": "bytes", 
            "model_name": "tf-nmt", 
            "gpus": [
                0
            ], 
            "allocated_cpus": [
                0, 
                16, 
                1, 
                17, 
                2, 
                18, 
                3, 
                19
            ]
        }
    ]
}