{
    "client_metrics": [
        {
            "thrus": [
                23.02806637701965, 
                22.78682142412393, 
                22.830873002355688, 
                14.475988749840583, 
                19.86603537703848, 
                20.930312628754127, 
                19.270915736571975, 
                24.914117921260672, 
                17.63475287803576
            ], 
            "p99_lats": [
                0.41519434999999988, 
                0.41328536999999999, 
                0.40072172999999978, 
                0.44153983000000002, 
                0.45259908999999993, 
                0.38937701000000002, 
                0.41233926999999998, 
                0.34564322999999991, 
                0.39601809999999987
            ], 
            "mean_lats": [
                0.043305459999999997, 
                0.043796575000000004, 
                0.043711444999999995, 
                0.068991230000000001, 
                0.050248194999999996, 
                0.047688930000000004, 
                0.051802750000000002, 
                0.040049605000000002, 
                0.056618109999999999
            ]
        }
    ], 
    "node_configs": [
        {
            "batch_size": 1, 
            "input_type": "bytes", 
            "model_name": "tf-nmt", 
            "gpus": [
                0
            ], 
            "allocated_cpus": [
                12, 
                24, 
                48, 
                64, 
                96, 
                128, 
                256, 
                512
            ]
        }
    ]
}