{
    "client_metrics": [
        {
            "thrus": [
                78.3123764451463, 
                79.95595426369498, 
                79.86771078446003, 
                78.55836561284302, 
                80.07856875407235, 
                77.79106123173476, 
                77.68364367847832, 
                80.25123820450477, 
                81.06624232992488
            ], 
            "p99_lats": [
                3.6839680000000001, 
                3.4856550000000004, 
                3.4844080000000002, 
                3.4989590000000002, 
                3.4537390000000001, 
                3.5062609999999994, 
                3.690963, 
                3.4325700000000001, 
                3.4064070000000002
            ], 
            "mean_lats": [
                1.2536119335937499, 
                1.2354238682291665, 
                1.2354017010416665, 
                1.2563811903645834, 
                1.2352774937500002, 
                1.2639185255208332, 
                1.265988828125, 
                1.2318293424479165, 
                1.2183749380208333
            ]
        }
    ], 
    "node_configs": [
        {
            "batch_size": 256, 
            "input_type": "bytes", 
            "model_name": "tf-nmt", 
            "gpus": [
                0
            ], 
            "allocated_cpus": [
                0, 
                16, 
                1, 
                17, 
                2, 
                18, 
                3, 
                19
            ]
        }
    ]
}