{
    "client_metrics": [
        {
            "thrus": [
                63.659740103806044, 
                63.240131871484984, 
                64.42307059949827, 
                64.11679800888847, 
                66.80141997551728, 
                62.5384975482086, 
                63.81716806796315, 
                63.18385831440998, 
                65.70127464579143
            ], 
            "p99_lats": [
                1.635956, 
                1.8386130000000001, 
                1.858951, 
                1.8539369999999997, 
                1.6433420000000001, 
                1.742658, 
                1.8286029999999998, 
                1.869424, 
                1.6710199999999999
            ], 
            "mean_lats": [
                0.5290215423611111, 
                0.5356097673611111, 
                0.5198167958333334, 
                0.51710774583333341, 
                0.51462657986111116, 
                0.55924021111111111, 
                0.52238773402777783, 
                0.54357465347222222, 
                0.51908061250000004
            ]
        }
    ], 
    "node_configs": [
        {
            "batch_size": 96, 
            "input_type": "bytes", 
            "model_name": "tf-nmt", 
            "gpus": [
                0
            ], 
            "allocated_cpus": [
                0, 
                16, 
                1, 
                17, 
                2, 
                18, 
                3, 
                19
            ]
        }
    ]
}