{
    "client_metrics": [
        {
            "thrus": [
                39.216676687834784, 
                46.1645178597946, 
                38.518376196191596, 
                42.31563637785908, 
                43.906933394581465, 
                43.01343469911593, 
                46.47849472262003, 
                44.10334738268992, 
                43.28529552992581
            ], 
            "p99_lats": [
                1.063016, 
                0.67827700000000002, 
                1.0691540000000002, 
                0.84353100000000003, 
                0.74209599999999998, 
                0.85203699999999993, 
                0.84793700000000005, 
                0.87023200000000001, 
                1.0880840000000001
            ], 
            "mean_lats": [
                0.19862316200000005, 
                0.15256539165009941, 
                0.19495843280632411, 
                0.172139703187251, 
                0.1575431235059761, 
                0.17171121301775147, 
                0.15676147326732676, 
                0.16757988667992046, 
                0.17552426190476189
            ]
        }
    ], 
    "node_configs": [
        {
            "batch_size": 24, 
            "input_type": "bytes", 
            "model_name": "tf-nmt", 
            "gpus": [
                0
            ], 
            "allocated_cpus": [
                0, 
                16, 
                1, 
                17, 
                2, 
                18, 
                3, 
                19
            ]
        }
    ]
}