{
    "client_metrics": [
        {
            "thrus": [
                14.700845151587764, 
                21.15687484185236, 
                21.03055613623258, 
                18.708177868375248, 
                21.02771705440375, 
                21.028928655994907, 
                18.7410090009318, 
                21.25480730604244, 
                20.907345335822146, 
                18.71031308715301, 
                21.18384655438381, 
                21.459264307749883, 
                18.638272873261236, 
                21.009771644791993, 
                21.123981718461263
            ], 
            "p99_lats": [
                3.013436359999999, 
                5.25678367, 
                7.38456648, 
                9.64930507, 
                11.905874189999999, 
                14.03258598, 
                16.291676579999997, 
                18.523584399999997, 
                20.66597604, 
                22.9309341, 
                25.167996799999997, 
                27.24839255, 
                29.52318923, 
                31.78145467, 
                33.89895721
            ], 
            "mean_lats": [
                1.9276176999999999, 
                4.14635214, 
                6.35159, 
                8.570474780000001, 
                10.790625499999999, 
                13.002242199999998, 
                15.21109868, 
                17.41634164, 
                19.62707374, 
                21.85150108, 
                24.05779796, 
                26.26283304, 
                28.438466240000004, 
                30.66439066, 
                32.87156696
            ]
        }
    ], 
    "node_configs": [
        {
            "model_image": "model-comp/nmt", 
            "name": "nmt", 
            "cpus_per_replica": 3, 
            "input_type": "strings", 
            "use_nvidia_docker": true, 
            "batch_size": 6, 
            "num_replicas": 1, 
            "slo": 500000, 
            "allocated_cpus": [
                6, 
                7, 
                8, 
                9, 
                10, 
                11, 
                12, 
                13, 
                14, 
                15
            ], 
            "gpus": [
                0
            ], 
            "input_size": 10
        }
    ], 
    "clipper_metrics": {
        "histograms": [
            {
                "internal:rpc_request_queueing_delay": {
                    "p99": "0", 
                    "min": "0", 
                    "max": "0", 
                    "p95": "0", 
                    "std_dev": "0", 
                    "size": "0", 
                    "p50": "0", 
                    "unit": "microseconds", 
                    "mean": "0"
                }
            }, 
            {
                "app:nmt:prediction_latency": {
                    "p99": "33632440.3200000000834", 
                    "min": "661635", 
                    "max": "33898999", 
                    "p95": "32315538.9999999998727", 
                    "std_dev": "9583049.9614924288544", 
                    "size": "751", 
                    "p50": "17443988", 
                    "unit": "microseconds", 
                    "mean": "17432607.3209054593844"
                }
            }, 
            {
                "model:nmt:1:prediction_latency": {
                    "p99": "574540.680000001273584", 
                    "min": "244053", 
                    "max": "661323", 
                    "p95": "300231.449999999999022", 
                    "std_dev": "33129.6681441711325427", 
                    "size": "126", 
                    "p50": "297485.5", 
                    "unit": "microseconds", 
                    "mean": "299706.07936507936509"
                }
            }, 
            {
                "model:nmt:1:batch_size": {
                    "p99": "6", 
                    "min": "1", 
                    "max": "6", 
                    "p95": "6", 
                    "std_dev": "0.443664281249958273505", 
                    "size": "126", 
                    "p50": "6", 
                    "unit": "queries", 
                    "mean": "5.96031746031746031359"
                }
            }
        ], 
        "meters": [
            {
                "internal:aggregate_model_throughput": {
                    "rate": "11.807103250791096", 
                    "rate_1min": "8.6535919152409839", 
                    "rate_15min": "0.74045128104852465", 
                    "unit": "events per second", 
                    "rate_5min": "2.1404851077887361"
                }
            }, 
            {
                "app:nmt:prediction_throughput": {
                    "rate": "0", 
                    "rate_1min": "0", 
                    "rate_15min": "0", 
                    "unit": "events per second", 
                    "rate_5min": "0"
                }
            }, 
            {
                "model:nmt:1:prediction_throughput": {
                    "rate": "17.307824780006829", 
                    "rate_1min": "8.7242548457071223", 
                    "rate_15min": "0.74695415822392541", 
                    "unit": "events per second", 
                    "rate_5min": "2.1590608109410558"
                }
            }
        ], 
        "ratio_counters": [
            {
                "app:nmt:default_prediction_ratio": {
                    "ratio": "0"
                }
            }, 
            {
                "model:nmt:1:cache_hit_ratio": {
                    "ratio": "0"
                }
            }
        ], 
        "counters": [
            {
                "internal:aggregate_num_predictions": {
                    "count": "5000"
                }
            }, 
            {
                "app:nmt:num_predictions": {
                    "count": "751"
                }
            }, 
            {
                "model:nmt:1:num_predictions": {
                    "count": "751"
                }
            }
        ]
    }
}