{
    "client_metrics": [
        {
            "thrus": [
                9.442107417946197, 
                16.87878232413406, 
                11.217374546565678, 
                16.86840719390335, 
                11.283510616090965, 
                16.785806727549907, 
                11.201640278589275, 
                16.804547982866083, 
                11.231242981877042, 
                16.745353080793315, 
                11.28918674279191, 
                16.698114782841017, 
                11.134835734449311, 
                16.69228933078943, 
                11.102823470214123
            ], 
            "p99_lats": [
                5.07632436, 
                7.833793930000001, 
                11.98059522, 
                14.736142090000001, 
                18.84094661, 
                21.611318090000005, 
                25.765890139999996, 
                28.5324025, 
                32.67585586, 
                35.45235887, 
                39.571170249999994, 
                42.35755741, 
                46.538727089999995, 
                49.325123829999995, 
                53.518707070000005
            ], 
            "mean_lats": [
                3.2999201799999995, 
                6.62775762, 
                10.19624374, 
                13.53070126, 
                17.07758358, 
                20.39876258, 
                23.981538979999996, 
                27.322478300000004, 
                30.898838459999997, 
                34.237503399999994, 
                37.81344058, 
                41.13733644, 
                44.74203968, 
                48.103836599999994, 
                51.71882618000001
            ]
        }
    ], 
    "node_configs": [
        {
            "model_image": "model-comp/nmt", 
            "name": "nmt", 
            "cpus_per_replica": 3, 
            "input_type": "strings", 
            "use_nvidia_docker": true, 
            "batch_size": 20, 
            "num_replicas": 1, 
            "slo": 500000, 
            "allocated_cpus": [
                6, 
                7, 
                8, 
                9, 
                10, 
                11, 
                12, 
                13, 
                14, 
                15
            ], 
            "gpus": [
                0
            ], 
            "input_size": 20
        }
    ], 
    "clipper_metrics": {
        "histograms": [
            {
                "internal:rpc_request_queueing_delay": {
                    "p99": "0", 
                    "min": "0", 
                    "max": "0", 
                    "p95": "0", 
                    "std_dev": "0", 
                    "size": "0", 
                    "p50": "0", 
                    "unit": "microseconds", 
                    "mean": "0"
                }
            }, 
            {
                "app:nmt:prediction_latency": {
                    "p99": "53485260.7599999999802", 
                    "min": "790516", 
                    "max": "53519560", 
                    "p95": "52032990.4999999998727", 
                    "std_dev": "15183842.7952355642628", 
                    "size": "761", 
                    "p50": "27150165", 
                    "unit": "microseconds", 
                    "mean": "27778791.8002628120921"
                }
            }, 
            {
                "model:nmt:1:prediction_latency": {
                    "p99": "1539225", 
                    "min": "790241", 
                    "max": "1539225", 
                    "p95": "1504559", 
                    "std_dev": "111161.030463521844588", 
                    "size": "39", 
                    "p50": "1487385", 
                    "unit": "microseconds", 
                    "mean": "1470919.07692307692309"
                }
            }, 
            {
                "model:nmt:1:batch_size": {
                    "p99": "20", 
                    "min": "1", 
                    "max": "20", 
                    "p95": "20", 
                    "std_dev": "3.00317605272847570506", 
                    "size": "39", 
                    "p50": "20", 
                    "unit": "queries", 
                    "mean": "19.5128205128205128114"
                }
            }
        ], 
        "meters": [
            {
                "internal:aggregate_model_throughput": {
                    "rate": "9.100782423325251", 
                    "rate_1min": "8.0353478979224455", 
                    "rate_15min": "0.77828771369447602", 
                    "unit": "events per second", 
                    "rate_5min": "2.2056966674842355"
                }
            }, 
            {
                "app:nmt:prediction_throughput": {
                    "rate": "0", 
                    "rate_1min": "0", 
                    "rate_15min": "0", 
                    "unit": "events per second", 
                    "rate_5min": "0"
                }
            }, 
            {
                "model:nmt:1:prediction_throughput": {
                    "rate": "11.970818259697857", 
                    "rate_1min": "8.0353478979224455", 
                    "rate_15min": "0.77828771369447602", 
                    "unit": "events per second", 
                    "rate_5min": "2.2056966674842355"
                }
            }
        ], 
        "ratio_counters": [
            {
                "app:nmt:default_prediction_ratio": {
                    "ratio": "0"
                }
            }, 
            {
                "model:nmt:1:cache_hit_ratio": {
                    "ratio": "0"
                }
            }
        ], 
        "counters": [
            {
                "internal:aggregate_num_predictions": {
                    "count": "5000"
                }
            }, 
            {
                "app:nmt:num_predictions": {
                    "count": "761"
                }
            }, 
            {
                "model:nmt:1:num_predictions": {
                    "count": "761"
                }
            }
        ]
    }
}