{
    "client_metrics": [
        {
            "thrus": [
                3.6175209562989, 
                4.3882822332494875, 
                3.979954719259168, 
                4.385560594369764, 
                4.020353602964512, 
                4.460491110776475, 
                4.035552898188812, 
                4.228556524721918, 
                4.056823768248911, 
                4.4554083132216205, 
                4.073198306266388, 
                4.417361502906536, 
                4.132149444969687, 
                4.38217049079696, 
                4.054515392156783
            ], 
            "p99_lats": [
                13.109585359999999, 
                24.71025742, 
                36.55710589, 
                48.158207260000005, 
                59.8701683, 
                71.28829898, 
                82.96860115999999, 
                94.98564557, 
                106.57009619, 
                118.01674655, 
                129.56803908, 
                141.09459806, 
                152.51012384, 
                164.08870222000002, 
                175.69531655999998
            ], 
            "mean_lats": [
                7.439840239999999, 
                19.112760339999998, 
                30.926997819999997, 
                42.573585220000005, 
                54.229745740000006, 
                65.81559704, 
                77.36457358, 
                89.27381726000002, 
                100.9919495, 
                112.54667308000002, 
                123.98805806, 
                135.54638428, 
                147.06619389999997, 
                158.49507996, 
                170.1175718
            ]
        }
    ], 
    "node_configs": [
        {
            "model_image": "model-comp/nmt", 
            "name": "nmt", 
            "cpus_per_replica": 1, 
            "input_type": "strings", 
            "use_nvidia_docker": true, 
            "batch_size": 4, 
            "num_replicas": 1, 
            "slo": 500000, 
            "allocated_cpus": [
                6, 
                7, 
                8, 
                9, 
                10, 
                11, 
                12, 
                13, 
                14, 
                15
            ], 
            "gpus": [
                0
            ], 
            "input_size": 40
        }
    ], 
    "clipper_metrics": {
        "histograms": [
            {
                "internal:rpc_request_queueing_delay": {
                    "p99": "0", 
                    "min": "0", 
                    "max": "0", 
                    "p95": "0", 
                    "std_dev": "0", 
                    "size": "0", 
                    "p50": "0", 
                    "unit": "microseconds", 
                    "mean": "0"
                }
            }, 
            {
                "app:nmt:prediction_latency": {
                    "p99": "175202343.220000000161", 
                    "min": "1237431", 
                    "max": "176152846", 
                    "p95": "167797156.999999999796", 
                    "std_dev": "50521902.061689769409", 
                    "size": "753", 
                    "p50": "89353053", 
                    "unit": "microseconds", 
                    "mean": "89377899.3758300133049"
                }
            }, 
            {
                "model:nmt:1:prediction_latency": {
                    "p99": "1149747.69999999944775", 
                    "min": "840987", 
                    "max": "1237144", 
                    "p95": "987857", 
                    "std_dev": "41703.2688825138550115", 
                    "size": "189", 
                    "p50": "955717", 
                    "unit": "microseconds", 
                    "mean": "952437.470899470899553"
                }
            }, 
            {
                "model:nmt:1:batch_size": {
                    "p99": "4", 
                    "min": "1", 
                    "max": "4", 
                    "p95": "4", 
                    "std_dev": "0.217639828584160130104", 
                    "size": "189", 
                    "p50": "4", 
                    "unit": "queries", 
                    "mean": "3.98412698412698411963"
                }
            }
        ], 
        "meters": [
            {
                "internal:aggregate_model_throughput": {
                    "rate": "3.6572988752509148", 
                    "rate_1min": "4.0285082529123821", 
                    "rate_15min": "0.75560071507325888", 
                    "unit": "events per second", 
                    "rate_5min": "1.886892199827745"
                }
            }, 
            {
                "app:nmt:prediction_throughput": {
                    "rate": "0", 
                    "rate_1min": "0", 
                    "rate_15min": "0", 
                    "unit": "events per second", 
                    "rate_5min": "0"
                }
            }, 
            {
                "model:nmt:1:prediction_throughput": {
                    "rate": "4.075651672616595", 
                    "rate_1min": "4.0226992779881048", 
                    "rate_15min": "0.74106009262390471", 
                    "unit": "events per second", 
                    "rate_5min": "1.8578556837532083"
                }
            }
        ], 
        "ratio_counters": [
            {
                "app:nmt:default_prediction_ratio": {
                    "ratio": "0"
                }
            }, 
            {
                "model:nmt:1:cache_hit_ratio": {
                    "ratio": "0"
                }
            }
        ], 
        "counters": [
            {
                "internal:aggregate_num_predictions": {
                    "count": "5000"
                }
            }, 
            {
                "app:nmt:num_predictions": {
                    "count": "753"
                }
            }, 
            {
                "model:nmt:1:num_predictions": {
                    "count": "753"
                }
            }
        ]
    }
}