{
    "client_metrics": [
        {
            "thrus": [
                1.0171625015150636, 
                1.0268662930338355, 
                0.9971267394153052, 
                1.0336803446488736, 
                1.0128619695206336, 
                1.052720561537991, 
                1.0308945275933044, 
                1.0322015930999386, 
                1.0324937555293914, 
                1.0558465539047888, 
                1.080777154861057, 
                1.0404400095712159, 
                1.0248648193054688, 
                1.0180010478488386, 
                1.0176687650996603
            ], 
            "p99_lats": [
                48.398379139999996, 
                96.83332464, 
                146.71833834, 
                194.8284177, 
                243.93976265, 
                291.17331714, 
                339.42207188, 
                387.60314537, 
                435.77317249, 
                483.04394594999997, 
                528.8721044199999, 
                576.66998054, 
                625.18140328, 
                674.03843092, 
                722.9129954499999
            ], 
            "mean_lats": [
                24.902616580000004, 
                73.71948173999999, 
                122.94019473999998, 
                171.89006874000003, 
                220.44958447999997, 
                268.2309712, 
                316.50090714, 
                364.22550776, 
                412.54691726, 
                460.21531895999993, 
                507.14843118, 
                553.65004302, 
                601.6517186599999, 
                650.37307166, 
                699.6854240800001
            ]
        }
    ], 
    "node_configs": [
        {
            "model_image": "model-comp/nmt", 
            "name": "nmt", 
            "cpus_per_replica": 3, 
            "input_type": "strings", 
            "use_nvidia_docker": true, 
            "batch_size": 1, 
            "num_replicas": 1, 
            "slo": 500000, 
            "allocated_cpus": [
                6, 
                7, 
                8, 
                9, 
                10, 
                11, 
                12, 
                13, 
                14, 
                15
            ], 
            "gpus": [
                0
            ], 
            "input_size": 80
        }
    ], 
    "clipper_metrics": {
        "histograms": [
            {
                "internal:rpc_request_queueing_delay": {
                    "p99": "0", 
                    "min": "0", 
                    "max": "0", 
                    "p95": "0", 
                    "std_dev": "0", 
                    "size": "0", 
                    "p50": "0", 
                    "unit": "microseconds", 
                    "mean": "0"
                }
            }, 
            {
                "app:nmt:prediction_latency": {
                    "p99": "716947460.450000006065", 
                    "min": "1512809", 
                    "max": "723410573", 
                    "p95": "687894173.999999930558", 
                    "std_dev": "207915045.14700375589", 
                    "size": "750", 
                    "p50": "363970759", 
                    "unit": "microseconds", 
                    "mean": "363207144.597333333251"
                }
            }, 
            {
                "model:nmt:1:prediction_latency": {
                    "p99": "1037125.85000000000059", 
                    "min": "662190", 
                    "max": "1512512", 
                    "p95": "1034610.09999999999468", 
                    "std_dev": "135142.295430744625023", 
                    "size": "750", 
                    "p50": "1026899", 
                    "unit": "microseconds", 
                    "mean": "969704.997333333333358"
                }
            }, 
            {
                "model:nmt:1:batch_size": {
                    "p99": "1", 
                    "min": "1", 
                    "max": "1", 
                    "p95": "1", 
                    "std_dev": "5.20417042793042128324e-18", 
                    "size": "750", 
                    "p50": "1", 
                    "unit": "queries", 
                    "mean": "1.0000000000000000052"
                }
            }
        ], 
        "meters": [
            {
                "internal:aggregate_model_throughput": {
                    "rate": "0.96545457303494964", 
                    "rate_1min": "1.0231031920022291", 
                    "rate_15min": "0.57114010286619643", 
                    "unit": "events per second", 
                    "rate_5min": "0.94042102905261205"
                }
            }, 
            {
                "app:nmt:prediction_throughput": {
                    "rate": "0", 
                    "rate_1min": "0", 
                    "rate_15min": "0", 
                    "unit": "events per second", 
                    "rate_5min": "0"
                }
            }, 
            {
                "model:nmt:1:prediction_throughput": {
                    "rate": "0.99040680872512588", 
                    "rate_1min": "1.0277876434473887", 
                    "rate_15min": "0.5713623541875954", 
                    "unit": "events per second", 
                    "rate_5min": "0.94149042257296012"
                }
            }
        ], 
        "ratio_counters": [
            {
                "app:nmt:default_prediction_ratio": {
                    "ratio": "0"
                }
            }, 
            {
                "model:nmt:1:cache_hit_ratio": {
                    "ratio": "0"
                }
            }
        ], 
        "counters": [
            {
                "internal:aggregate_num_predictions": {
                    "count": "5000"
                }
            }, 
            {
                "app:nmt:num_predictions": {
                    "count": "750"
                }
            }, 
            {
                "model:nmt:1:num_predictions": {
                    "count": "750"
                }
            }
        ]
    }
}