{
    "client_metrics": [
        {
            "thrus": [
                13.27666851212359, 
                20.088162929464836, 
                20.28818967671987, 
                20.030911702939978, 
                19.97286885494744, 
                19.95088889190369, 
                20.07633020744872, 
                19.877941488086556, 
                19.914614100582344, 
                19.878202278996135, 
                20.111619488159285, 
                19.819217029939704, 
                19.74053826130866, 
                19.602131614200253, 
                19.832541948801104
            ], 
            "p99_lats": [
                3.54965856, 
                5.78070018, 
                7.9868538000000004, 
                10.22359875, 
                12.468563149999998, 
                14.71624258, 
                16.94833081, 
                19.20529711, 
                21.45701976, 
                23.71392719, 
                25.94227579, 
                28.206592620000002, 
                30.480949929999998, 
                32.77261472, 
                35.03585413
            ], 
            "mean_lats": [
                2.5777387400000005, 
                4.824436099999999, 
                7.045900119999999, 
                9.26539344, 
                11.506170480000002, 
                13.751332380000001, 
                15.994899539999999, 
                18.236915080000003, 
                20.493566100000002, 
                22.74732838, 
                24.993159120000005, 
                27.236124459999996, 
                29.502106959999995, 
                31.789905240000003, 
                34.06254954
            ]
        }
    ], 
    "node_configs": [
        {
            "model_image": "model-comp/nmt", 
            "name": "nmt", 
            "cpus_per_replica": 2, 
            "input_type": "strings", 
            "use_nvidia_docker": true, 
            "batch_size": 10, 
            "num_replicas": 1, 
            "slo": 500000, 
            "allocated_cpus": [
                6, 
                7, 
                8, 
                9, 
                10, 
                11
            ], 
            "gpus": [
                0
            ], 
            "input_size": 10
        }
    ], 
    "clipper_metrics": {
        "histograms": [
            {
                "internal:rpc_request_queueing_delay": {
                    "p99": "0", 
                    "min": "0", 
                    "max": "0", 
                    "p95": "0", 
                    "std_dev": "0", 
                    "size": "0", 
                    "p50": "0", 
                    "unit": "microseconds", 
                    "mean": "0"
                }
            }, 
            {
                "app:nmt:prediction_latency": {
                    "p99": "35002609.7600000000857", 
                    "min": "1147581", 
                    "max": "35036081", 
                    "p95": "33638079.5999999998712", 
                    "std_dev": "9744793.49972920935215", 
                    "size": "751", 
                    "p50": "18277534", 
                    "unit": "microseconds", 
                    "mean": "18288570.8575233022584"
                }
            }, 
            {
                "model:nmt:1:prediction_latency": {
                    "p99": "1147278", 
                    "min": "473605", 
                    "max": "1147278", 
                    "p95": "515448.099999999903503", 
                    "std_dev": "74427.5905797723286881", 
                    "size": "76", 
                    "p50": "502262.5", 
                    "unit": "microseconds", 
                    "mean": "511307.671052631578988"
                }
            }, 
            {
                "model:nmt:1:batch_size": {
                    "p99": "10", 
                    "min": "1", 
                    "max": "10", 
                    "p95": "10", 
                    "std_dev": "1.02555639921841418565", 
                    "size": "76", 
                    "p50": "10", 
                    "unit": "queries", 
                    "mean": "9.88157894736842104966"
                }
            }
        ], 
        "meters": [
            {
                "internal:aggregate_model_throughput": {
                    "rate": "11.523668148984795", 
                    "rate_1min": "9.1550305522539404", 
                    "rate_15min": "0.80624307032672782", 
                    "unit": "events per second", 
                    "rate_5min": "2.3203744736057978"
                }
            }, 
            {
                "app:nmt:prediction_throughput": {
                    "rate": "0", 
                    "rate_1min": "0", 
                    "rate_15min": "0", 
                    "unit": "events per second", 
                    "rate_5min": "0"
                }
            }, 
            {
                "model:nmt:1:prediction_throughput": {
                    "rate": "17.096393976678605", 
                    "rate_1min": "8.5580231037320544", 
                    "rate_15min": "0.73176903412458028", 
                    "unit": "events per second", 
                    "rate_5min": "2.1156218273614962"
                }
            }
        ], 
        "ratio_counters": [
            {
                "app:nmt:default_prediction_ratio": {
                    "ratio": "0"
                }
            }, 
            {
                "model:nmt:1:cache_hit_ratio": {
                    "ratio": "0"
                }
            }
        ], 
        "counters": [
            {
                "internal:aggregate_num_predictions": {
                    "count": "5000"
                }
            }, 
            {
                "app:nmt:num_predictions": {
                    "count": "751"
                }
            }, 
            {
                "model:nmt:1:num_predictions": {
                    "count": "751"
                }
            }
        ]
    }
}