{
    "client_metrics": [
        {
            "thrus": [
                8.609781952106193, 
                10.211473489074642, 
                10.068820387347522, 
                10.283266985694741, 
                10.208302453218414, 
                10.565398868107689, 
                9.992062305704348, 
                10.198684655242642, 
                10.186639610951861, 
                9.974415623924633, 
                10.244213863125829, 
                10.00362131091455, 
                10.272608315922973, 
                9.932782871750291, 
                10.262746844718482
            ], 
            "p99_lats": [
                5.5909427, 
                10.22940075, 
                14.935867909999999, 
                19.53759496, 
                24.16091451, 
                28.63469066, 
                33.37920506, 
                38.0228834, 
                42.6709162, 
                47.42468632, 
                52.04622381, 
                56.78556675, 
                61.39385455, 
                66.16771707999999, 
                70.78095099000001
            ], 
            "mean_lats": [
                3.5921794400000007, 
                8.28858084, 
                12.93449564, 
                17.58524882, 
                22.193098120000005, 
                26.8246673, 
                31.367975560000005, 
                36.022355940000004, 
                40.69734254, 
                45.4105568, 
                50.06518718, 
                54.76370626, 
                59.45700156, 
                64.13957344, 
                68.85136936
            ]
        }
    ], 
    "node_configs": [
        {
            "model_image": "model-comp/nmt", 
            "name": "nmt", 
            "cpus_per_replica": 4, 
            "input_type": "strings", 
            "use_nvidia_docker": true, 
            "batch_size": 10, 
            "num_replicas": 1, 
            "slo": 500000, 
            "allocated_cpus": [
                6, 
                7, 
                8, 
                9, 
                10, 
                11, 
                12, 
                13, 
                14, 
                15
            ], 
            "gpus": [
                0
            ], 
            "input_size": 20
        }
    ], 
    "clipper_metrics": {
        "histograms": [
            {
                "internal:rpc_request_queueing_delay": {
                    "p99": "0", 
                    "min": "0", 
                    "max": "0", 
                    "p95": "0", 
                    "std_dev": "0", 
                    "size": "0", 
                    "p50": "0", 
                    "unit": "microseconds", 
                    "mean": "0"
                }
            }, 
            {
                "app:nmt:prediction_latency": {
                    "p99": "70748232.8800000000992", 
                    "min": "779781", 
                    "max": "70781436", 
                    "p95": "67999062.1999999998734", 
                    "std_dev": "20182784.9087732188455", 
                    "size": "751", 
                    "p50": "36098828", 
                    "unit": "microseconds", 
                    "mean": "36189964.5632490013195"
                }
            }, 
            {
                "model:nmt:1:prediction_latency": {
                    "p99": "1042827", 
                    "min": "775417", 
                    "max": "1042827", 
                    "p95": "1007834.6499999999844", 
                    "std_dev": "44847.9672446629260492", 
                    "size": "76", 
                    "p50": "998576", 
                    "unit": "microseconds", 
                    "mean": "981978.592105263157805"
                }
            }, 
            {
                "model:nmt:1:batch_size": {
                    "p99": "10", 
                    "min": "1", 
                    "max": "10", 
                    "p95": "10", 
                    "std_dev": "1.02555639921841418565", 
                    "size": "76", 
                    "p50": "10", 
                    "unit": "queries", 
                    "mean": "9.88157894736842104966"
                }
            }
        ], 
        "meters": [
            {
                "internal:aggregate_model_throughput": {
                    "rate": "7.4554287960586416", 
                    "rate_1min": "7.1224391411745023", 
                    "rate_15min": "0.79067726977286179", 
                    "unit": "events per second", 
                    "rate_5min": "2.1911854781132987"
                }
            }, 
            {
                "app:nmt:prediction_throughput": {
                    "rate": "0", 
                    "rate_1min": "0", 
                    "rate_15min": "0", 
                    "unit": "events per second", 
                    "rate_5min": "0"
                }
            }, 
            {
                "model:nmt:1:prediction_throughput": {
                    "rate": "9.3025442817830086", 
                    "rate_1min": "7.1224391411745023", 
                    "rate_15min": "0.79067726977286179", 
                    "unit": "events per second", 
                    "rate_5min": "2.1911854781132987"
                }
            }
        ], 
        "ratio_counters": [
            {
                "app:nmt:default_prediction_ratio": {
                    "ratio": "0"
                }
            }, 
            {
                "model:nmt:1:cache_hit_ratio": {
                    "ratio": "0"
                }
            }
        ], 
        "counters": [
            {
                "internal:aggregate_num_predictions": {
                    "count": "5000"
                }
            }, 
            {
                "app:nmt:num_predictions": {
                    "count": "751"
                }
            }, 
            {
                "model:nmt:1:num_predictions": {
                    "count": "751"
                }
            }
        ]
    }
}