{
    "client_metrics": [
        {
            "thrus": [
                11.399934792372989, 
                14.765094725465211, 
                13.811487013749336, 
                14.81408618124264, 
                14.026579245543966, 
                14.908137547247614, 
                13.873928169679251, 
                15.033597082760554, 
                14.3876363012725, 
                14.691208428287512, 
                13.898505882820585, 
                15.248295621756878, 
                13.557608719820086, 
                14.831170849748966, 
                13.724175904409467
            ], 
            "p99_lats": [
                4.002107099999999, 
                7.26795684, 
                10.49307379, 
                13.74550365, 
                16.915039710000002, 
                20.14759366, 
                23.356323349999997, 
                26.561069680000003, 
                29.66558835, 
                32.92274116, 
                36.126564280000004, 
                39.282991749999994, 
                42.57552029, 
                45.82486673, 
                49.07388372
            ], 
            "mean_lats": [
                2.4461307799999994, 
                5.69352034, 
                8.939301480000001, 
                12.177965419999996, 
                15.37851774, 
                18.594724139999997, 
                21.80513398, 
                25.00372672, 
                28.15231572, 
                31.34014584, 
                34.588916399999995, 
                37.78676118, 
                40.98907744, 
                44.25889344000001, 
                47.51545278
            ]
        }
    ], 
    "node_configs": [
        {
            "model_image": "model-comp/nmt", 
            "name": "nmt", 
            "cpus_per_replica": 2, 
            "input_type": "strings", 
            "use_nvidia_docker": true, 
            "batch_size": 4, 
            "num_replicas": 1, 
            "slo": 500000, 
            "allocated_cpus": [
                6, 
                7, 
                8, 
                9, 
                10, 
                11, 
                12, 
                13, 
                14, 
                15
            ], 
            "gpus": [
                0
            ], 
            "input_size": 10
        }
    ], 
    "clipper_metrics": {
        "histograms": [
            {
                "internal:rpc_request_queueing_delay": {
                    "p99": "0", 
                    "min": "0", 
                    "max": "0", 
                    "p95": "0", 
                    "std_dev": "0", 
                    "size": "0", 
                    "p50": "0", 
                    "unit": "microseconds", 
                    "mean": "0"
                }
            }, 
            {
                "app:nmt:prediction_latency": {
                    "p99": "49449497.0399999999754", 
                    "min": "680343", 
                    "max": "49727501", 
                    "p95": "47387204.3999999998996", 
                    "std_dev": "14109548.5458871783012", 
                    "size": "761", 
                    "p50": "25245797", 
                    "unit": "microseconds", 
                    "mean": "25330497.1826544021005"
                }
            }, 
            {
                "model:nmt:1:prediction_latency": {
                    "p99": "359340.439999994450773", 
                    "min": "206617", 
                    "max": "680046", 
                    "p95": "286489.199999999999363", 
                    "std_dev": "32523.3616152874198981", 
                    "size": "191", 
                    "p50": "282837", 
                    "unit": "microseconds", 
                    "mean": "280785.759162303664908"
                }
            }, 
            {
                "model:nmt:1:batch_size": {
                    "p99": "4", 
                    "min": "1", 
                    "max": "4", 
                    "p95": "4", 
                    "std_dev": "0.216503383540684111902", 
                    "size": "191", 
                    "p50": "4", 
                    "unit": "queries", 
                    "mean": "3.98429319371727748336"
                }
            }
        ], 
        "meters": [
            {
                "internal:aggregate_model_throughput": {
                    "rate": "9.573113002623499", 
                    "rate_1min": "7.9472937123779843", 
                    "rate_15min": "0.7538209595022427", 
                    "unit": "events per second", 
                    "rate_5min": "2.1441783510290886"
                }
            }, 
            {
                "app:nmt:prediction_throughput": {
                    "rate": "0", 
                    "rate_1min": "0", 
                    "rate_15min": "0", 
                    "unit": "events per second", 
                    "rate_5min": "0"
                }
            }, 
            {
                "model:nmt:1:prediction_throughput": {
                    "rate": "12.846846930494085", 
                    "rate_1min": "7.977508387765134", 
                    "rate_15min": "0.75803692397740152", 
                    "unit": "events per second", 
                    "rate_5min": "2.1555593522566441"
                }
            }
        ], 
        "ratio_counters": [
            {
                "app:nmt:default_prediction_ratio": {
                    "ratio": "0"
                }
            }, 
            {
                "model:nmt:1:cache_hit_ratio": {
                    "ratio": "0"
                }
            }
        ], 
        "counters": [
            {
                "internal:aggregate_num_predictions": {
                    "count": "5000"
                }
            }, 
            {
                "app:nmt:num_predictions": {
                    "count": "761"
                }
            }, 
            {
                "model:nmt:1:num_predictions": {
                    "count": "761"
                }
            }
        ]
    }
}