{
    "client_metrics": [
        {
            "thrus": [
                3.2245833983355605, 
                3.5603114987736504, 
                3.560587345943177, 
                3.644393759835763, 
                3.722105240590183, 
                3.5835291254196493, 
                3.6847841114467377, 
                3.566057833612734, 
                3.7293016300926594, 
                3.5204132570877538, 
                3.6178073106624162, 
                3.7371570728612586, 
                3.5895094432814436, 
                3.5266656124287596, 
                3.5472857446504804
            ], 
            "p99_lats": [
                15.094857999999999, 
                28.90328317, 
                42.643668649999995, 
                56.10623804, 
                69.28295754000001, 
                82.97640727999999, 
                96.33568971, 
                110.09107472, 
                123.23424329, 
                137.15837950000002, 
                150.70597585999997, 
                163.87610653, 
                177.49865401, 
                191.43957666, 
                205.25578732
            ], 
            "mean_lats": [
                8.0981333, 
                22.297146479999995, 
                36.055151699999996, 
                49.64403292, 
                62.92093802, 
                76.35362724000001, 
                90.01790439999999, 
                103.46611117999998, 
                116.84643262000002, 
                130.31563147999998, 
                144.20129542, 
                157.59643602, 
                170.91939772, 
                184.80173602000002, 
                198.72663064000005
            ]
        }
    ], 
    "node_configs": [
        {
            "model_image": "model-comp/nmt", 
            "name": "nmt", 
            "cpus_per_replica": 1, 
            "input_type": "strings", 
            "use_nvidia_docker": true, 
            "batch_size": 1, 
            "num_replicas": 1, 
            "slo": 500000, 
            "allocated_cpus": [
                6, 
                7, 
                8, 
                9, 
                10, 
                11, 
                12, 
                13, 
                14, 
                15
            ], 
            "gpus": [
                0
            ], 
            "input_size": 10
        }
    ], 
    "clipper_metrics": {
        "histograms": [
            {
                "internal:rpc_request_queueing_delay": {
                    "p99": "0", 
                    "min": "0", 
                    "max": "0", 
                    "p95": "0", 
                    "std_dev": "0", 
                    "size": "0", 
                    "p50": "0", 
                    "unit": "microseconds", 
                    "mean": "0"
                }
            }, 
            {
                "app:nmt:prediction_latency": {
                    "p99": "204150094.670000006328", 
                    "min": "743035", 
                    "max": "205986078", 
                    "p95": "196143606.550000005242", 
                    "std_dev": "58836572.2039867249114", 
                    "size": "752", 
                    "p50": "103590522", 
                    "unit": "microseconds", 
                    "mean": "103754712.889627659555"
                }
            }, 
            {
                "model:nmt:1:prediction_latency": {
                    "p99": "337174.26000000002341", 
                    "min": "179420", 
                    "max": "742736", 
                    "p95": "323075.200000000002092", 
                    "std_dev": "45302.4177134673917102", 
                    "size": "752", 
                    "p50": "279278", 
                    "unit": "microseconds", 
                    "mean": "279079.406914893616886"
                }
            }, 
            {
                "model:nmt:1:batch_size": {
                    "p99": "1", 
                    "min": "1", 
                    "max": "1", 
                    "p95": "1", 
                    "std_dev": "6.83047368665867793425e-18", 
                    "size": "752", 
                    "p50": "1", 
                    "unit": "queries", 
                    "mean": "1.00000000000000000683"
                }
            }
        ], 
        "meters": [
            {
                "internal:aggregate_model_throughput": {
                    "rate": "3.1907353401335965", 
                    "rate_1min": "3.4846046152660373", 
                    "rate_15min": "0.74403500976388415", 
                    "unit": "events per second", 
                    "rate_5min": "1.8029856965009081"
                }
            }, 
            {
                "app:nmt:prediction_throughput": {
                    "rate": "0", 
                    "rate_1min": "0", 
                    "rate_15min": "0", 
                    "unit": "events per second", 
                    "rate_5min": "0"
                }
            }, 
            {
                "model:nmt:1:prediction_throughput": {
                    "rate": "3.4982664880044907", 
                    "rate_1min": "3.4682017261401628", 
                    "rate_15min": "0.72980420450981542", 
                    "unit": "events per second", 
                    "rate_5min": "1.775476730687209"
                }
            }
        ], 
        "ratio_counters": [
            {
                "app:nmt:default_prediction_ratio": {
                    "ratio": "0"
                }
            }, 
            {
                "model:nmt:1:cache_hit_ratio": {
                    "ratio": "0"
                }
            }
        ], 
        "counters": [
            {
                "internal:aggregate_num_predictions": {
                    "count": "5000"
                }
            }, 
            {
                "app:nmt:num_predictions": {
                    "count": "752"
                }
            }, 
            {
                "model:nmt:1:num_predictions": {
                    "count": "752"
                }
            }
        ]
    }
}