{
    "client_metrics": [
        {
            "thrus": [
                9.144012528028684, 
                11.591477389432375, 
                10.811222221645624, 
                11.610186591952795, 
                10.993645233309339, 
                11.717815321137273, 
                10.87672967193608, 
                11.799844430851023, 
                11.276850745467494, 
                11.545392326285718, 
                10.9187708957978, 
                12.025202901248553, 
                10.653893358789034, 
                11.635992638605618, 
                10.798762893722895
            ], 
            "p99_lats": [
                5.043975179999999, 
                9.25362955, 
                13.44452619, 
                17.668312290000003, 
                21.78375776, 
                25.96605359, 
                30.1298878, 
                34.28401283, 
                38.31668119, 
                42.532084530000006, 
                46.678540139999996, 
                50.7521479, 
                55.01247134, 
                59.22581367, 
                63.42196203
            ], 
            "mean_lats": [
                3.0303875199999997, 
                7.219952440000001, 
                11.425573, 
                15.631925160000002, 
                19.7912878, 
                23.95980754, 
                28.11829796, 
                32.27144112, 
                36.35464062, 
                40.4853818, 
                44.689825580000004, 
                48.82330858, 
                52.9589388, 
                57.199685499999994, 
                61.409486040000004
            ]
        }
    ], 
    "node_configs": [
        {
            "model_image": "model-comp/nmt", 
            "name": "nmt", 
            "cpus_per_replica": 1, 
            "input_type": "strings", 
            "use_nvidia_docker": true, 
            "batch_size": 4, 
            "num_replicas": 1, 
            "slo": 500000, 
            "allocated_cpus": [
                6, 
                7, 
                8, 
                9, 
                10, 
                11, 
                12, 
                13, 
                14, 
                15
            ], 
            "gpus": [
                0
            ], 
            "input_size": 10
        }
    ], 
    "clipper_metrics": {
        "histograms": [
            {
                "internal:rpc_request_queueing_delay": {
                    "p99": "0", 
                    "min": "0", 
                    "max": "0", 
                    "p95": "0", 
                    "std_dev": "0", 
                    "size": "0", 
                    "p50": "0", 
                    "unit": "microseconds", 
                    "mean": "0"
                }
            }, 
            {
                "app:nmt:prediction_latency": {
                    "p99": "63574734.339999999771", 
                    "min": "754137", 
                    "max": "63926848", 
                    "p95": "60907333.0000000001273", 
                    "std_dev": "18185419.4290273590505", 
                    "size": "757", 
                    "p50": "32573872", 
                    "unit": "microseconds", 
                    "mean": "32514674.4425363276005"
                }
            }, 
            {
                "model:nmt:1:prediction_latency": {
                    "p99": "445343.430000001157168", 
                    "min": "263963", 
                    "max": "753858", 
                    "p95": "362394.849999999996896", 
                    "std_dev": "34225.7392649307858719", 
                    "size": "190", 
                    "p50": "360688", 
                    "unit": "microseconds", 
                    "mean": "357016.105263157894854"
                }
            }, 
            {
                "model:nmt:1:batch_size": {
                    "p99": "4", 
                    "min": "1", 
                    "max": "4", 
                    "p95": "4", 
                    "std_dev": "0.217069375024224000596", 
                    "size": "190", 
                    "p50": "4", 
                    "unit": "queries", 
                    "mean": "3.9842105263157894684"
                }
            }
        ], 
        "meters": [
            {
                "internal:aggregate_model_throughput": {
                    "rate": "8.0912331969296076", 
                    "rate_1min": "7.3774442311438673", 
                    "rate_15min": "0.7692496937733706", 
                    "unit": "events per second", 
                    "rate_5min": "2.1543144933727785"
                }
            }, 
            {
                "app:nmt:prediction_throughput": {
                    "rate": "0", 
                    "rate_1min": "0", 
                    "rate_15min": "0", 
                    "unit": "events per second", 
                    "rate_5min": "0"
                }
            }, 
            {
                "model:nmt:1:prediction_throughput": {
                    "rate": "10.387194973398969", 
                    "rate_1min": "7.4271324344934984", 
                    "rate_15min": "0.77756574240335352", 
                    "unit": "events per second", 
                    "rate_5min": "2.1761576527353932"
                }
            }
        ], 
        "ratio_counters": [
            {
                "app:nmt:default_prediction_ratio": {
                    "ratio": "0"
                }
            }, 
            {
                "model:nmt:1:cache_hit_ratio": {
                    "ratio": "0"
                }
            }
        ], 
        "counters": [
            {
                "internal:aggregate_num_predictions": {
                    "count": "5000"
                }
            }, 
            {
                "app:nmt:num_predictions": {
                    "count": "757"
                }
            }, 
            {
                "model:nmt:1:num_predictions": {
                    "count": "757"
                }
            }
        ]
    }
}