{
    "client_metrics": [
        {
            "thrus": [
                11.777988682295117, 
                15.34880308498663, 
                14.345922071229799, 
                15.376960024209485, 
                14.523463381265604, 
                15.448329046936967, 
                14.33017056915425, 
                15.599412089357177, 
                14.907750837815598, 
                15.24258730115664, 
                14.432696870644934, 
                15.883105426653566, 
                14.067040137204282, 
                15.345943606726435, 
                14.251372549690261
            ], 
            "p99_lats": [
                3.8651580199999995, 
                6.99707531, 
                10.092335339999998, 
                13.21794088, 
                16.27005736, 
                19.38105471, 
                22.48018605, 
                25.558665910000002, 
                28.54738328, 
                31.67664673, 
                34.752985269999996, 
                37.7716908, 
                40.93644232, 
                44.067792530000006, 
                47.185258239999996
            ], 
            "mean_lats": [
                2.3797642199999998, 
                5.4871783800000005, 
                8.60043834, 
                11.712719039999998, 
                14.7912194, 
                17.886955740000005, 
                20.981646660000003, 
                24.06225052, 
                27.0923128, 
                30.15498866, 
                33.28084502, 
                36.342698459999994, 
                39.40916444, 
                42.55833543999999, 
                45.689116799999994
            ]
        }
    ], 
    "node_configs": [
        {
            "model_image": "model-comp/nmt", 
            "name": "nmt", 
            "cpus_per_replica": 5, 
            "input_type": "strings", 
            "use_nvidia_docker": true, 
            "batch_size": 4, 
            "num_replicas": 1, 
            "slo": 500000, 
            "allocated_cpus": [
                6, 
                7, 
                8, 
                9, 
                10, 
                11, 
                12, 
                13, 
                14, 
                15
            ], 
            "gpus": [
                0
            ], 
            "input_size": 10
        }
    ], 
    "clipper_metrics": {
        "histograms": [
            {
                "internal:rpc_request_queueing_delay": {
                    "p99": "0", 
                    "min": "0", 
                    "max": "0", 
                    "p95": "0", 
                    "std_dev": "0", 
                    "size": "0", 
                    "p50": "0", 
                    "unit": "microseconds", 
                    "mean": "0"
                }
            }, 
            {
                "app:nmt:prediction_latency": {
                    "p99": "47546141.019999999975", 
                    "min": "673752", 
                    "max": "47812220", 
                    "p95": "45570011.9999999998981", 
                    "std_dev": "13563744.5348222861339", 
                    "size": "761", 
                    "p50": "24292689", 
                    "unit": "microseconds", 
                    "mean": "24367258.9132720105099"
                }
            }, 
            {
                "model:nmt:1:prediction_latency": {
                    "p99": "358485.239999994551908", 
                    "min": "198563", 
                    "max": "673473", 
                    "p95": "276524.399999999998386", 
                    "std_dev": "32628.3333865531270792", 
                    "size": "191", 
                    "p50": "272564", 
                    "unit": "microseconds", 
                    "mean": "270760.664921465968547"
                }
            }, 
            {
                "model:nmt:1:batch_size": {
                    "p99": "4", 
                    "min": "1", 
                    "max": "4", 
                    "p95": "4", 
                    "std_dev": "0.216503383540684111902", 
                    "size": "191", 
                    "p50": "4", 
                    "unit": "queries", 
                    "mean": "3.98429319371727748336"
                }
            }
        ], 
        "meters": [
            {
                "internal:aggregate_model_throughput": {
                    "rate": "9.8150796433094296", 
                    "rate_1min": "8.2836602976451186", 
                    "rate_15min": "0.784192938872595", 
                    "unit": "events per second", 
                    "rate_5min": "2.2311003831017833"
                }
            }, 
            {
                "app:nmt:prediction_throughput": {
                    "rate": "0", 
                    "rate_1min": "0", 
                    "rate_15min": "0", 
                    "unit": "events per second", 
                    "rate_5min": "0"
                }
            }, 
            {
                "model:nmt:1:prediction_throughput": {
                    "rate": "13.25682190219298", 
                    "rate_1min": "8.2608414366642098", 
                    "rate_15min": "0.78404870033735974", 
                    "unit": "events per second", 
                    "rate_5min": "2.2298690563713794"
                }
            }
        ], 
        "ratio_counters": [
            {
                "app:nmt:default_prediction_ratio": {
                    "ratio": "0"
                }
            }, 
            {
                "model:nmt:1:cache_hit_ratio": {
                    "ratio": "0"
                }
            }
        ], 
        "counters": [
            {
                "internal:aggregate_num_predictions": {
                    "count": "5000"
                }
            }, 
            {
                "app:nmt:num_predictions": {
                    "count": "761"
                }
            }, 
            {
                "model:nmt:1:num_predictions": {
                    "count": "761"
                }
            }
        ]
    }
}