{
    "client_metrics": [
        {
            "thrus": [
                9.06259425098021, 
                14.309959445574933, 
                14.310471401238427, 
                10.783829087524145, 
                14.378542153859604, 
                14.431430501116994, 
                10.670759685528443, 
                14.16256471583947, 
                14.645564166170914, 
                10.879815896107333, 
                14.363932051706708, 
                14.108579060103393, 
                10.652204665495209, 
                14.090655331016267, 
                14.291704551593481
            ], 
            "p99_lats": [
                5.275545129999999, 
                8.5368851, 
                11.79688369, 
                16.106888480000002, 
                19.35065203, 
                22.58205951, 
                26.95793262, 
                30.25475246, 
                33.43537343, 
                37.72165523, 
                40.9689748, 
                44.27939814999999, 
                48.66272406, 
                51.97793738, 
                55.24262709999999
            ], 
            "mean_lats": [
                3.20022192, 
                6.810966619999999, 
                10.39339192, 
                14.038912139999997, 
                17.6305268, 
                21.206874539999998, 
                24.86974132, 
                28.50805582, 
                32.067337980000005, 
                35.72328202, 
                39.26570734, 
                42.85584636000001, 
                46.559228780000005, 
                50.22365814, 
                53.85494784
            ]
        }
    ], 
    "node_configs": [
        {
            "model_image": "model-comp/nmt", 
            "name": "nmt", 
            "cpus_per_replica": 4, 
            "input_type": "strings", 
            "use_nvidia_docker": true, 
            "batch_size": 15, 
            "num_replicas": 1, 
            "slo": 500000, 
            "allocated_cpus": [
                6, 
                7, 
                8, 
                9, 
                10, 
                11, 
                12, 
                13, 
                14, 
                15
            ], 
            "gpus": [
                0
            ], 
            "input_size": 20
        }
    ], 
    "clipper_metrics": {
        "histograms": [
            {
                "internal:rpc_request_queueing_delay": {
                    "p99": "0", 
                    "min": "0", 
                    "max": "0", 
                    "p95": "0", 
                    "std_dev": "0", 
                    "size": "0", 
                    "p50": "0", 
                    "unit": "microseconds", 
                    "mean": "0"
                }
            }, 
            {
                "app:nmt:prediction_latency": {
                    "p99": "55209971.4800000000832", 
                    "min": "789854", 
                    "max": "55243735", 
                    "p95": "53053849.1999999998989", 
                    "std_dev": "15678487.1033995256539", 
                    "size": "751", 
                    "p50": "28055265", 
                    "unit": "microseconds", 
                    "mean": "28513567.2862849534031"
                }
            }, 
            {
                "model:nmt:1:prediction_latency": {
                    "p99": "1226930", 
                    "min": "789560", 
                    "max": "1226930", 
                    "p95": "1187528.79999999999814", 
                    "std_dev": "58577.6696857592460219", 
                    "size": "51", 
                    "p50": "1171323", 
                    "unit": "microseconds", 
                    "mean": "1158063.56862745098033"
                }
            }, 
            {
                "model:nmt:1:batch_size": {
                    "p99": "15", 
                    "min": "1", 
                    "max": "15", 
                    "p95": "15", 
                    "std_dev": "1.94107743855130692823", 
                    "size": "51", 
                    "p50": "15", 
                    "unit": "queries", 
                    "mean": "14.7254901960784313764"
                }
            }
        ], 
        "meters": [
            {
                "internal:aggregate_model_throughput": {
                    "rate": "8.7715890589715464", 
                    "rate_1min": "8.0415229865015867", 
                    "rate_15min": "0.80818550423989044", 
                    "unit": "events per second", 
                    "rate_5min": "2.2768020619473393"
                }
            }, 
            {
                "app:nmt:prediction_throughput": {
                    "rate": "0", 
                    "rate_1min": "0", 
                    "rate_15min": "0", 
                    "unit": "events per second", 
                    "rate_5min": "0"
                }
            }, 
            {
                "model:nmt:1:prediction_throughput": {
                    "rate": "11.478848303764014", 
                    "rate_1min": "7.9978997886114458", 
                    "rate_15min": "0.80791480048213482", 
                    "unit": "events per second", 
                    "rate_5min": "2.2744864340226738"
                }
            }
        ], 
        "ratio_counters": [
            {
                "app:nmt:default_prediction_ratio": {
                    "ratio": "0"
                }
            }, 
            {
                "model:nmt:1:cache_hit_ratio": {
                    "ratio": "0"
                }
            }
        ], 
        "counters": [
            {
                "internal:aggregate_num_predictions": {
                    "count": "5000"
                }
            }, 
            {
                "app:nmt:num_predictions": {
                    "count": "751"
                }
            }, 
            {
                "model:nmt:1:num_predictions": {
                    "count": "751"
                }
            }
        ]
    }
}