{
    "client_metrics": [
        {
            "thrus": [
                12.753881962822435, 
                18.590788487393958, 
                18.574910571093053, 
                18.55730328237869, 
                15.881526354440092, 
                18.550576663226153, 
                18.485053724960146, 
                18.530364225427068, 
                15.861716288459903, 
                18.419259177395887, 
                18.46840075099905, 
                18.37444247347925, 
                15.79554249790709, 
                18.344160668431865, 
                18.350603698160462
            ], 
            "p99_lats": [
                3.4651096699999995, 
                6.105430779999999, 
                8.549368659999999, 
                10.99599377, 
                13.656800879999999, 
                16.302530949999998, 
                18.759598590000003, 
                21.210171430000003, 
                23.87645414, 
                26.539999509999998, 
                28.99985527, 
                31.47336729, 
                34.152235739999995, 
                36.828371989999994, 
                39.30475542
            ], 
            "mean_lats": [
                2.2131694200000003, 
                4.77053514, 
                7.3102189, 
                9.855798839999999, 
                12.408262759999998, 
                14.96743768, 
                17.517084920000002, 
                20.06561294, 
                22.626150440000007, 
                25.19414968, 
                27.755454320000002, 
                30.32231246, 
                32.8955737, 
                35.4747955, 
                38.05044996
            ]
        }
    ], 
    "node_configs": [
        {
            "model_image": "model-comp/nmt", 
            "name": "nmt", 
            "cpus_per_replica": 3, 
            "input_type": "strings", 
            "use_nvidia_docker": true, 
            "batch_size": 8, 
            "num_replicas": 1, 
            "slo": 500000, 
            "allocated_cpus": [
                6, 
                7, 
                8, 
                9, 
                10, 
                11, 
                12, 
                13, 
                14, 
                15
            ], 
            "gpus": [
                0
            ], 
            "input_size": 10
        }
    ], 
    "clipper_metrics": {
        "histograms": [
            {
                "internal:rpc_request_queueing_delay": {
                    "p99": "0", 
                    "min": "0", 
                    "max": "0", 
                    "p95": "0", 
                    "std_dev": "0", 
                    "size": "0", 
                    "p50": "0", 
                    "unit": "microseconds", 
                    "mean": "0"
                }
            }, 
            {
                "app:nmt:prediction_latency": {
                    "p99": "39681488.7199999999793", 
                    "min": "679791", 
                    "max": "39715156", 
                    "p95": "38039926.3999999998705", 
                    "std_dev": "11244133.6773488154004", 
                    "size": "761", 
                    "p50": "20369795", 
                    "unit": "microseconds", 
                    "mean": "20374811.7779237844898"
                }
            }, 
            {
                "model:nmt:1:prediction_latency": {
                    "p99": "679492", 
                    "min": "446618", 
                    "max": "679492", 
                    "p95": "456317.499999999978058", 
                    "std_dev": "24271.1759146043286801", 
                    "size": "96", 
                    "p50": "450679", 
                    "unit": "microseconds", 
                    "mean": "454106.156249999999972"
                }
            }, 
            {
                "model:nmt:1:batch_size": {
                    "p99": "8", 
                    "min": "1", 
                    "max": "8", 
                    "p95": "8", 
                    "std_dev": "0.71070375430898695098", 
                    "size": "96", 
                    "p50": "8", 
                    "unit": "queries", 
                    "mean": "7.92708333333333333868"
                }
            }
        ], 
        "meters": [
            {
                "internal:aggregate_model_throughput": {
                    "rate": "10.956268909281977", 
                    "rate_1min": "8.3586157820340841", 
                    "rate_15min": "0.7405815408037898", 
                    "unit": "events per second", 
                    "rate_5min": "2.1292907058967736"
                }
            }, 
            {
                "app:nmt:prediction_throughput": {
                    "rate": "0", 
                    "rate_1min": "0", 
                    "rate_15min": "0", 
                    "unit": "events per second", 
                    "rate_5min": "0"
                }
            }, 
            {
                "model:nmt:1:prediction_throughput": {
                    "rate": "15.365276848771916", 
                    "rate_1min": "8.3586157820340841", 
                    "rate_15min": "0.7405815408037898", 
                    "unit": "events per second", 
                    "rate_5min": "2.1292907058967736"
                }
            }
        ], 
        "ratio_counters": [
            {
                "app:nmt:default_prediction_ratio": {
                    "ratio": "0"
                }
            }, 
            {
                "model:nmt:1:cache_hit_ratio": {
                    "ratio": "0"
                }
            }
        ], 
        "counters": [
            {
                "internal:aggregate_num_predictions": {
                    "count": "5000"
                }
            }, 
            {
                "app:nmt:num_predictions": {
                    "count": "761"
                }
            }, 
            {
                "model:nmt:1:num_predictions": {
                    "count": "761"
                }
            }
        ]
    }
}