{
    "client_metrics": [
        {
            "thrus": [
                12.522898119210977, 
                15.854870854149457, 
                15.815487664235931, 
                15.783132187835687, 
                15.779869557286291, 
                15.775692371474644, 
                15.751047759696975, 
                15.736527722568793, 
                15.69479770818286, 
                15.754402725385635, 
                15.702639739361304, 
                15.692556455541103, 
                15.700130028476897, 
                15.740426515189196, 
                15.701288636160948
            ], 
            "p99_lats": [
                3.8515864399999997, 
                6.74601441, 
                9.64939317, 
                12.55766237, 
                15.452842149999999, 
                18.36342682, 
                21.28023827, 
                24.199772590000002, 
                27.12455341, 
                30.04281565, 
                32.96886961999999, 
                35.896355799999995, 
                38.82468146, 
                41.74156868, 
                44.66757322
            ], 
            "mean_lats": [
                3.0108073800000006, 
                5.9067532400000005, 
                8.809200820000001, 
                11.7142707, 
                14.614083679999998, 
                17.52126744, 
                20.43830044, 
                23.352534480000003, 
                26.27651234, 
                29.19967358, 
                32.12181442, 
                35.0498623, 
                37.975744840000004, 
                40.89591614, 
                43.8215195
            ]
        }
    ], 
    "node_configs": [
        {
            "model_image": "model-comp/nmt", 
            "name": "nmt", 
            "cpus_per_replica": 3, 
            "input_type": "strings", 
            "use_nvidia_docker": true, 
            "batch_size": 25, 
            "num_replicas": 1, 
            "slo": 500000, 
            "allocated_cpus": [
                6, 
                7, 
                8, 
                9, 
                10, 
                11, 
                12, 
                13, 
                14, 
                15
            ], 
            "gpus": [
                0
            ], 
            "input_size": 20
        }
    ], 
    "clipper_metrics": {
        "histograms": [
            {
                "internal:rpc_request_queueing_delay": {
                    "p99": "0", 
                    "min": "0", 
                    "max": "0", 
                    "p95": "0", 
                    "std_dev": "0", 
                    "size": "0", 
                    "p50": "0", 
                    "unit": "microseconds", 
                    "mean": "0"
                }
            }, 
            {
                "app:nmt:prediction_latency": {
                    "p99": "44634345.0800000000818", 
                    "min": "788519", 
                    "max": "44668013", 
                    "p95": "43144768.9999999998981", 
                    "std_dev": "12638534.7368188768978", 
                    "size": "751", 
                    "p50": "22736854", 
                    "unit": "microseconds", 
                    "mean": "23404809.9254327563322"
                }
            }, 
            {
                "model:nmt:1:prediction_latency": {
                    "p99": "1620170", 
                    "min": "788225", 
                    "max": "1620170", 
                    "p95": "1605319.99999999996544", 
                    "std_dev": "141522.870608335687805", 
                    "size": "31", 
                    "p50": "1588925", 
                    "unit": "microseconds", 
                    "mean": "1562111.74193548387075"
                }
            }, 
            {
                "model:nmt:1:batch_size": {
                    "p99": "25", 
                    "min": "1", 
                    "max": "25", 
                    "p95": "25", 
                    "std_dev": "4.24043270326580216609", 
                    "size": "31", 
                    "p50": "25", 
                    "unit": "queries", 
                    "mean": "24.2258064516129032299"
                }
            }
        ], 
        "meters": [
            {
                "internal:aggregate_model_throughput": {
                    "rate": "10.073394132638246", 
                    "rate_1min": "8.0288063531732821", 
                    "rate_15min": "0.73336482908326406", 
                    "unit": "events per second", 
                    "rate_5min": "2.0985589064037438"
                }
            }, 
            {
                "app:nmt:prediction_throughput": {
                    "rate": "0", 
                    "rate_1min": "0", 
                    "rate_15min": "0", 
                    "unit": "events per second", 
                    "rate_5min": "0"
                }
            }, 
            {
                "model:nmt:1:prediction_throughput": {
                    "rate": "13.787532472301013", 
                    "rate_1min": "8.0288063531732821", 
                    "rate_15min": "0.73336482908326406", 
                    "unit": "events per second", 
                    "rate_5min": "2.0985589064037438"
                }
            }
        ], 
        "ratio_counters": [
            {
                "app:nmt:default_prediction_ratio": {
                    "ratio": "0"
                }
            }, 
            {
                "model:nmt:1:cache_hit_ratio": {
                    "ratio": "0"
                }
            }
        ], 
        "counters": [
            {
                "internal:aggregate_num_predictions": {
                    "count": "5000"
                }
            }, 
            {
                "app:nmt:num_predictions": {
                    "count": "751"
                }
            }, 
            {
                "model:nmt:1:num_predictions": {
                    "count": "751"
                }
            }
        ]
    }
}