{
    "client_metrics": [
        {
            "thrus": [
                2.8155031740575036, 
                3.3395335112503206, 
                3.079108391204662, 
                3.330015527862406, 
                3.075465022613279, 
                3.338652251523644, 
                3.0751818616425246, 
                3.333136456073328, 
                3.071069146657371, 
                3.332394264629561, 
                3.078137094193027, 
                3.3369566008104936, 
                3.076339613619128, 
                3.329230389800943, 
                3.0765203840703435
            ], 
            "p99_lats": [
                16.90033165, 
                32.21007499, 
                47.58035366, 
                62.9472788, 
                78.33595502, 
                93.66415241, 
                109.05296937, 
                124.40825817, 
                139.82040619999998, 
                155.17770937, 
                170.55169134, 
                185.88839197, 
                201.27364878999998, 
                216.64367783, 
                232.03044848
            ], 
            "mean_lats": [
                9.524691080000002, 
                24.858212440000003, 
                40.18403552, 
                55.5641654, 
                70.93338711999999, 
                86.29062494, 
                101.64879427999999, 
                117.03001096, 
                132.41359526, 
                147.78958284, 
                163.15821662, 
                178.51428326, 
                193.87782958, 
                209.25685376, 
                224.63405930000002
            ]
        }
    ], 
    "node_configs": [
        {
            "model_image": "model-comp/nmt", 
            "name": "nmt", 
            "cpus_per_replica": 5, 
            "input_type": "strings", 
            "use_nvidia_docker": true, 
            "batch_size": 4, 
            "num_replicas": 1, 
            "slo": 500000, 
            "allocated_cpus": [
                6, 
                7, 
                8, 
                9, 
                10, 
                11, 
                12, 
                13, 
                14, 
                15
            ], 
            "gpus": [
                0
            ], 
            "input_size": 80
        }
    ], 
    "clipper_metrics": {
        "histograms": [
            {
                "internal:rpc_request_queueing_delay": {
                    "p99": "0", 
                    "min": "0", 
                    "max": "0", 
                    "p95": "0", 
                    "std_dev": "0", 
                    "size": "0", 
                    "p50": "0", 
                    "unit": "microseconds", 
                    "mean": "0"
                }
            }, 
            {
                "app:nmt:prediction_latency": {
                    "p99": "231391230.180000000168", 
                    "min": "1555050", 
                    "max": "232628335", 
                    "p95": "221556535.399999999747", 
                    "std_dev": "66809006.2876679770889", 
                    "size": "753", 
                    "p50": "117040271", 
                    "unit": "microseconds", 
                    "mean": "117503870.018592297427"
                }
            }, 
            {
                "model:nmt:1:prediction_latency": {
                    "p99": "1290747.59999999833235", 
                    "min": "1239009", 
                    "max": "1554768", 
                    "p95": "1256664.5", 
                    "std_dev": "22497.422745976755456", 
                    "size": "189", 
                    "p50": "1249403", 
                    "unit": "microseconds", 
                    "mean": "1251328.16402116402139"
                }
            }, 
            {
                "model:nmt:1:batch_size": {
                    "p99": "4", 
                    "min": "1", 
                    "max": "4", 
                    "p95": "4", 
                    "std_dev": "0.217639828584160130104", 
                    "size": "189", 
                    "p50": "4", 
                    "unit": "queries", 
                    "mean": "3.98412698412698411963"
                }
            }
        ], 
        "meters": [
            {
                "internal:aggregate_model_throughput": {
                    "rate": "2.6268623184885671", 
                    "rate_1min": "3.1352584881661967", 
                    "rate_15min": "0.73280045722215092", 
                    "unit": "events per second", 
                    "rate_5min": "1.7333751964186936"
                }
            }, 
            {
                "app:nmt:prediction_throughput": {
                    "rate": "0", 
                    "rate_1min": "0", 
                    "rate_15min": "0", 
                    "unit": "events per second", 
                    "rate_5min": "0"
                }
            }, 
            {
                "model:nmt:1:prediction_throughput": {
                    "rate": "2.8250031749396571", 
                    "rate_1min": "3.1352584881661967", 
                    "rate_15min": "0.73280045722215092", 
                    "unit": "events per second", 
                    "rate_5min": "1.7333751964186936"
                }
            }
        ], 
        "ratio_counters": [
            {
                "app:nmt:default_prediction_ratio": {
                    "ratio": "0"
                }
            }, 
            {
                "model:nmt:1:cache_hit_ratio": {
                    "ratio": "0"
                }
            }
        ], 
        "counters": [
            {
                "internal:aggregate_num_predictions": {
                    "count": "5000"
                }
            }, 
            {
                "app:nmt:num_predictions": {
                    "count": "753"
                }
            }, 
            {
                "model:nmt:1:num_predictions": {
                    "count": "753"
                }
            }
        ]
    }
}