{
    "client_metrics": [
        {
            "thrus": [
                4.711379923604032, 
                5.734338861121309, 
                5.174985403953668, 
                5.635783437582177, 
                5.290902272379035, 
                5.680229008656896, 
                5.27543076793707, 
                5.696426278616994, 
                5.265671005509366, 
                5.729914957748179, 
                5.25139532199403, 
                5.591710311829554, 
                5.176653293645658, 
                5.6143036287265495, 
                5.166629484156479
            ], 
            "p99_lats": [
                9.99812129, 
                18.82568461, 
                27.888485919999997, 
                36.84276685, 
                45.68168025999999, 
                54.57851723, 
                63.43789666, 
                72.31710269999999, 
                81.20094377999999, 
                90.02204171, 
                98.92998315, 
                107.96804104, 
                117.02115173, 
                126.01591984000001, 
                135.08582544
            ], 
            "mean_lats": [
                5.7123701, 
                14.60210532, 
                23.47134216, 
                32.50120192, 
                41.431601719999996, 
                50.29314587999999, 
                59.178126780000014, 
                68.01062506, 
                76.92943558, 
                85.79975866000001, 
                94.64455636000001, 
                103.5679507, 
                112.61420786000001, 
                121.67487213999999, 
                130.74930176
            ]
        }
    ], 
    "node_configs": [
        {
            "model_image": "model-comp/nmt", 
            "name": "nmt", 
            "cpus_per_replica": 4, 
            "input_type": "strings", 
            "use_nvidia_docker": true, 
            "batch_size": 4, 
            "num_replicas": 1, 
            "slo": 500000, 
            "allocated_cpus": [
                6, 
                7, 
                8, 
                9, 
                10, 
                11, 
                12, 
                13, 
                14, 
                15
            ], 
            "gpus": [
                0
            ], 
            "input_size": 40
        }
    ], 
    "clipper_metrics": {
        "histograms": [
            {
                "internal:rpc_request_queueing_delay": {
                    "p99": "0", 
                    "min": "0", 
                    "max": "0", 
                    "p95": "0", 
                    "std_dev": "0", 
                    "size": "0", 
                    "p50": "0", 
                    "unit": "microseconds", 
                    "mean": "0"
                }
            }, 
            {
                "app:nmt:prediction_latency": {
                    "p99": "135412802.079999999769", 
                    "min": "1149074", 
                    "max": "136144672", 
                    "p95": "129613001.900000000125", 
                    "std_dev": "38967094.1085661676807", 
                    "size": "757", 
                    "p50": "68681424", 
                    "unit": "microseconds", 
                    "mean": "68703431.7767503302675"
                }
            }, 
            {
                "model:nmt:1:prediction_latency": {
                    "p99": "903180.770000000920845", 
                    "min": "673465", 
                    "max": "1148747", 
                    "p95": "765190.599999999997863", 
                    "std_dev": "40239.5153193097492235", 
                    "size": "190", 
                    "p50": "737916", 
                    "unit": "microseconds", 
                    "mean": "736980.842105263157862"
                }
            }, 
            {
                "model:nmt:1:batch_size": {
                    "p99": "4", 
                    "min": "1", 
                    "max": "4", 
                    "p95": "4", 
                    "std_dev": "0.217069375024224000596", 
                    "size": "190", 
                    "p50": "4", 
                    "unit": "queries", 
                    "mean": "3.9842105263157894684"
                }
            }
        ], 
        "meters": [
            {
                "internal:aggregate_model_throughput": {
                    "rate": "4.5642293854590115", 
                    "rate_1min": "4.8472469571157655", 
                    "rate_15min": "0.77124728450098612", 
                    "unit": "events per second", 
                    "rate_5min": "1.9987090122414244"
                }
            }, 
            {
                "app:nmt:prediction_throughput": {
                    "rate": "0", 
                    "rate_1min": "0", 
                    "rate_15min": "0", 
                    "unit": "events per second", 
                    "rate_5min": "0"
                }
            }, 
            {
                "model:nmt:1:prediction_throughput": {
                    "rate": "5.1883301473879166", 
                    "rate_1min": "4.8569462612882308", 
                    "rate_15min": "0.771318300944978", 
                    "unit": "events per second", 
                    "rate_5min": "1.9992980335069204"
                }
            }
        ], 
        "ratio_counters": [
            {
                "app:nmt:default_prediction_ratio": {
                    "ratio": "0"
                }
            }, 
            {
                "model:nmt:1:cache_hit_ratio": {
                    "ratio": "0"
                }
            }
        ], 
        "counters": [
            {
                "internal:aggregate_num_predictions": {
                    "count": "5000"
                }
            }, 
            {
                "app:nmt:num_predictions": {
                    "count": "757"
                }
            }, 
            {
                "model:nmt:1:num_predictions": {
                    "count": "757"
                }
            }
        ]
    }
}