{
    "client_metrics": [
        {
            "thrus": [
                14.270677069419424, 
                20.492811121858452, 
                20.33603260272747, 
                18.14874127590007, 
                20.34477889904636, 
                20.308716866836146, 
                18.21196394905312, 
                20.58852716676748, 
                20.306514654805497, 
                18.060543275590163, 
                20.457319281064336, 
                20.826929052649643, 
                18.104659415147083, 
                20.32445967423956, 
                20.455871366934968
            ], 
            "p99_lats": [
                3.1135696799999995, 
                5.43945233, 
                7.64914281, 
                9.99414368, 
                12.33594233, 
                14.55012396, 
                16.88206072, 
                19.197615, 
                21.41215729, 
                23.76986711, 
                26.09889274, 
                28.25176887, 
                30.60193774, 
                32.94634214, 
                35.14298058999999
            ], 
            "mean_lats": [
                1.99087424, 
                4.2883868000000005, 
                6.5777057, 
                8.878091580000001, 
                11.177132480000001, 
                13.47597868, 
                15.764783560000001, 
                18.04956238, 
                20.33943326, 
                22.64788106, 
                24.946383700000002, 
                27.231062920000003, 
                29.483571479999995, 
                31.78680738, 
                34.07511858
            ]
        }
    ], 
    "node_configs": [
        {
            "model_image": "model-comp/nmt", 
            "name": "nmt", 
            "cpus_per_replica": 2, 
            "input_type": "strings", 
            "use_nvidia_docker": true, 
            "batch_size": 6, 
            "num_replicas": 1, 
            "slo": 500000, 
            "allocated_cpus": [
                6, 
                7, 
                8, 
                9, 
                10, 
                11, 
                12, 
                13, 
                14, 
                15
            ], 
            "gpus": [
                0
            ], 
            "input_size": 10
        }
    ], 
    "clipper_metrics": {
        "histograms": [
            {
                "internal:rpc_request_queueing_delay": {
                    "p99": "0", 
                    "min": "0", 
                    "max": "0", 
                    "p95": "0", 
                    "std_dev": "0", 
                    "size": "0", 
                    "p50": "0", 
                    "unit": "microseconds", 
                    "mean": "0"
                }
            }, 
            {
                "app:nmt:prediction_latency": {
                    "p99": "35415622.0000000000764", 
                    "min": "680111", 
                    "max": "35694792", 
                    "p95": "34029707.1999999997461", 
                    "std_dev": "10096376.9550945304436", 
                    "size": "763", 
                    "p50": "18356638", 
                    "unit": "microseconds", 
                    "mean": "18343170.6828309305383"
                }
            }, 
            {
                "model:nmt:1:prediction_latency": {
                    "p99": "584990.469999997963896", 
                    "min": "251646", 
                    "max": "679837", 
                    "p95": "309907.999999999999147", 
                    "std_dev": "33710.6487342462787318", 
                    "size": "128", 
                    "p50": "306953", 
                    "unit": "microseconds", 
                    "mean": "309331.796875"
                }
            }, 
            {
                "model:nmt:1:batch_size": {
                    "p99": "6", 
                    "min": "1", 
                    "max": "6", 
                    "p95": "6", 
                    "std_dev": "0.44021201834315019073", 
                    "size": "128", 
                    "p50": "6", 
                    "unit": "queries", 
                    "mean": "5.9609375"
                }
            }
        ], 
        "meters": [
            {
                "internal:aggregate_model_throughput": {
                    "rate": "11.654826681500118", 
                    "rate_1min": "9.3047999709116809", 
                    "rate_15min": "0.82332083074283613", 
                    "unit": "events per second", 
                    "rate_5min": "2.367683380921938"
                }
            }, 
            {
                "app:nmt:prediction_throughput": {
                    "rate": "0", 
                    "rate_1min": "0", 
                    "rate_15min": "0", 
                    "unit": "events per second", 
                    "rate_5min": "0"
                }
            }, 
            {
                "model:nmt:1:prediction_throughput": {
                    "rate": "16.910676124292895", 
                    "rate_1min": "9.3477140678013466", 
                    "rate_15min": "0.82964358773824931", 
                    "unit": "events per second", 
                    "rate_5min": "2.3847250462524365"
                }
            }
        ], 
        "ratio_counters": [
            {
                "app:nmt:default_prediction_ratio": {
                    "ratio": "0"
                }
            }, 
            {
                "model:nmt:1:cache_hit_ratio": {
                    "ratio": "0"
                }
            }
        ], 
        "counters": [
            {
                "internal:aggregate_num_predictions": {
                    "count": "5000"
                }
            }, 
            {
                "app:nmt:num_predictions": {
                    "count": "763"
                }
            }, 
            {
                "model:nmt:1:num_predictions": {
                    "count": "763"
                }
            }
        ]
    }
}