{
    "client_metrics": [
        {
            "thrus": [
                2.2450276118191006, 
                2.657498368163127, 
                2.4523421633346203, 
                2.6526493600748684, 
                2.449303579715965, 
                2.6533622132352255, 
                2.4483705971257597, 
                2.6530454361622615, 
                2.448069469552797, 
                2.6519875267479462, 
                2.447697957205134, 
                2.6525743525875036, 
                2.4474991844932714, 
                2.6524216769055444, 
                2.4471141916472163
            ], 
            "p99_lats": [
                21.257455289999996, 
                40.580893520000004, 
                59.94447495, 
                79.30253273, 
                98.68847553, 
                118.04399394000001, 
                137.43946002, 
                156.79585946999998, 
                176.19546037, 
                195.55763765, 
                214.95816631, 
                234.31774756, 
                253.72192345000002, 
                273.08128721, 
                292.4878669
            ], 
            "mean_lats": [
                11.956539399999999, 
                31.2879216, 
                50.63486908000001, 
                69.99273543999999, 
                89.37056056000002, 
                108.74183894, 
                128.11501038, 
                147.49298842, 
                166.86783366, 
                186.24564980000002, 
                205.62972416, 
                225.01206899999997, 
                244.39337654, 
                263.77616388, 
                283.16010322
            ]
        }
    ], 
    "node_configs": [
        {
            "model_image": "model-comp/nmt", 
            "name": "nmt", 
            "cpus_per_replica": 1, 
            "input_type": "strings", 
            "use_nvidia_docker": true, 
            "batch_size": 4, 
            "num_replicas": 1, 
            "slo": 500000, 
            "allocated_cpus": [
                6, 
                7, 
                8, 
                9, 
                10, 
                11, 
                12, 
                13, 
                14, 
                15
            ], 
            "gpus": [
                0
            ], 
            "input_size": 80
        }
    ], 
    "clipper_metrics": {
        "histograms": [
            {
                "internal:rpc_request_queueing_delay": {
                    "p99": "0", 
                    "min": "0", 
                    "max": "0", 
                    "p95": "0", 
                    "std_dev": "0", 
                    "size": "0", 
                    "p50": "0", 
                    "unit": "microseconds", 
                    "mean": "0"
                }
            }, 
            {
                "app:nmt:prediction_latency": {
                    "p99": "291681705.300000000192", 
                    "min": "1898331", 
                    "max": "293246279", 
                    "p95": "279286910.299999999756", 
                    "std_dev": "84228435.8919913146965", 
                    "size": "753", 
                    "p50": "147498816", 
                    "unit": "microseconds", 
                    "mean": "148090651.869853917713"
                }
            }, 
            {
                "model:nmt:1:prediction_latency": {
                    "p99": "1610238.69999999818174", 
                    "min": "1558292", 
                    "max": "1898038", 
                    "p95": "1573489.5", 
                    "std_dev": "23906.7689631829442369", 
                    "size": "189", 
                    "p50": "1570593", 
                    "unit": "microseconds", 
                    "mean": "1571979.65079365079373"
                }
            }, 
            {
                "model:nmt:1:batch_size": {
                    "p99": "4", 
                    "min": "1", 
                    "max": "4", 
                    "p95": "4", 
                    "std_dev": "0.217639828584160130104", 
                    "size": "189", 
                    "p50": "4", 
                    "unit": "queries", 
                    "mean": "3.98412698412698411963"
                }
            }
        ], 
        "meters": [
            {
                "internal:aggregate_model_throughput": {
                    "rate": "2.1721422314579262", 
                    "rate_1min": "2.4974323244063017", 
                    "rate_15min": "0.70610183803815207", 
                    "unit": "events per second", 
                    "rate_5min": "1.5821673543574839"
                }
            }, 
            {
                "app:nmt:prediction_throughput": {
                    "rate": "0", 
                    "rate_1min": "0", 
                    "rate_15min": "0", 
                    "unit": "events per second", 
                    "rate_5min": "0"
                }
            }, 
            {
                "model:nmt:1:prediction_throughput": {
                    "rate": "2.3134293359399405", 
                    "rate_1min": "2.510555248224104", 
                    "rate_15min": "0.70960657164594521", 
                    "unit": "events per second", 
                    "rate_5min": "1.5891400890215557"
                }
            }
        ], 
        "ratio_counters": [
            {
                "app:nmt:default_prediction_ratio": {
                    "ratio": "0"
                }
            }, 
            {
                "model:nmt:1:cache_hit_ratio": {
                    "ratio": "0"
                }
            }
        ], 
        "counters": [
            {
                "internal:aggregate_num_predictions": {
                    "count": "5000"
                }
            }, 
            {
                "app:nmt:num_predictions": {
                    "count": "753"
                }
            }, 
            {
                "model:nmt:1:num_predictions": {
                    "count": "753"
                }
            }
        ]
    }
}