{
    "client_metrics": [
        {
            "thrus": [
                1.6814178576261447, 
                1.7753134218203985, 
                1.750662704613518, 
                1.7734665987074265, 
                1.7751693990902468, 
                1.7736258851191298, 
                1.7490732622773488, 
                1.7720072401380622, 
                1.7490388769015595, 
                1.771954552342616, 
                1.7985662621127592, 
                1.7480226106025472, 
                1.774739549872098, 
                1.7491143796617177, 
                1.7491370195229927
            ], 
            "p99_lats": [
                28.92586386, 
                56.83142309, 
                85.13397723, 
                113.07002134000001, 
                140.97744011999998, 
                168.90999129, 
                197.2393162, 
                225.19392122, 
                253.52639523, 
                281.48496106999994, 
                309.02752974, 
                337.3712838, 
                365.28887523000003, 
                393.61264878, 
                421.94321212
            ], 
            "mean_lats": [
                15.3783673, 
                43.3364391, 
                71.52633282, 
                99.79867651999999, 
                127.38967311999998, 
                155.383773, 
                183.62638871999997, 
                211.76798351999997, 
                239.91020986000004, 
                268.0163383, 
                295.90784290000005, 
                323.74938742, 
                351.80140712, 
                380.0030710800001, 
                408.33355306
            ]
        }
    ], 
    "node_configs": [
        {
            "model_image": "model-comp/nmt", 
            "name": "nmt", 
            "cpus_per_replica": 2, 
            "input_type": "strings", 
            "use_nvidia_docker": true, 
            "batch_size": 2, 
            "num_replicas": 1, 
            "slo": 500000, 
            "allocated_cpus": [
                6, 
                7, 
                8, 
                9, 
                10, 
                11, 
                12, 
                13, 
                14, 
                15
            ], 
            "gpus": [
                0
            ], 
            "input_size": 80
        }
    ], 
    "clipper_metrics": {
        "histograms": [
            {
                "internal:rpc_request_queueing_delay": {
                    "p99": "0", 
                    "min": "0", 
                    "max": "0", 
                    "p95": "0", 
                    "std_dev": "0", 
                    "size": "0", 
                    "p50": "0", 
                    "unit": "microseconds", 
                    "mean": "0"
                }
            }, 
            {
                "app:nmt:prediction_latency": {
                    "p99": "419089620.160000000091", 
                    "min": "1592074", 
                    "max": "422494617", 
                    "p95": "402097473.59999999986", 
                    "std_dev": "121638185.441212256672", 
                    "size": "751", 
                    "p50": "212125592", 
                    "unit": "microseconds", 
                    "mean": "212007676.242343541962"
                }
            }, 
            {
                "model:nmt:1:prediction_latency": {
                    "p99": "1152238.55000000001974", 
                    "min": "738590", 
                    "max": "1591775", 
                    "p95": "1148819.5499999999987", 
                    "std_dev": "68935.1334731551752952", 
                    "size": "376", 
                    "p50": "1143173.5", 
                    "unit": "microseconds", 
                    "mean": "1133916.07978723404267"
                }
            }, 
            {
                "model:nmt:1:batch_size": {
                    "p99": "2", 
                    "min": "1", 
                    "max": "2", 
                    "p95": "2", 
                    "std_dev": "0.0515024381144603309541", 
                    "size": "376", 
                    "p50": "2", 
                    "unit": "queries", 
                    "mean": "1.99734042553191488826"
                }
            }
        ], 
        "meters": [
            {
                "internal:aggregate_model_throughput": {
                    "rate": "1.5683484838755368", 
                    "rate_1min": "1.7556795126141296", 
                    "rate_15min": "0.66060646902512021", 
                    "unit": "events per second", 
                    "rate_5min": "1.3317606787799261"
                }
            }, 
            {
                "app:nmt:prediction_throughput": {
                    "rate": "0", 
                    "rate_1min": "0", 
                    "rate_15min": "0", 
                    "unit": "events per second", 
                    "rate_5min": "0"
                }
            }, 
            {
                "model:nmt:1:prediction_throughput": {
                    "rate": "1.6379575457194844", 
                    "rate_1min": "1.7457519685489691", 
                    "rate_15min": "0.66035974921109741", 
                    "unit": "events per second", 
                    "rate_5min": "1.3302667085147208"
                }
            }
        ], 
        "ratio_counters": [
            {
                "app:nmt:default_prediction_ratio": {
                    "ratio": "0"
                }
            }, 
            {
                "model:nmt:1:cache_hit_ratio": {
                    "ratio": "0"
                }
            }
        ], 
        "counters": [
            {
                "internal:aggregate_num_predictions": {
                    "count": "5000"
                }
            }, 
            {
                "app:nmt:num_predictions": {
                    "count": "751"
                }
            }, 
            {
                "model:nmt:1:num_predictions": {
                    "count": "751"
                }
            }
        ]
    }
}