{
    "client_metrics": [
        {
            "thrus": [
                6.020070916435396, 
                7.887587366861469, 
                7.551670036725282, 
                6.866495416270984, 
                7.832674031051226, 
                7.762212988293652, 
                6.933310703007199, 
                7.8158412721438415, 
                7.847762202760121, 
                6.952190343185143, 
                7.836936547773025, 
                7.575666897320471, 
                6.808366938297812, 
                7.725053600284406, 
                7.63301909720314
            ], 
            "p99_lats": [
                7.665499729999999, 
                14.139988540000001, 
                20.51310725, 
                27.134924899999998, 
                33.65208751, 
                39.84484704, 
                46.402265459999995, 
                52.926867619999996, 
                59.05048798, 
                65.59733229, 
                72.09506604, 
                78.44711957, 
                85.13562909000001, 
                91.737242, 
                98.03859069
            ], 
            "mean_lats": [
                4.58157098, 
                10.972277800000002, 
                17.39980026, 
                23.993564940000006, 
                30.44532228, 
                36.86231712, 
                43.29945446, 
                49.69864154, 
                56.10290380000001, 
                62.50947524, 
                68.90440347999998, 
                75.33592614, 
                81.91378502, 
                88.48279261999998, 
                95.02946518
            ]
        }
    ], 
    "node_configs": [
        {
            "model_image": "model-comp/nmt", 
            "name": "nmt", 
            "cpus_per_replica": 4, 
            "input_type": "strings", 
            "use_nvidia_docker": true, 
            "batch_size": 6, 
            "num_replicas": 1, 
            "slo": 500000, 
            "allocated_cpus": [
                6, 
                7, 
                8, 
                9, 
                10, 
                11, 
                12, 
                13, 
                14, 
                15
            ], 
            "gpus": [
                0
            ], 
            "input_size": 40
        }
    ], 
    "clipper_metrics": {
        "histograms": [
            {
                "internal:rpc_request_queueing_delay": {
                    "p99": "0", 
                    "min": "0", 
                    "max": "0", 
                    "p95": "0", 
                    "std_dev": "0", 
                    "size": "0", 
                    "p50": "0", 
                    "unit": "microseconds", 
                    "mean": "0"
                }
            }, 
            {
                "app:nmt:prediction_latency": {
                    "p99": "97290712.960000000101", 
                    "min": "1156269", 
                    "max": "98039553", 
                    "p95": "93280872.5999999998749", 
                    "std_dev": "27962364.6475485595529", 
                    "size": "751", 
                    "p50": "49804331", 
                    "unit": "microseconds", 
                    "mean": "49764270.9960053262439"
                }
            }, 
            {
                "model:nmt:1:prediction_latency": {
                    "p99": "1101824.61000000080094", 
                    "min": "751178", 
                    "max": "1155975", 
                    "p95": "870554.099999999547435", 
                    "std_dev": "43654.5759122040837958", 
                    "size": "126", 
                    "p50": "803811.5", 
                    "unit": "microseconds", 
                    "mean": "808564.753968253968253"
                }
            }, 
            {
                "model:nmt:1:batch_size": {
                    "p99": "6", 
                    "min": "1", 
                    "max": "6", 
                    "p95": "6", 
                    "std_dev": "0.443664281249958273505", 
                    "size": "126", 
                    "p50": "6", 
                    "unit": "queries", 
                    "mean": "5.96031746031746031359"
                }
            }
        ], 
        "meters": [
            {
                "internal:aggregate_model_throughput": {
                    "rate": "5.8757025865499992", 
                    "rate_1min": "5.9467450956244665", 
                    "rate_15min": "0.76519784738968577", 
                    "unit": "events per second", 
                    "rate_5min": "2.0660148580561706"
                }
            }, 
            {
                "app:nmt:prediction_throughput": {
                    "rate": "0", 
                    "rate_1min": "0", 
                    "rate_15min": "0", 
                    "unit": "events per second", 
                    "rate_5min": "0"
                }
            }, 
            {
                "model:nmt:1:prediction_throughput": {
                    "rate": "6.964843196525079", 
                    "rate_1min": "5.950683762093635", 
                    "rate_15min": "0.76523307819972586", 
                    "unit": "events per second", 
                    "rate_5min": "2.0663017673563053"
                }
            }
        ], 
        "ratio_counters": [
            {
                "app:nmt:default_prediction_ratio": {
                    "ratio": "0"
                }
            }, 
            {
                "model:nmt:1:cache_hit_ratio": {
                    "ratio": "0"
                }
            }
        ], 
        "counters": [
            {
                "internal:aggregate_num_predictions": {
                    "count": "5000"
                }
            }, 
            {
                "app:nmt:num_predictions": {
                    "count": "751"
                }
            }, 
            {
                "model:nmt:1:num_predictions": {
                    "count": "751"
                }
            }
        ]
    }
}