{
    "client_metrics": [
        {
            "thrus": [
                3.5741778801136386, 
                5.484917737752261, 
                5.492421392190414, 
                4.107619296971099, 
                5.473480712274992, 
                5.477530567085453, 
                4.094631855744482, 
                5.453996088394005, 
                5.471958619735648, 
                4.0972567473009525, 
                5.472217932611388, 
                5.483236539586445, 
                4.095709187609529, 
                5.468086225595521, 
                5.464549554447952
            ], 
            "p99_lats": [
                13.747486599999998, 
                22.63109647, 
                31.50167368, 
                43.35420681, 
                52.26690343, 
                61.16266771000001, 
                73.06253769, 
                81.99925508999999, 
                90.90414329999999, 
                102.79869070000001, 
                111.69820820000001, 
                120.58910986999999, 
                132.48817575, 
                141.39920469999998, 
                150.31656815000002
            ], 
            "mean_lats": [
                8.18710334, 
                17.97630388, 
                27.730915179999997, 
                37.7555984, 
                47.609285719999995, 
                57.39228555999999, 
                67.43307638, 
                77.3196605, 
                87.12844908, 
                97.18499082000002, 
                107.03582915999999, 
                116.82365346, 
                126.85670986, 
                136.73159912, 
                146.54109752
            ]
        }
    ], 
    "node_configs": [
        {
            "model_image": "model-comp/nmt", 
            "name": "nmt", 
            "cpus_per_replica": 1, 
            "input_type": "strings", 
            "use_nvidia_docker": true, 
            "batch_size": 15, 
            "num_replicas": 1, 
            "slo": 500000, 
            "allocated_cpus": [
                6, 
                7, 
                8, 
                9, 
                10, 
                11, 
                12, 
                13, 
                14, 
                15
            ], 
            "gpus": [
                0
            ], 
            "input_size": 80
        }
    ], 
    "clipper_metrics": {
        "histograms": [
            {
                "internal:rpc_request_queueing_delay": {
                    "p99": "0", 
                    "min": "0", 
                    "max": "0", 
                    "p95": "0", 
                    "std_dev": "0", 
                    "size": "0", 
                    "p50": "0", 
                    "unit": "microseconds", 
                    "mean": "0"
                }
            }, 
            {
                "app:nmt:prediction_latency": {
                    "p99": "150284371.680000000095", 
                    "min": "1908461", 
                    "max": "150317574", 
                    "p95": "144346452.399999999892", 
                    "std_dev": "42907476.914655821467", 
                    "size": "751", 
                    "p50": "76042215", 
                    "unit": "microseconds", 
                    "mean": "77408321.0732356857261"
                }
            }, 
            {
                "model:nmt:1:prediction_latency": {
                    "p99": "3060843", 
                    "min": "1908174", 
                    "max": "3060843", 
                    "p95": "3059924.39999999999964", 
                    "std_dev": "157844.576862247603628", 
                    "size": "51", 
                    "p50": "3044434", 
                    "unit": "microseconds", 
                    "mean": "3021753.62745098039181"
                }
            }, 
            {
                "model:nmt:1:batch_size": {
                    "p99": "15", 
                    "min": "1", 
                    "max": "15", 
                    "p95": "15", 
                    "std_dev": "1.94107743855130692823", 
                    "size": "51", 
                    "p50": "15", 
                    "unit": "queries", 
                    "mean": "14.7254901960784313764"
                }
            }
        ], 
        "meters": [
            {
                "internal:aggregate_model_throughput": {
                    "rate": "3.6800433498326188", 
                    "rate_1min": "4.3887716186191685", 
                    "rate_15min": "0.73821132279681323", 
                    "unit": "events per second", 
                    "rate_5min": "1.892911302647091"
                }
            }, 
            {
                "app:nmt:prediction_throughput": {
                    "rate": "0", 
                    "rate_1min": "0", 
                    "rate_15min": "0", 
                    "unit": "events per second", 
                    "rate_5min": "0"
                }
            }, 
            {
                "model:nmt:1:prediction_throughput": {
                    "rate": "4.1074687307183817", 
                    "rate_1min": "4.5446318117730806", 
                    "rate_15min": "0.75380794057586531", 
                    "unit": "events per second", 
                    "rate_5min": "1.9347101375075797"
                }
            }
        ], 
        "ratio_counters": [
            {
                "app:nmt:default_prediction_ratio": {
                    "ratio": "0"
                }
            }, 
            {
                "model:nmt:1:cache_hit_ratio": {
                    "ratio": "0"
                }
            }
        ], 
        "counters": [
            {
                "internal:aggregate_num_predictions": {
                    "count": "5000"
                }
            }, 
            {
                "app:nmt:num_predictions": {
                    "count": "751"
                }
            }, 
            {
                "model:nmt:1:num_predictions": {
                    "count": "751"
                }
            }
        ]
    }
}