{
    "client_metrics": [
        {
            "thrus": [
                11.003310455983787, 
                15.657366712751516, 
                15.650956132561094, 
                15.646151641250015, 
                13.411168177121835, 
                15.646626571664521, 
                15.641487105001616, 
                15.648712689947986, 
                13.423435008694359, 
                15.661314673398945, 
                15.66527444150947, 
                15.64097823683006, 
                13.399537769545102, 
                15.664641332973256, 
                15.644536114472949
            ], 
            "p99_lats": [
                4.048851009999999, 
                7.23205251, 
                10.177912500000001, 
                13.12489284, 
                16.324138629999997, 
                19.509943149999998, 
                22.45776094, 
                25.40461273, 
                28.597432429999998, 
                31.78344165, 
                34.726645399999995, 
                37.67481857, 
                40.87893147, 
                44.06054616, 
                47.00713123
            ], 
            "mean_lats": [
                2.5522980599999996, 
                5.626454719999999, 
                8.68943492, 
                11.7532862, 
                14.82740794, 
                17.90475438, 
                20.96897618, 
                24.03317312, 
                27.107957539999997, 
                30.1795306, 
                33.240090499999994, 
                36.30275708, 
                39.38079114, 
                42.456156899999996, 
                45.51734744
            ]
        }
    ], 
    "node_configs": [
        {
            "model_image": "model-comp/nmt", 
            "name": "nmt", 
            "cpus_per_replica": 1, 
            "input_type": "strings", 
            "use_nvidia_docker": true, 
            "batch_size": 8, 
            "num_replicas": 1, 
            "slo": 500000, 
            "allocated_cpus": [
                6, 
                7, 
                8, 
                9, 
                10, 
                11, 
                12, 
                13, 
                14, 
                15
            ], 
            "gpus": [
                0
            ], 
            "input_size": 10
        }
    ], 
    "clipper_metrics": {
        "histograms": [
            {
                "internal:rpc_request_queueing_delay": {
                    "p99": "0", 
                    "min": "0", 
                    "max": "0", 
                    "p95": "0", 
                    "std_dev": "0", 
                    "size": "0", 
                    "p50": "0", 
                    "unit": "microseconds", 
                    "mean": "0"
                }
            }, 
            {
                "app:nmt:prediction_latency": {
                    "p99": "46974211.2200000001649", 
                    "min": "746557", 
                    "max": "47008143", 
                    "p95": "45018010.5999999997439", 
                    "std_dev": "13342113.3458237898949", 
                    "size": "753", 
                    "p50": "23932766", 
                    "unit": "microseconds", 
                    "mean": "24125349.0650730411871"
                }
            }, 
            {
                "model:nmt:1:prediction_latency": {
                    "p99": "746294", 
                    "min": "530382", 
                    "max": "746294", 
                    "p95": "534574.399999999998386", 
                    "std_dev": "22790.5315351515406928", 
                    "size": "95", 
                    "p50": "532226", 
                    "unit": "microseconds", 
                    "mean": "535353.799999999999955"
                }
            }, 
            {
                "model:nmt:1:batch_size": {
                    "p99": "8", 
                    "min": "1", 
                    "max": "8", 
                    "p95": "8", 
                    "std_dev": "0.714394926356090590868", 
                    "size": "95", 
                    "p50": "8", 
                    "unit": "queries", 
                    "mean": "7.92631578947368420482"
                }
            }
        ], 
        "meters": [
            {
                "internal:aggregate_model_throughput": {
                    "rate": "9.8418215384460961", 
                    "rate_1min": "8.3456283654582499", 
                    "rate_15min": "0.78862413132046183", 
                    "unit": "events per second", 
                    "rate_5min": "2.2442997242906872"
                }
            }, 
            {
                "app:nmt:prediction_throughput": {
                    "rate": "0", 
                    "rate_1min": "0", 
                    "rate_15min": "0", 
                    "unit": "events per second", 
                    "rate_5min": "0"
                }
            }, 
            {
                "model:nmt:1:prediction_throughput": {
                    "rate": "13.487646095343472", 
                    "rate_1min": "8.3838343974568179", 
                    "rate_15min": "0.79691221272188872", 
                    "unit": "events per second", 
                    "rate_5min": "2.2658399131975653"
                }
            }
        ], 
        "ratio_counters": [
            {
                "app:nmt:default_prediction_ratio": {
                    "ratio": "0"
                }
            }, 
            {
                "model:nmt:1:cache_hit_ratio": {
                    "ratio": "0"
                }
            }
        ], 
        "counters": [
            {
                "internal:aggregate_num_predictions": {
                    "count": "5000"
                }
            }, 
            {
                "app:nmt:num_predictions": {
                    "count": "753"
                }
            }, 
            {
                "model:nmt:1:num_predictions": {
                    "count": "753"
                }
            }
        ]
    }
}