{
    "client_metrics": [
        {
            "thrus": [
                3.9794203480814896, 
                6.039858232447568, 
                6.004550488542236, 
                4.503327148163606, 
                5.975197671489368, 
                5.9728521922159405, 
                4.46691002392477, 
                5.959845659068937, 
                5.9529450647942355, 
                4.461389396223219, 
                5.946769043070901, 
                5.9540154713901225, 
                4.466122008200694, 
                5.956330566816329, 
                5.940104030229903
            ], 
            "p99_lats": [
                12.322596440000002, 
                20.368285970000002, 
                28.462373669999998, 
                39.25706386, 
                47.39206666, 
                55.51435563, 
                66.39905964, 
                74.55554497, 
                82.72224889, 
                93.62100494, 
                101.79506821000001, 
                109.96015958999999, 
                120.84734073999999, 
                129.00908091, 
                137.19295234999998
            ], 
            "mean_lats": [
                7.260822480000001, 
                16.156990819999997, 
                25.027652840000005, 
                34.14108514, 
                43.12317384, 
                52.06938803999999, 
                61.24064691999999, 
                70.28418876, 
                79.25345692, 
                88.46699514, 
                97.50899914, 
                106.49521896000002, 
                115.70016084, 
                124.7344025, 
                133.72200730000003
            ]
        }
    ], 
    "node_configs": [
        {
            "model_image": "model-comp/nmt", 
            "name": "nmt", 
            "cpus_per_replica": 4, 
            "input_type": "strings", 
            "use_nvidia_docker": true, 
            "batch_size": 15, 
            "num_replicas": 1, 
            "slo": 500000, 
            "allocated_cpus": [
                6, 
                7, 
                8, 
                9, 
                10, 
                11, 
                12, 
                13, 
                14, 
                15
            ], 
            "gpus": [
                0
            ], 
            "input_size": 80
        }
    ], 
    "clipper_metrics": {
        "histograms": [
            {
                "internal:rpc_request_queueing_delay": {
                    "p99": "0", 
                    "min": "0", 
                    "max": "0", 
                    "p95": "0", 
                    "std_dev": "0", 
                    "size": "0", 
                    "p50": "0", 
                    "unit": "microseconds", 
                    "mean": "0"
                }
            }, 
            {
                "app:nmt:prediction_latency": {
                    "p99": "137159489.440000000104", 
                    "min": "1554721", 
                    "max": "137193817", 
                    "p95": "131707326.599999999897", 
                    "std_dev": "39236686.3896844604787", 
                    "size": "751", 
                    "p50": "69124396", 
                    "unit": "microseconds", 
                    "mean": "70431887.8215712383681"
                }
            }, 
            {
                "model:nmt:1:prediction_latency": {
                    "p99": "2809627", 
                    "min": "1554413", 
                    "max": "2809627", 
                    "p95": "2809593.20000000000005", 
                    "std_dev": "172026.368385667995682", 
                    "size": "51", 
                    "p50": "2794793", 
                    "unit": "microseconds", 
                    "mean": "2764721.1960784313726"
                }
            }, 
            {
                "model:nmt:1:batch_size": {
                    "p99": "15", 
                    "min": "1", 
                    "max": "15", 
                    "p95": "15", 
                    "std_dev": "1.94107743855130692823", 
                    "size": "51", 
                    "p50": "15", 
                    "unit": "queries", 
                    "mean": "14.7254901960784313764"
                }
            }
        ], 
        "meters": [
            {
                "internal:aggregate_model_throughput": {
                    "rate": "3.9271143884545308", 
                    "rate_1min": "4.7268702930156774", 
                    "rate_15min": "0.75753771839266093", 
                    "unit": "events per second", 
                    "rate_5min": "1.961439336552157"
                }
            }, 
            {
                "app:nmt:prediction_throughput": {
                    "rate": "0", 
                    "rate_1min": "0", 
                    "rate_15min": "0", 
                    "unit": "events per second", 
                    "rate_5min": "0"
                }
            }, 
            {
                "model:nmt:1:prediction_throughput": {
                    "rate": "4.3767483281069071", 
                    "rate_1min": "4.7359296632307943", 
                    "rate_15min": "0.75762530745765466", 
                    "unit": "events per second", 
                    "rate_5min": "1.962144754318454"
                }
            }
        ], 
        "ratio_counters": [
            {
                "app:nmt:default_prediction_ratio": {
                    "ratio": "0"
                }
            }, 
            {
                "model:nmt:1:cache_hit_ratio": {
                    "ratio": "0"
                }
            }
        ], 
        "counters": [
            {
                "internal:aggregate_num_predictions": {
                    "count": "5000"
                }
            }, 
            {
                "app:nmt:num_predictions": {
                    "count": "751"
                }
            }, 
            {
                "model:nmt:1:num_predictions": {
                    "count": "751"
                }
            }
        ]
    }
}