{
    "client_metrics": [
        {
            "thrus": [
                6.274736580283624, 
                7.2787217632907275, 
                7.048573411033048, 
                7.180761304313483, 
                7.269357462947722, 
                7.203350883577426, 
                7.263089285301846, 
                7.282748334435456, 
                7.263075569686595, 
                7.27008677720979, 
                7.288394936547962, 
                7.002950202861462, 
                7.007808661034818, 
                7.1800394902171965, 
                7.031187817932735
            ], 
            "p99_lats": [
                7.75177076, 
                14.36354574, 
                21.199459, 
                27.90327337, 
                34.523556940000006, 
                41.20683855, 
                47.833006229999995, 
                54.44039028, 
                61.06604058, 
                67.68470768, 
                74.28706525, 
                81.16919981000001, 
                88.04614888, 
                94.75102367, 
                101.60414688
            ], 
            "mean_lats": [
                4.98519444, 
                11.5625801, 
                18.26921734, 
                25.05575314, 
                31.727331319999994, 
                38.39470322, 
                45.02013929999999, 
                51.6179198, 
                58.2712124, 
                64.90000458, 
                71.50530585999999, 
                78.1615022, 
                85.04603954, 
                91.90438067999997, 
                98.7202087
            ]
        }
    ], 
    "node_configs": [
        {
            "model_image": "model-comp/nmt", 
            "name": "nmt", 
            "cpus_per_replica": 4, 
            "input_type": "strings", 
            "use_nvidia_docker": true, 
            "batch_size": 10, 
            "num_replicas": 1, 
            "slo": 500000, 
            "allocated_cpus": [
                6, 
                7, 
                8, 
                9, 
                10, 
                11, 
                12, 
                13, 
                14, 
                15
            ], 
            "gpus": [
                0
            ], 
            "input_size": 40
        }
    ], 
    "clipper_metrics": {
        "histograms": [
            {
                "internal:rpc_request_queueing_delay": {
                    "p99": "0", 
                    "min": "0", 
                    "max": "0", 
                    "p95": "0", 
                    "std_dev": "0", 
                    "size": "0", 
                    "p50": "0", 
                    "unit": "microseconds", 
                    "mean": "0"
                }
            }, 
            {
                "app:nmt:prediction_latency": {
                    "p99": "101571593.960000000101", 
                    "min": "1150120", 
                    "max": "101604869", 
                    "p95": "97391861.9999999998981", 
                    "std_dev": "28959687.3892453349872", 
                    "size": "751", 
                    "p50": "51725911", 
                    "unit": "microseconds", 
                    "mean": "51740352.5659121171702"
                }
            }, 
            {
                "model:nmt:1:prediction_latency": {
                    "p99": "1627937", 
                    "min": "1149833", 
                    "max": "1627937", 
                    "p95": "1603885.34999999997046", 
                    "std_dev": "62631.3234424576055694", 
                    "size": "76", 
                    "p50": "1375557.5", 
                    "unit": "microseconds", 
                    "mean": "1387141.36842105263179"
                }
            }, 
            {
                "model:nmt:1:batch_size": {
                    "p99": "10", 
                    "min": "1", 
                    "max": "10", 
                    "p95": "10", 
                    "std_dev": "1.02555639921841418565", 
                    "size": "76", 
                    "p50": "10", 
                    "unit": "queries", 
                    "mean": "9.88157894736842104966"
                }
            }
        ], 
        "meters": [
            {
                "internal:aggregate_model_throughput": {
                    "rate": "5.6983327672306565", 
                    "rate_1min": "5.929470173247763", 
                    "rate_15min": "0.77821165389067981", 
                    "unit": "events per second", 
                    "rate_5min": "2.0925902250592467"
                }
            }, 
            {
                "app:nmt:prediction_throughput": {
                    "rate": "0", 
                    "rate_1min": "0", 
                    "rate_15min": "0", 
                    "unit": "events per second", 
                    "rate_5min": "0"
                }
            }, 
            {
                "model:nmt:1:prediction_throughput": {
                    "rate": "6.7121897924842955", 
                    "rate_1min": "5.9412336690867633", 
                    "rate_15min": "0.77827270036801888", 
                    "unit": "events per second", 
                    "rate_5min": "2.0931275797758859"
                }
            }
        ], 
        "ratio_counters": [
            {
                "app:nmt:default_prediction_ratio": {
                    "ratio": "0"
                }
            }, 
            {
                "model:nmt:1:cache_hit_ratio": {
                    "ratio": "0"
                }
            }
        ], 
        "counters": [
            {
                "internal:aggregate_num_predictions": {
                    "count": "5000"
                }
            }, 
            {
                "app:nmt:num_predictions": {
                    "count": "751"
                }
            }, 
            {
                "model:nmt:1:num_predictions": {
                    "count": "751"
                }
            }
        ]
    }
}