{
    "client_metrics": [
        {
            "thrus": [
                10.046456825653184, 
                15.141017379465389, 
                14.461412180037641, 
                15.162459690600913, 
                13.72081274411041, 
                14.945444643418131, 
                13.972073179012716, 
                14.660912160904097, 
                13.693591645594513, 
                14.96363985152478, 
                13.877027884777373, 
                14.918167881900622, 
                13.727016855678537, 
                14.830497791590574, 
                13.81541772987819
            ], 
            "p99_lats": [
                4.59122469, 
                7.77095508, 
                10.83287766, 
                14.008226969999999, 
                17.257164429999996, 
                20.47879262, 
                23.66097274, 
                26.94807583, 
                30.20299105, 
                33.42065183, 
                36.623619039999994, 
                39.85484915000001, 
                43.11270785000001, 
                46.34885756999999, 
                49.60163299
            ], 
            "mean_lats": [
                3.0297156199999993, 
                6.215035839999998, 
                9.322510320000001, 
                12.492392400000002, 
                15.706233339999999, 
                18.90706306, 
                22.11985488, 
                25.3624091, 
                28.644612159999998, 
                31.872637640000004, 
                35.084356099999994, 
                38.32612702, 
                41.548858579999994, 
                44.78252854, 
                48.059171899999996
            ]
        }
    ], 
    "node_configs": [
        {
            "model_image": "model-comp/nmt", 
            "name": "nmt", 
            "cpus_per_replica": 2, 
            "input_type": "strings", 
            "use_nvidia_docker": true, 
            "batch_size": 4, 
            "num_replicas": 1, 
            "slo": 500000, 
            "allocated_cpus": [
                6, 
                7, 
                8, 
                9, 
                10, 
                11
            ], 
            "gpus": [
                0
            ], 
            "input_size": 10
        }
    ], 
    "clipper_metrics": {
        "histograms": [
            {
                "internal:rpc_request_queueing_delay": {
                    "p99": "0", 
                    "min": "0", 
                    "max": "0", 
                    "p95": "0", 
                    "std_dev": "0", 
                    "size": "0", 
                    "p50": "0", 
                    "unit": "microseconds", 
                    "mean": "0"
                }
            }, 
            {
                "app:nmt:prediction_latency": {
                    "p99": "49685306.4999999998181", 
                    "min": "1273914", 
                    "max": "49937589", 
                    "p95": "47666340.2000000001026", 
                    "std_dev": "14075057.8259985707364", 
                    "size": "757", 
                    "p50": "25620388", 
                    "unit": "microseconds", 
                    "mean": "25655322.3196829590433"
                }
            }, 
            {
                "model:nmt:1:prediction_latency": {
                    "p99": "400970.130000003264286", 
                    "min": "204498", 
                    "max": "1273621", 
                    "p95": "287314.499999999999204", 
                    "std_dev": "73738.2311538492504042", 
                    "size": "190", 
                    "p50": "284429", 
                    "unit": "microseconds", 
                    "mean": "283377.221052631578999"
                }
            }, 
            {
                "model:nmt:1:batch_size": {
                    "p99": "4", 
                    "min": "1", 
                    "max": "4", 
                    "p95": "4", 
                    "std_dev": "0.217069375024224000596", 
                    "size": "190", 
                    "p50": "4", 
                    "unit": "queries", 
                    "mean": "3.9842105263157894684"
                }
            }
        ], 
        "meters": [
            {
                "internal:aggregate_model_throughput": {
                    "rate": "9.4328012967572246", 
                    "rate_1min": "8.4013409303559428", 
                    "rate_15min": "0.81698862319481336", 
                    "unit": "events per second", 
                    "rate_5min": "2.3143855038441874"
                }
            }, 
            {
                "app:nmt:prediction_throughput": {
                    "rate": "0", 
                    "rate_1min": "0", 
                    "rate_15min": "0", 
                    "unit": "events per second", 
                    "rate_5min": "0"
                }
            }, 
            {
                "model:nmt:1:prediction_throughput": {
                    "rate": "12.926794470030028", 
                    "rate_1min": "8.0586954401834099", 
                    "rate_15min": "0.76658974543589353", 
                    "unit": "events per second", 
                    "rate_5min": "2.1793654081993807"
                }
            }
        ], 
        "ratio_counters": [
            {
                "app:nmt:default_prediction_ratio": {
                    "ratio": "0"
                }
            }, 
            {
                "model:nmt:1:cache_hit_ratio": {
                    "ratio": "0"
                }
            }
        ], 
        "counters": [
            {
                "internal:aggregate_num_predictions": {
                    "count": "5000"
                }
            }, 
            {
                "app:nmt:num_predictions": {
                    "count": "757"
                }
            }, 
            {
                "model:nmt:1:num_predictions": {
                    "count": "757"
                }
            }
        ]
    }
}