{
    "client_metrics": [
        {
            "thrus": [
                3.158961401724679, 
                4.067426543293485, 
                4.058985831541697, 
                4.03855886773025, 
                3.4608693690011454, 
                4.034410292264785, 
                4.031620158165297, 
                4.036389504483137, 
                3.460971660871847, 
                4.03428854796999, 
                4.035307976318876, 
                4.037581811501456, 
                3.462156962563835, 
                4.039128165495037, 
                4.040054392060291
            ], 
            "p99_lats": [
                14.590955919999995, 
                27.616270479999997, 
                39.686628999999996, 
                51.81950057, 
                64.98431342, 
                78.12220325999999, 
                90.27663962, 
                102.41597954, 
                115.57990448999999, 
                128.70335601, 
                140.84611076, 
                152.98205814, 
                166.14504391, 
                179.2660176, 
                191.39434605000002
            ], 
            "mean_lats": [
                8.5548339, 
                21.09654632, 
                33.631837880000006, 
                46.22235286, 
                58.880802200000005, 
                71.54649640000001, 
                84.18342200000001, 
                96.82204964, 
                109.47277546000001, 
                122.13276366, 
                134.76090708, 
                147.38556072, 
                160.04121679999997, 
                172.70015288, 
                185.31256308
            ]
        }
    ], 
    "node_configs": [
        {
            "model_image": "model-comp/nmt", 
            "name": "nmt", 
            "cpus_per_replica": 3, 
            "input_type": "strings", 
            "use_nvidia_docker": true, 
            "batch_size": 8, 
            "num_replicas": 1, 
            "slo": 500000, 
            "allocated_cpus": [
                6, 
                7, 
                8, 
                9, 
                10, 
                11, 
                12, 
                13, 
                14, 
                15
            ], 
            "gpus": [
                0
            ], 
            "input_size": 80
        }
    ], 
    "clipper_metrics": {
        "histograms": [
            {
                "internal:rpc_request_queueing_delay": {
                    "p99": "0", 
                    "min": "0", 
                    "max": "0", 
                    "p95": "0", 
                    "std_dev": "0", 
                    "size": "0", 
                    "p50": "0", 
                    "unit": "microseconds", 
                    "mean": "0"
                }
            }, 
            {
                "app:nmt:prediction_latency": {
                    "p99": "191361053.560000000158", 
                    "min": "1538952", 
                    "max": "191394933", 
                    "p95": "183281235.69999999975", 
                    "std_dev": "54927717.6152506448598", 
                    "size": "753", 
                    "p50": "96356974", 
                    "unit": "microseconds", 
                    "mean": "97224118.0278884462168"
                }
            }, 
            {
                "model:nmt:1:prediction_latency": {
                    "p99": "2073188", 
                    "min": "1538639", 
                    "max": "2073188", 
                    "p95": "2069293.79999999999393", 
                    "std_dev": "53891.1820872137663407", 
                    "size": "95", 
                    "p50": "2062400", 
                    "unit": "microseconds", 
                    "mean": "2055256.25263157894744"
                }
            }, 
            {
                "model:nmt:1:batch_size": {
                    "p99": "8", 
                    "min": "1", 
                    "max": "8", 
                    "p95": "8", 
                    "std_dev": "0.714394926356090590868", 
                    "size": "95", 
                    "p50": "8", 
                    "unit": "queries", 
                    "mean": "7.92631578947368420482"
                }
            }
        ], 
        "meters": [
            {
                "internal:aggregate_model_throughput": {
                    "rate": "3.0698116257590282", 
                    "rate_1min": "3.7587006524911031", 
                    "rate_15min": "0.7529631901393159", 
                    "unit": "events per second", 
                    "rate_5min": "1.8508743994627526"
                }
            }, 
            {
                "app:nmt:prediction_throughput": {
                    "rate": "0", 
                    "rate_1min": "0", 
                    "rate_15min": "0", 
                    "unit": "events per second", 
                    "rate_5min": "0"
                }
            }, 
            {
                "model:nmt:1:prediction_throughput": {
                    "rate": "3.3386631935820059", 
                    "rate_1min": "3.7691935774255247", 
                    "rate_15min": "0.75318007428506051", 
                    "unit": "events per second", 
                    "rate_5min": "1.8523933742203003"
                }
            }
        ], 
        "ratio_counters": [
            {
                "app:nmt:default_prediction_ratio": {
                    "ratio": "0"
                }
            }, 
            {
                "model:nmt:1:cache_hit_ratio": {
                    "ratio": "0"
                }
            }
        ], 
        "counters": [
            {
                "internal:aggregate_num_predictions": {
                    "count": "5000"
                }
            }, 
            {
                "app:nmt:num_predictions": {
                    "count": "753"
                }
            }, 
            {
                "model:nmt:1:num_predictions": {
                    "count": "753"
                }
            }
        ]
    }
}