{
    "client_metrics": [
        {
            "thrus": [
                1.0300455214197555, 
                1.0400048039901906, 
                1.0097875067797133, 
                1.0469845410847936, 
                1.0239215305857545, 
                1.0664331547754535, 
                1.042909445361776, 
                1.0456830481142194, 
                1.0472787279132583, 
                1.0699014323348222, 
                1.095869826620462, 
                1.0553896119562471, 
                1.039938116194532, 
                1.0313379673273368, 
                1.0324680005643883
            ], 
            "p99_lats": [
                47.78889644, 
                95.61039306999999, 
                144.86633512999998, 
                192.34618382000002, 
                240.92474685000002, 
                287.54927382, 
                335.23886045999996, 
                382.79498202, 
                430.28075271, 
                476.92922073, 
                522.1223925300001, 
                569.2399727, 
                617.0625987400001, 
                665.2848127299999, 
                713.45566224
            ], 
            "mean_lats": [
                24.605987040000006, 
                72.77919846, 
                121.3702225, 
                169.69945428, 
                217.66309395999997, 
                264.90420828, 
                312.57836404, 
                359.73283754000005, 
                407.39314206, 
                454.42243318, 
                500.70123285999995, 
                546.5501699199999, 
                593.8690634999999, 
                641.9470546, 
                690.5744258599999
            ]
        }
    ], 
    "node_configs": [
        {
            "model_image": "model-comp/nmt", 
            "name": "nmt", 
            "cpus_per_replica": 5, 
            "input_type": "strings", 
            "use_nvidia_docker": true, 
            "batch_size": 1, 
            "num_replicas": 1, 
            "slo": 500000, 
            "allocated_cpus": [
                6, 
                7, 
                8, 
                9, 
                10, 
                11, 
                12, 
                13, 
                14, 
                15
            ], 
            "gpus": [
                0
            ], 
            "input_size": 80
        }
    ], 
    "clipper_metrics": {
        "histograms": [
            {
                "internal:rpc_request_queueing_delay": {
                    "p99": "0", 
                    "min": "0", 
                    "max": "0", 
                    "p95": "0", 
                    "std_dev": "0", 
                    "size": "0", 
                    "p50": "0", 
                    "unit": "microseconds", 
                    "mean": "0"
                }
            }, 
            {
                "app:nmt:prediction_latency": {
                    "p99": "708394717.920000018319", 
                    "min": "1537267", 
                    "max": "714602189", 
                    "p95": "679918433.199999977136", 
                    "std_dev": "205490938.530589861344", 
                    "size": "751", 
                    "p50": "359818197", 
                    "unit": "microseconds", 
                    "mean": "359058580.233022636443"
                }
            }, 
            {
                "model:nmt:1:prediction_latency": {
                    "p99": "1024731.64000000000306", 
                    "min": "653854", 
                    "max": "1536963", 
                    "p95": "1022276.39999999999998", 
                    "std_dev": "133350.464828905899736", 
                    "size": "751", 
                    "p50": "1012946", 
                    "unit": "microseconds", 
                    "mean": "956683.412782956058663"
                }
            }, 
            {
                "model:nmt:1:batch_size": {
                    "p99": "1", 
                    "min": "1", 
                    "max": "1", 
                    "p95": "1", 
                    "std_dev": "5.42101086242752217004e-18", 
                    "size": "751", 
                    "p50": "1", 
                    "unit": "queries", 
                    "mean": "0.999999999999999994579"
                }
            }
        ], 
        "meters": [
            {
                "internal:aggregate_model_throughput": {
                    "rate": "0.97790021557243823", 
                    "rate_1min": "1.0335536570023809", 
                    "rate_15min": "0.57317418298672851", 
                    "unit": "events per second", 
                    "rate_5min": "0.94924719665414814"
                }
            }, 
            {
                "app:nmt:prediction_throughput": {
                    "rate": "0", 
                    "rate_1min": "0", 
                    "rate_15min": "0", 
                    "unit": "events per second", 
                    "rate_5min": "0"
                }
            }, 
            {
                "model:nmt:1:prediction_throughput": {
                    "rate": "1.003626605406831", 
                    "rate_1min": "1.0390048834600201", 
                    "rate_15min": "0.57340482831531137", 
                    "unit": "events per second", 
                    "rate_5min": "0.95032709148104288"
                }
            }
        ], 
        "ratio_counters": [
            {
                "app:nmt:default_prediction_ratio": {
                    "ratio": "0"
                }
            }, 
            {
                "model:nmt:1:cache_hit_ratio": {
                    "ratio": "0"
                }
            }
        ], 
        "counters": [
            {
                "internal:aggregate_num_predictions": {
                    "count": "5000"
                }
            }, 
            {
                "app:nmt:num_predictions": {
                    "count": "751"
                }
            }, 
            {
                "model:nmt:1:num_predictions": {
                    "count": "751"
                }
            }
        ]
    }
}