{
    "client_metrics": [
        {
            "thrus": [
                16.358901205323843, 
                29.065593487446858, 
                28.971516942832825, 
                21.69907206088239, 
                28.94640861908263, 
                29.01827687150475, 
                21.688708901523288, 
                28.902135058521043, 
                28.88947695024192, 
                21.630619959524783, 
                28.884987489911918, 
                28.87311133760463, 
                21.6195835376384, 
                28.868843646920187, 
                28.658698402162926
            ], 
            "p99_lats": [
                2.81388251, 
                4.30200916, 
                5.7938107500000005, 
                7.78904567, 
                9.28242133, 
                10.77146578, 
                12.76708875, 
                14.263234960000002, 
                15.754849840000002, 
                17.76216323, 
                19.259016940000002, 
                20.75618725, 
                22.75733585, 
                24.257686670000002, 
                25.76984955
            ], 
            "mean_lats": [
                1.8382350799999998, 
                3.4956476399999996, 
                5.13311094, 
                6.81951134, 
                8.473104120000002, 
                10.110965919999998, 
                11.79816112, 
                13.453355080000001, 
                15.098207200000001, 
                16.79299504, 
                18.448418099999998, 
                20.0924591, 
                21.7861779, 
                23.45048654, 
                25.0968442
            ]
        }
    ], 
    "node_configs": [
        {
            "model_image": "model-comp/nmt", 
            "name": "nmt", 
            "cpus_per_replica": 4, 
            "input_type": "strings", 
            "use_nvidia_docker": true, 
            "batch_size": 15, 
            "num_replicas": 1, 
            "slo": 500000, 
            "allocated_cpus": [
                6, 
                7, 
                8, 
                9, 
                10, 
                11, 
                12, 
                13, 
                14, 
                15
            ], 
            "gpus": [
                0
            ], 
            "input_size": 10
        }
    ], 
    "clipper_metrics": {
        "histograms": [
            {
                "internal:rpc_request_queueing_delay": {
                    "p99": "0", 
                    "min": "0", 
                    "max": "0", 
                    "p95": "0", 
                    "std_dev": "0", 
                    "size": "0", 
                    "p50": "0", 
                    "unit": "microseconds", 
                    "mean": "0"
                }
            }, 
            {
                "app:nmt:prediction_latency": {
                    "p99": "25736599.6000000000786", 
                    "min": "664238", 
                    "max": "25770219", 
                    "p95": "24723017.5999999998967", 
                    "std_dev": "7209708.60354194075262", 
                    "size": "751", 
                    "p50": "13265923", 
                    "unit": "microseconds", 
                    "mean": "13472628.6631158455457"
                }
            }, 
            {
                "model:nmt:1:prediction_latency": {
                    "p99": "663946", 
                    "min": "570371", 
                    "max": "663946", 
                    "p95": "610616.399999999925058", 
                    "std_dev": "15386.0440994299765611", 
                    "size": "51", 
                    "p50": "576203", 
                    "unit": "microseconds", 
                    "mean": "579892.431372549019557"
                }
            }, 
            {
                "model:nmt:1:batch_size": {
                    "p99": "15", 
                    "min": "1", 
                    "max": "15", 
                    "p95": "15", 
                    "std_dev": "1.94107743855130692823", 
                    "size": "51", 
                    "p50": "15", 
                    "unit": "queries", 
                    "mean": "14.7254901960784313764"
                }
            }
        ], 
        "meters": [
            {
                "internal:aggregate_model_throughput": {
                    "rate": "13.51038036164212", 
                    "rate_1min": "9.7331492738612848", 
                    "rate_15min": "0.80478137260726923", 
                    "unit": "events per second", 
                    "rate_5min": "2.3388151860650543"
                }
            }, 
            {
                "app:nmt:prediction_throughput": {
                    "rate": "0", 
                    "rate_1min": "0", 
                    "rate_15min": "0", 
                    "unit": "events per second", 
                    "rate_5min": "0"
                }
            }, 
            {
                "model:nmt:1:prediction_throughput": {
                    "rate": "21.068282556247546", 
                    "rate_1min": "9.7672643371299994", 
                    "rate_15min": "0.80496401036595011", 
                    "unit": "events per second", 
                    "rate_5min": "2.3404143717817725"
                }
            }
        ], 
        "ratio_counters": [
            {
                "app:nmt:default_prediction_ratio": {
                    "ratio": "0"
                }
            }, 
            {
                "model:nmt:1:cache_hit_ratio": {
                    "ratio": "0"
                }
            }
        ], 
        "counters": [
            {
                "internal:aggregate_num_predictions": {
                    "count": "5000"
                }
            }, 
            {
                "app:nmt:num_predictions": {
                    "count": "751"
                }
            }, 
            {
                "model:nmt:1:num_predictions": {
                    "count": "751"
                }
            }
        ]
    }
}