{
    "client_metrics": [
        {
            "thrus": [
                2.6906316564545536, 
                2.6797393642618488, 
                2.6890319549498947, 
                2.695749563140305, 
                2.7443461529426307, 
                2.706279965961493, 
                2.662364285980522, 
                2.6782779658286016, 
                2.7655004919825372, 
                2.5886498679167294, 
                2.658531418736989, 
                2.5873269414628663, 
                2.7374797939772706, 
                2.648288392673796, 
                2.7018273106540507
            ], 
            "p99_lats": [
                18.1877766, 
                36.53181144999999, 
                54.91268112, 
                73.14118425000001, 
                91.08852164999999, 
                109.37406329000001, 
                127.86263924, 
                146.28832832, 
                164.03463315, 
                183.15737794, 
                201.6597146, 
                220.7709526, 
                238.76643969, 
                257.40087243000005, 
                275.64186902
            ], 
            "mean_lats": [
                9.74944976, 
                27.637684439999997, 
                46.00745184, 
                64.54182347999999, 
                82.39643426, 
                100.80546138000001, 
                118.99589194000002, 
                137.17760358, 
                155.49293364000002, 
                174.17198749999997, 
                192.61106604, 
                211.53270897999994, 
                230.3141975, 
                248.46295682, 
                266.85837502
            ]
        }
    ], 
    "node_configs": [
        {
            "model_image": "model-comp/nmt", 
            "name": "nmt", 
            "cpus_per_replica": 5, 
            "input_type": "strings", 
            "use_nvidia_docker": true, 
            "batch_size": 1, 
            "num_replicas": 1, 
            "slo": 500000, 
            "allocated_cpus": [
                6, 
                7, 
                8, 
                9, 
                10, 
                11, 
                12, 
                13, 
                14, 
                15
            ], 
            "gpus": [
                0
            ], 
            "input_size": 20
        }
    ], 
    "clipper_metrics": {
        "histograms": [
            {
                "internal:rpc_request_queueing_delay": {
                    "p99": "0", 
                    "min": "0", 
                    "max": "0", 
                    "p95": "0", 
                    "std_dev": "0", 
                    "size": "0", 
                    "p50": "0", 
                    "unit": "microseconds", 
                    "mean": "0"
                }
            }, 
            {
                "app:nmt:prediction_latency": {
                    "p99": "273660992.560000007594", 
                    "min": "789220", 
                    "max": "276192492", 
                    "p95": "262906855.599999993923", 
                    "std_dev": "79721971.0953144078085", 
                    "size": "751", 
                    "p50": "137114662", 
                    "unit": "microseconds", 
                    "mean": "137966463.912117177068"
                }
            }, 
            {
                "model:nmt:1:prediction_latency": {
                    "p99": "469981.240000000001146", 
                    "min": "243473", 
                    "max": "788929", 
                    "p95": "465260.799999999999841", 
                    "std_dev": "60579.3936100968433607", 
                    "size": "751", 
                    "p50": "361924", 
                    "unit": "microseconds", 
                    "mean": "372948.286284953395466"
                }
            }, 
            {
                "model:nmt:1:batch_size": {
                    "p99": "1", 
                    "min": "1", 
                    "max": "1", 
                    "p95": "1", 
                    "std_dev": "5.42101086242752217004e-18", 
                    "size": "751", 
                    "p50": "1", 
                    "unit": "queries", 
                    "mean": "0.999999999999999994579"
                }
            }
        ], 
        "meters": [
            {
                "internal:aggregate_model_throughput": {
                    "rate": "2.4551954697007812", 
                    "rate_1min": "2.653316493676785", 
                    "rate_15min": "0.71527295596175611", 
                    "unit": "events per second", 
                    "rate_5min": "1.6233988740554894"
                }
            }, 
            {
                "app:nmt:prediction_throughput": {
                    "rate": "0", 
                    "rate_1min": "0", 
                    "rate_15min": "0", 
                    "unit": "events per second", 
                    "rate_5min": "0"
                }
            }, 
            {
                "model:nmt:1:prediction_throughput": {
                    "rate": "2.6279116119040502", 
                    "rate_1min": "2.649642134125568", 
                    "rate_15min": "0.71520323124584895", 
                    "unit": "events per second", 
                    "rate_5min": "1.6229176436377213"
                }
            }
        ], 
        "ratio_counters": [
            {
                "app:nmt:default_prediction_ratio": {
                    "ratio": "0"
                }
            }, 
            {
                "model:nmt:1:cache_hit_ratio": {
                    "ratio": "0"
                }
            }
        ], 
        "counters": [
            {
                "internal:aggregate_num_predictions": {
                    "count": "5000"
                }
            }, 
            {
                "app:nmt:num_predictions": {
                    "count": "751"
                }
            }, 
            {
                "model:nmt:1:num_predictions": {
                    "count": "751"
                }
            }
        ]
    }
}