{
    "client_metrics": [
        {
            "thrus": [
                11.185557208532344, 
                18.161655442158214, 
                18.39231995574072, 
                18.43767953690449, 
                15.52852901350361, 
                18.09554520249096, 
                18.410361056636898, 
                18.11184717658037, 
                15.570149283477301, 
                18.128658363257706, 
                18.091053720660383, 
                18.383150445497268, 
                15.447069073114067, 
                17.99203168900557, 
                18.364386899434045
            ], 
            "p99_lats": [
                4.010011259999999, 
                6.7183591400000005, 
                9.18616879, 
                11.65263068, 
                14.38015504, 
                17.097453809999998, 
                19.565554990000003, 
                22.077836830000003, 
                24.796492569999998, 
                27.50969881, 
                30.025405839999998, 
                32.49734633, 
                35.238883990000005, 
                37.97540574, 
                40.44997162999999
            ], 
            "mean_lats": [
                2.7475701000000003, 
                5.34967014, 
                7.9411285399999985, 
                10.52097354, 
                13.1022609, 
                15.723795899999997, 
                18.32599588, 
                20.905888140000002, 
                23.524169279999995, 
                26.139142699999997, 
                28.753065720000006, 
                31.361397659999998, 
                33.95582884, 
                36.59677094, 
                39.21408374
            ]
        }
    ], 
    "node_configs": [
        {
            "model_image": "model-comp/nmt", 
            "name": "nmt", 
            "cpus_per_replica": 2, 
            "input_type": "strings", 
            "use_nvidia_docker": true, 
            "batch_size": 8, 
            "num_replicas": 1, 
            "slo": 500000, 
            "allocated_cpus": [
                6, 
                7, 
                8, 
                9, 
                10, 
                11
            ], 
            "gpus": [
                0
            ], 
            "input_size": 10
        }
    ], 
    "clipper_metrics": {
        "histograms": [
            {
                "internal:rpc_request_queueing_delay": {
                    "p99": "0", 
                    "min": "0", 
                    "max": "0", 
                    "p95": "0", 
                    "std_dev": "0", 
                    "size": "0", 
                    "p50": "0", 
                    "unit": "microseconds", 
                    "mean": "0"
                }
            }, 
            {
                "app:nmt:prediction_latency": {
                    "p99": "40837944.2599999999802", 
                    "min": "1167763", 
                    "max": "40871939", 
                    "p95": "39209008.6999999998952", 
                    "std_dev": "11441972.1942370786901", 
                    "size": "761", 
                    "p50": "21219426", 
                    "unit": "microseconds", 
                    "mean": "21228072.8226018396836"
                }
            }, 
            {
                "model:nmt:1:prediction_latency": {
                    "p99": "1167469", 
                    "min": "415376", 
                    "max": "1167469", 
                    "p95": "467761.149999999974568", 
                    "std_dev": "73268.9451596457962737", 
                    "size": "96", 
                    "p50": "459927.5", 
                    "unit": "microseconds", 
                    "mean": "466206.5729166666666"
                }
            }, 
            {
                "model:nmt:1:batch_size": {
                    "p99": "8", 
                    "min": "1", 
                    "max": "8", 
                    "p95": "8", 
                    "std_dev": "0.71070375430898695098", 
                    "size": "96", 
                    "p50": "8", 
                    "unit": "queries", 
                    "mean": "7.92708333333333333868"
                }
            }
        ], 
        "meters": [
            {
                "internal:aggregate_model_throughput": {
                    "rate": "10.697262016810051", 
                    "rate_1min": "8.7827730450353769", 
                    "rate_15min": "0.7997334375881141", 
                    "unit": "events per second", 
                    "rate_5min": "2.2895568289674411"
                }
            }, 
            {
                "app:nmt:prediction_throughput": {
                    "rate": "0", 
                    "rate_1min": "0", 
                    "rate_15min": "0", 
                    "unit": "events per second", 
                    "rate_5min": "0"
                }
            }, 
            {
                "model:nmt:1:prediction_throughput": {
                    "rate": "15.379915439163483", 
                    "rate_1min": "8.3383395362166599", 
                    "rate_15min": "0.74043824768689881", 
                    "unit": "events per second", 
                    "rate_5min": "2.1280841163652244"
                }
            }
        ], 
        "ratio_counters": [
            {
                "app:nmt:default_prediction_ratio": {
                    "ratio": "0"
                }
            }, 
            {
                "model:nmt:1:cache_hit_ratio": {
                    "ratio": "0"
                }
            }
        ], 
        "counters": [
            {
                "internal:aggregate_num_predictions": {
                    "count": "5000"
                }
            }, 
            {
                "app:nmt:num_predictions": {
                    "count": "761"
                }
            }, 
            {
                "model:nmt:1:num_predictions": {
                    "count": "761"
                }
            }
        ]
    }
}