{
    "client_metrics": [
        {
            "thrus": [
                8.20233385926698, 
                12.868962815646702, 
                12.917643563461153, 
                9.717814113764506, 
                12.947491190526994, 
                13.052499240344543, 
                9.628470076544412, 
                12.777456069828286, 
                13.175088226978312, 
                9.803621693140366, 
                12.925554493362212, 
                12.745627357622421, 
                9.604527804915904, 
                12.751104309388715, 
                12.954522371941955
            ], 
            "p99_lats": [
                5.85377056, 
                9.50664231, 
                13.1447568, 
                17.98062298, 
                21.60983196, 
                25.2069601, 
                30.09169439, 
                33.772159759999994, 
                37.33479968, 
                42.125159589999996, 
                45.76101825, 
                49.451167530000006, 
                54.34855172, 
                58.037060350000004, 
                61.66373955
            ], 
            "mean_lats": [
                3.54489188, 
                7.57611022, 
                11.581509420000001, 
                15.670122860000001, 
                19.689714820000003, 
                23.680328600000003, 
                27.763020500000003, 
                31.82524372, 
                35.80326338, 
                39.89545476, 
                43.8538337, 
                47.86909468000001, 
                52.00242612, 
                56.086076680000005, 
                60.122877900000006
            ]
        }
    ], 
    "node_configs": [
        {
            "model_image": "model-comp/nmt", 
            "name": "nmt", 
            "cpus_per_replica": 1, 
            "input_type": "strings", 
            "use_nvidia_docker": true, 
            "batch_size": 15, 
            "num_replicas": 1, 
            "slo": 500000, 
            "allocated_cpus": [
                6, 
                7, 
                8, 
                9, 
                10, 
                11, 
                12, 
                13, 
                14, 
                15
            ], 
            "gpus": [
                0
            ], 
            "input_size": 20
        }
    ], 
    "clipper_metrics": {
        "histograms": [
            {
                "internal:rpc_request_queueing_delay": {
                    "p99": "0", 
                    "min": "0", 
                    "max": "0", 
                    "p95": "0", 
                    "std_dev": "0", 
                    "size": "0", 
                    "p50": "0", 
                    "unit": "microseconds", 
                    "mean": "0"
                }
            }, 
            {
                "app:nmt:prediction_latency": {
                    "p99": "61629844.8800000001029", 
                    "min": "884996", 
                    "max": "61664139", 
                    "p95": "59233019.5999999998712", 
                    "std_dev": "17516360.9731704882743", 
                    "size": "751", 
                    "p50": "31318603", 
                    "unit": "microseconds", 
                    "mean": "31834541.0772303595295"
                }
            }, 
            {
                "model:nmt:1:prediction_latency": {
                    "p99": "1340256", 
                    "min": "884711", 
                    "max": "1340256", 
                    "p95": "1312695.19999999999675", 
                    "std_dev": "62934.9327580867294891", 
                    "size": "51", 
                    "p50": "1298832", 
                    "unit": "microseconds", 
                    "mean": "1283468.56862745098044"
                }
            }, 
            {
                "model:nmt:1:batch_size": {
                    "p99": "15", 
                    "min": "1", 
                    "max": "15", 
                    "p95": "15", 
                    "std_dev": "1.94107743855130692823", 
                    "size": "51", 
                    "p50": "15", 
                    "unit": "queries", 
                    "mean": "14.7254901960784313764"
                }
            }
        ], 
        "meters": [
            {
                "internal:aggregate_model_throughput": {
                    "rate": "8.2052411606144275", 
                    "rate_1min": "7.6223270637160701", 
                    "rate_15min": "0.78997428250949286", 
                    "unit": "events per second", 
                    "rate_5min": "2.2142650820918601"
                }
            }, 
            {
                "app:nmt:prediction_throughput": {
                    "rate": "0", 
                    "rate_1min": "0", 
                    "rate_15min": "0", 
                    "unit": "events per second", 
                    "rate_5min": "0"
                }
            }, 
            {
                "model:nmt:1:prediction_throughput": {
                    "rate": "10.669376356767124", 
                    "rate_1min": "7.7222015735255649", 
                    "rate_15min": "0.80561189629391916", 
                    "unit": "events per second", 
                    "rate_5min": "2.2556039545801725"
                }
            }
        ], 
        "ratio_counters": [
            {
                "app:nmt:default_prediction_ratio": {
                    "ratio": "0"
                }
            }, 
            {
                "model:nmt:1:cache_hit_ratio": {
                    "ratio": "0"
                }
            }
        ], 
        "counters": [
            {
                "internal:aggregate_num_predictions": {
                    "count": "5000"
                }
            }, 
            {
                "app:nmt:num_predictions": {
                    "count": "751"
                }
            }, 
            {
                "model:nmt:1:num_predictions": {
                    "count": "751"
                }
            }
        ]
    }
}