{
    "client_metrics": [
        {
            "thrus": [
                5.4717963371138705, 
                6.584888497424584, 
                6.605845327566694, 
                6.582787038808294, 
                6.576667168685594, 
                6.573402357563903, 
                6.536397997613691, 
                6.555482192425953, 
                6.54357760944788, 
                6.549524491422874, 
                6.54237720154264, 
                6.533161084363623, 
                6.537846679126931, 
                6.5339072543228, 
                6.535301016618356
            ], 
            "p99_lats": [
                8.996911019999999, 
                16.332397049999997, 
                23.642886510000004, 
                30.9791794, 
                38.323661720000004, 
                45.67230872, 
                53.06358066, 
                60.43229703, 
                67.81446917, 
                75.19067639, 
                82.57532372, 
                89.97028945, 
                97.35933888, 
                104.73429663, 
                112.12652031
            ], 
            "mean_lats": [
                6.96749538, 
                14.280011560000002, 
                21.611944819999998, 
                28.9367869, 
                36.28240898, 
                43.63031382, 
                51.008230139999995, 
                58.3827695, 
                65.76134406, 
                73.14017319999999, 
                80.5252659, 
                87.91800521999998, 
                95.30571483999998, 
                102.67821634, 
                110.07177732
            ]
        }
    ], 
    "node_configs": [
        {
            "model_image": "model-comp/nmt", 
            "name": "nmt", 
            "cpus_per_replica": 2, 
            "input_type": "strings", 
            "use_nvidia_docker": true, 
            "batch_size": 25, 
            "num_replicas": 1, 
            "slo": 500000, 
            "allocated_cpus": [
                6, 
                7, 
                8, 
                9, 
                10, 
                11, 
                12, 
                13, 
                14, 
                15
            ], 
            "gpus": [
                0
            ], 
            "input_size": 80
        }
    ], 
    "clipper_metrics": {
        "histograms": [
            {
                "internal:rpc_request_queueing_delay": {
                    "p99": "0", 
                    "min": "0", 
                    "max": "0", 
                    "p95": "0", 
                    "std_dev": "0", 
                    "size": "0", 
                    "p50": "0", 
                    "unit": "microseconds", 
                    "mean": "0"
                }
            }, 
            {
                "app:nmt:prediction_latency": {
                    "p99": "112093182.160000000105", 
                    "min": "1575100", 
                    "max": "112126501", 
                    "p95": "108366024.39999999987", 
                    "std_dev": "31933670.2306914908804", 
                    "size": "751", 
                    "p50": "56742538", 
                    "unit": "microseconds", 
                    "mean": "58501069.8042609853546"
                }
            }, 
            {
                "model:nmt:1:prediction_latency": {
                    "p99": "3831647", 
                    "min": "1574798", 
                    "max": "3831647", 
                    "p95": "3830603.59999999999764", 
                    "std_dev": "395331.462199181895812", 
                    "size": "31", 
                    "p50": "3816836", 
                    "unit": "microseconds", 
                    "mean": "3738309.80645161290295"
                }
            }, 
            {
                "model:nmt:1:batch_size": {
                    "p99": "25", 
                    "min": "1", 
                    "max": "25", 
                    "p95": "25", 
                    "std_dev": "4.24043270326580216609", 
                    "size": "31", 
                    "p50": "25", 
                    "unit": "queries", 
                    "mean": "24.2258064516129032299"
                }
            }
        ], 
        "meters": [
            {
                "internal:aggregate_model_throughput": {
                    "rate": "4.5133307323086447", 
                    "rate_1min": "5.443428177617557", 
                    "rate_15min": "0.75831487148045806", 
                    "unit": "events per second", 
                    "rate_5min": "2.0180050765239059"
                }
            }, 
            {
                "app:nmt:prediction_throughput": {
                    "rate": "0", 
                    "rate_1min": "0", 
                    "rate_15min": "0", 
                    "unit": "events per second", 
                    "rate_5min": "0"
                }
            }, 
            {
                "model:nmt:1:prediction_throughput": {
                    "rate": "5.1225370546834785", 
                    "rate_1min": "5.4827907587647795", 
                    "rate_15min": "0.75860947020173808", 
                    "unit": "events per second", 
                    "rate_5min": "2.0204301561086075"
                }
            }
        ], 
        "ratio_counters": [
            {
                "app:nmt:default_prediction_ratio": {
                    "ratio": "0"
                }
            }, 
            {
                "model:nmt:1:cache_hit_ratio": {
                    "ratio": "0"
                }
            }
        ], 
        "counters": [
            {
                "internal:aggregate_num_predictions": {
                    "count": "5000"
                }
            }, 
            {
                "app:nmt:num_predictions": {
                    "count": "751"
                }
            }, 
            {
                "model:nmt:1:num_predictions": {
                    "count": "751"
                }
            }
        ]
    }
}