{
    "client_metrics": [
        {
            "thrus": [
                1.6034859528056242, 
                1.6210170436001388, 
                1.6224825722656984, 
                1.6174037822663967, 
                1.6120316886741233, 
                1.6498090280057722, 
                1.6107315440124663, 
                1.622083117420553, 
                1.6421905284559266, 
                1.6730677121956798, 
                1.6420583963913862, 
                1.64724688873773, 
                1.6629847076582642, 
                1.6375928433262523, 
                1.6276993277341345
            ], 
            "p99_lats": [
                30.6118128, 
                61.19621324, 
                91.77614691, 
                122.42399071999999, 
                153.17534039, 
                183.24889785, 
                214.02278947, 
                244.57497264, 
                274.75778213, 
                304.42788631, 
                334.60820119000005, 
                364.67153398000005, 
                394.50954681999997, 
                424.74981169, 
                455.21519969999997
            ], 
            "mean_lats": [
                16.053271459999998, 
                46.398858819999994, 
                77.18994796, 
                107.74164821999999, 
                138.5506482, 
                168.91396512, 
                199.22153655999995, 
                229.89518208, 
                260.24776076, 
                290.27121750000003, 
                320.10574504, 
                350.25260281999994, 
                380.23917520000003, 
                410.2310287, 
                440.6048695
            ]
        }
    ], 
    "node_configs": [
        {
            "model_image": "model-comp/nmt", 
            "name": "nmt", 
            "cpus_per_replica": 2, 
            "input_type": "strings", 
            "use_nvidia_docker": true, 
            "batch_size": 1, 
            "num_replicas": 1, 
            "slo": 500000, 
            "allocated_cpus": [
                6, 
                7, 
                8, 
                9, 
                10, 
                11, 
                12, 
                13, 
                14, 
                15
            ], 
            "gpus": [
                0
            ], 
            "input_size": 40
        }
    ], 
    "clipper_metrics": {
        "histograms": [
            {
                "internal:rpc_request_queueing_delay": {
                    "p99": "0", 
                    "min": "0", 
                    "max": "0", 
                    "p95": "0", 
                    "std_dev": "0", 
                    "size": "0", 
                    "p50": "0", 
                    "unit": "microseconds", 
                    "mean": "0"
                }
            }, 
            {
                "app:nmt:prediction_latency": {
                    "p99": "452126460.400000011374", 
                    "min": "1079323", 
                    "max": "456172708", 
                    "p95": "433952585.599999985629", 
                    "std_dev": "131448509.785170615396", 
                    "size": "751", 
                    "p50": "230249329", 
                    "unit": "microseconds", 
                    "mean": "229362094.719041278411"
                }
            }, 
            {
                "model:nmt:1:prediction_latency": {
                    "p99": "677032.400000000005548", 
                    "min": "461264", 
                    "max": "1079057", 
                    "p95": "662515.599999999998886", 
                    "std_dev": "40740.9591744349818683", 
                    "size": "751", 
                    "p50": "617920", 
                    "unit": "microseconds", 
                    "mean": "612554.218375499334343"
                }
            }, 
            {
                "model:nmt:1:batch_size": {
                    "p99": "1", 
                    "min": "1", 
                    "max": "1", 
                    "p95": "1", 
                    "std_dev": "5.42101086242752217004e-18", 
                    "size": "751", 
                    "p50": "1", 
                    "unit": "queries", 
                    "mean": "0.999999999999999994579"
                }
            }
        ], 
        "meters": [
            {
                "internal:aggregate_model_throughput": {
                    "rate": "1.5446385739073973", 
                    "rate_1min": "1.6371780808920442", 
                    "rate_15min": "0.65261386393519571", 
                    "unit": "events per second", 
                    "rate_5min": "1.2821215108238222"
                }
            }, 
            {
                "app:nmt:prediction_throughput": {
                    "rate": "0", 
                    "rate_1min": "0", 
                    "rate_15min": "0", 
                    "unit": "events per second", 
                    "rate_5min": "0"
                }
            }, 
            {
                "model:nmt:1:prediction_throughput": {
                    "rate": "1.6112053734192648", 
                    "rate_1min": "1.6334168281765848", 
                    "rate_15min": "0.65253884827122699", 
                    "unit": "events per second", 
                    "rate_5min": "1.2816531208894446"
                }
            }
        ], 
        "ratio_counters": [
            {
                "app:nmt:default_prediction_ratio": {
                    "ratio": "0"
                }
            }, 
            {
                "model:nmt:1:cache_hit_ratio": {
                    "ratio": "0"
                }
            }
        ], 
        "counters": [
            {
                "internal:aggregate_num_predictions": {
                    "count": "5000"
                }
            }, 
            {
                "app:nmt:num_predictions": {
                    "count": "751"
                }
            }, 
            {
                "model:nmt:1:num_predictions": {
                    "count": "751"
                }
            }
        ]
    }
}