{
    "client_metrics": [
        {
            "thrus": [
                3.178491832324893, 
                4.101535647758806, 
                4.088906233120484, 
                4.069588663884045, 
                3.4788542713511896, 
                4.05882404989626, 
                4.060986597201055, 
                4.064665247177172, 
                3.4794866170593943, 
                4.059376005710406, 
                4.062621904048508, 
                4.060118334584932, 
                3.480657256686569, 
                4.064718777553712, 
                4.060250545068334
            ], 
            "p99_lats": [
                14.501124399999997, 
                27.417072249999997, 
                39.39750915, 
                51.43582593, 
                64.51865801, 
                77.57425118, 
                89.63866383000001, 
                101.69183137, 
                114.79222400999998, 
                127.84203931, 
                139.90159820999997, 
                151.96876721, 
                165.06376203, 
                178.09818004, 
                190.16496168
            ], 
            "mean_lats": [
                8.510337999999999, 
                20.94903938, 
                33.3866141, 
                45.87499982, 
                58.4516809, 
                71.0431263, 
                83.5889086, 
                96.13048742, 
                108.7140186, 
                121.31183316, 
                133.8574435, 
                146.40238938000002, 
                158.9920638, 
                171.57507844, 
                184.11509649999996
            ]
        }
    ], 
    "node_configs": [
        {
            "model_image": "model-comp/nmt", 
            "name": "nmt", 
            "cpus_per_replica": 5, 
            "input_type": "strings", 
            "use_nvidia_docker": true, 
            "batch_size": 8, 
            "num_replicas": 1, 
            "slo": 500000, 
            "allocated_cpus": [
                6, 
                7, 
                8, 
                9, 
                10, 
                11, 
                12, 
                13, 
                14, 
                15
            ], 
            "gpus": [
                0
            ], 
            "input_size": 80
        }
    ], 
    "clipper_metrics": {
        "histograms": [
            {
                "internal:rpc_request_queueing_delay": {
                    "p99": "0", 
                    "min": "0", 
                    "max": "0", 
                    "p95": "0", 
                    "std_dev": "0", 
                    "size": "0", 
                    "p50": "0", 
                    "unit": "microseconds", 
                    "mean": "0"
                }
            }, 
            {
                "app:nmt:prediction_latency": {
                    "p99": "190132346.900000000198", 
                    "min": "1549740", 
                    "max": "190165670", 
                    "p95": "182094099.299999999756", 
                    "std_dev": "54575272.9087572705175", 
                    "size": "753", 
                    "p50": "95662266", 
                    "unit": "microseconds", 
                    "mean": "96565686.2788844621609"
                }
            }, 
            {
                "model:nmt:1:prediction_latency": {
                    "p99": "2058712", 
                    "min": "1549455", 
                    "max": "2058712", 
                    "p95": "2056871.19999999999141", 
                    "std_dev": "51661.3778382312170265", 
                    "size": "95", 
                    "p50": "2050703", 
                    "unit": "microseconds", 
                    "mean": "2042298.48421052631602"
                }
            }, 
            {
                "model:nmt:1:batch_size": {
                    "p99": "8", 
                    "min": "1", 
                    "max": "8", 
                    "p95": "8", 
                    "std_dev": "0.714394926356090590868", 
                    "size": "95", 
                    "p50": "8", 
                    "unit": "queries", 
                    "mean": "7.92631578947368420482"
                }
            }
        ], 
        "meters": [
            {
                "internal:aggregate_model_throughput": {
                    "rate": "3.079090059291048", 
                    "rate_1min": "3.6908150978202365", 
                    "rate_15min": "0.73093374824881208", 
                    "unit": "events per second", 
                    "rate_5min": "1.8048736153237592"
                }
            }, 
            {
                "app:nmt:prediction_throughput": {
                    "rate": "0", 
                    "rate_1min": "0", 
                    "rate_15min": "0", 
                    "unit": "events per second", 
                    "rate_5min": "0"
                }
            }, 
            {
                "model:nmt:1:prediction_throughput": {
                    "rate": "3.3557816706697103", 
                    "rate_1min": "3.6739247866414537", 
                    "rate_15min": "0.73075334100603317", 
                    "unit": "events per second", 
                    "rate_5min": "1.8035005450646693"
                }
            }
        ], 
        "ratio_counters": [
            {
                "app:nmt:default_prediction_ratio": {
                    "ratio": "0"
                }
            }, 
            {
                "model:nmt:1:cache_hit_ratio": {
                    "ratio": "0"
                }
            }
        ], 
        "counters": [
            {
                "internal:aggregate_num_predictions": {
                    "count": "5000"
                }
            }, 
            {
                "app:nmt:num_predictions": {
                    "count": "753"
                }
            }, 
            {
                "model:nmt:1:num_predictions": {
                    "count": "753"
                }
            }
        ]
    }
}