{
    "client_metrics": [
        {
            "thrus": [
                2.8184571968233505, 
                3.330159469348413, 
                3.0731297946202774, 
                3.3279876976275573, 
                3.0675307696342675, 
                3.321787685149802, 
                3.0690555294651736, 
                3.32443095050534, 
                3.0692192421876707, 
                3.32343216422966, 
                3.0693530135337594, 
                3.3266994510679773, 
                3.074531564370852, 
                3.322554523451985, 
                3.0650461644993108
            ], 
            "p99_lats": [
                16.88340294, 
                32.24909923, 
                47.6498995, 
                63.02698817999999, 
                78.45787787, 
                93.86210082, 
                109.28478473999999, 
                124.67778533, 
                140.09937781000002, 
                155.49730496, 
                170.89844528999998, 
                186.28413569, 
                201.67898028, 
                217.07932557, 
                232.52166964
            ], 
            "mean_lats": [
                9.50237534, 
                24.86162116, 
                40.23994998, 
                55.62883819999999, 
                71.03958804, 
                86.44968599999999, 
                101.8670276, 
                117.27733654000002, 
                132.6806664, 
                148.09414866000003, 
                163.49598962000002, 
                178.89121712, 
                194.27292728, 
                209.67280112, 
                225.09737914000002
            ]
        }
    ], 
    "node_configs": [
        {
            "model_image": "model-comp/nmt", 
            "name": "nmt", 
            "cpus_per_replica": 3, 
            "input_type": "strings", 
            "use_nvidia_docker": true, 
            "batch_size": 4, 
            "num_replicas": 1, 
            "slo": 500000, 
            "allocated_cpus": [
                6, 
                7, 
                8, 
                9, 
                10, 
                11, 
                12, 
                13, 
                14, 
                15
            ], 
            "gpus": [
                0
            ], 
            "input_size": 80
        }
    ], 
    "clipper_metrics": {
        "histograms": [
            {
                "internal:rpc_request_queueing_delay": {
                    "p99": "0", 
                    "min": "0", 
                    "max": "0", 
                    "p95": "0", 
                    "std_dev": "0", 
                    "size": "0", 
                    "p50": "0", 
                    "unit": "microseconds", 
                    "mean": "0"
                }
            }, 
            {
                "app:nmt:prediction_latency": {
                    "p99": "231877565.160000000207", 
                    "min": "1528862", 
                    "max": "233124858", 
                    "p95": "222015459.599999999744", 
                    "std_dev": "66962246.1816724413547", 
                    "size": "753", 
                    "p50": "117284889", 
                    "unit": "microseconds", 
                    "mean": "117731121.443559096937"
                }
            }, 
            {
                "model:nmt:1:prediction_latency": {
                    "p99": "1287745.69999999848005", 
                    "min": "1239779", 
                    "max": "1528574", 
                    "p95": "1259151.5", 
                    "std_dev": "20380.9395731442611606", 
                    "size": "189", 
                    "p50": "1252584", 
                    "unit": "microseconds", 
                    "mean": "1253964.21693121693102"
                }
            }, 
            {
                "model:nmt:1:batch_size": {
                    "p99": "4", 
                    "min": "1", 
                    "max": "4", 
                    "p95": "4", 
                    "std_dev": "0.217639828584160130104", 
                    "size": "189", 
                    "p50": "4", 
                    "unit": "queries", 
                    "mean": "3.98412698412698411963"
                }
            }
        ], 
        "meters": [
            {
                "internal:aggregate_model_throughput": {
                    "rate": "2.6249986077572127", 
                    "rate_1min": "3.1330810418674226", 
                    "rate_15min": "0.72927050531260917", 
                    "unit": "events per second", 
                    "rate_5min": "1.7266877174677191"
                }
            }, 
            {
                "app:nmt:prediction_throughput": {
                    "rate": "0", 
                    "rate_1min": "0", 
                    "rate_15min": "0", 
                    "unit": "events per second", 
                    "rate_5min": "0"
                }
            }, 
            {
                "model:nmt:1:prediction_throughput": {
                    "rate": "2.8188977995051117", 
                    "rate_1min": "3.1338744652527883", 
                    "rate_15min": "0.7293678406154257", 
                    "unit": "events per second", 
                    "rate_5min": "1.7272324082421975"
                }
            }
        ], 
        "ratio_counters": [
            {
                "app:nmt:default_prediction_ratio": {
                    "ratio": "0"
                }
            }, 
            {
                "model:nmt:1:cache_hit_ratio": {
                    "ratio": "0"
                }
            }
        ], 
        "counters": [
            {
                "internal:aggregate_num_predictions": {
                    "count": "5000"
                }
            }, 
            {
                "app:nmt:num_predictions": {
                    "count": "753"
                }
            }, 
            {
                "model:nmt:1:num_predictions": {
                    "count": "753"
                }
            }
        ]
    }
}