{
    "client_metrics": [
        {
            "thrus": [
                1.7024793410941874, 
                1.7096293677397383, 
                1.6985410347810925, 
                1.6956274177527444, 
                1.7077367098976801, 
                1.7103239979630724, 
                1.7036381704220815, 
                1.70015912129248, 
                1.697529161429082, 
                1.7033247126934075, 
                1.7139272978091964, 
                1.7233671105244617, 
                1.7006905688068452, 
                1.6971881055355011, 
                1.710198340252511
            ], 
            "p99_lats": [
                28.846000949999997, 
                57.84367073, 
                87.0100773, 
                116.19887682999999, 
                145.22872418, 
                174.20322958, 
                203.28637814, 
                232.43763417000002, 
                261.65834748, 
                290.74771044, 
                319.64562979, 
                348.39137326, 
                377.57133638, 
                406.73318491, 
                435.72951873
            ], 
            "mean_lats": [
                15.164866880000002, 
                44.04185424, 
                72.85917314, 
                102.1697432, 
                131.31235088, 
                160.24390413999998, 
                189.26676656, 
                218.34681338, 
                247.62852526000003, 
                276.76482808000003, 
                305.89555444, 
                334.58341726, 
                363.52094683999997, 
                392.67763716, 
                421.84789109999997
            ]
        }
    ], 
    "node_configs": [
        {
            "model_image": "model-comp/nmt", 
            "name": "nmt", 
            "cpus_per_replica": 3, 
            "input_type": "strings", 
            "use_nvidia_docker": true, 
            "batch_size": 1, 
            "num_replicas": 1, 
            "slo": 500000, 
            "allocated_cpus": [
                6, 
                7, 
                8, 
                9, 
                10, 
                11, 
                12, 
                13, 
                14, 
                15
            ], 
            "gpus": [
                0
            ], 
            "input_size": 40
        }
    ], 
    "clipper_metrics": {
        "histograms": [
            {
                "internal:rpc_request_queueing_delay": {
                    "p99": "0", 
                    "min": "0", 
                    "max": "0", 
                    "p95": "0", 
                    "std_dev": "0", 
                    "size": "0", 
                    "p50": "0", 
                    "unit": "microseconds", 
                    "mean": "0"
                }
            }, 
            {
                "app:nmt:prediction_latency": {
                    "p99": "432268452.400000004825", 
                    "min": "1165294", 
                    "max": "436015449", 
                    "p95": "414812445.649999962596", 
                    "std_dev": "125831911.306067987134", 
                    "size": "750", 
                    "p50": "218336935.5", 
                    "unit": "microseconds", 
                    "mean": "218420041.814666666673"
                }
            }, 
            {
                "model:nmt:1:prediction_latency": {
                    "p99": "649050.450000000000955", 
                    "min": "499884", 
                    "max": "1165015", 
                    "p95": "631100.899999999894817", 
                    "std_dev": "40016.8897538804509999", 
                    "size": "750", 
                    "p50": "590864", 
                    "unit": "microseconds", 
                    "mean": "586507.866666666666731"
                }
            }, 
            {
                "model:nmt:1:batch_size": {
                    "p99": "1", 
                    "min": "1", 
                    "max": "1", 
                    "p95": "1", 
                    "std_dev": "5.20417042793042128324e-18", 
                    "size": "750", 
                    "p50": "1", 
                    "unit": "queries", 
                    "mean": "1.0000000000000000052"
                }
            }
        ], 
        "meters": [
            {
                "internal:aggregate_model_throughput": {
                    "rate": "1.6086599786234828", 
                    "rate_1min": "1.7007203106393673", 
                    "rate_15min": "0.65778813777848433", 
                    "unit": "events per second", 
                    "rate_5min": "1.3097735492549811"
                }
            }, 
            {
                "app:nmt:prediction_throughput": {
                    "rate": "0", 
                    "rate_1min": "0", 
                    "rate_15min": "0", 
                    "unit": "events per second", 
                    "rate_5min": "0"
                }
            }, 
            {
                "model:nmt:1:prediction_throughput": {
                    "rate": "1.6814335315806239", 
                    "rate_1min": "1.7128858466451951", 
                    "rate_15min": "0.65875884628780745", 
                    "unit": "events per second", 
                    "rate_5min": "1.3123100745846044"
                }
            }
        ], 
        "ratio_counters": [
            {
                "app:nmt:default_prediction_ratio": {
                    "ratio": "0"
                }
            }, 
            {
                "model:nmt:1:cache_hit_ratio": {
                    "ratio": "0"
                }
            }
        ], 
        "counters": [
            {
                "internal:aggregate_num_predictions": {
                    "count": "5000"
                }
            }, 
            {
                "app:nmt:num_predictions": {
                    "count": "750"
                }
            }, 
            {
                "model:nmt:1:num_predictions": {
                    "count": "750"
                }
            }
        ]
    }
}