{
    "client_metrics": [
        {
            "thrus": [
                8.943574274416763, 
                14.053403495418731, 
                14.003413472067951, 
                10.580698351484875, 
                14.071252318942381, 
                14.196600198184539, 
                10.474722817884793, 
                13.950702124887243, 
                14.375462350807858, 
                10.71447321756702, 
                14.089305343707196, 
                13.88842594135751, 
                10.477380906230584, 
                13.83084161501078, 
                14.074805338404767
            ], 
            "p99_lats": [
                5.34857784, 
                8.67371648, 
                12.01133738, 
                16.427200489999997, 
                19.747878310000004, 
                23.0369408, 
                27.501619599999998, 
                30.83582644, 
                34.081159889999995, 
                38.43855995, 
                41.754461920000004, 
                45.12242216, 
                49.58505121, 
                52.96734540999999, 
                56.287061089999995
            ], 
            "mean_lats": [
                3.23556018, 
                6.91395326, 
                10.57303674, 
                14.31219132, 
                17.98787692, 
                21.63824836, 
                25.37321046, 
                29.07325426, 
                32.68685884, 
                36.40665552, 
                40.01170528, 
                43.6743066, 
                47.44251883999999, 
                51.17736329999999, 
                54.87400832
            ]
        }
    ], 
    "node_configs": [
        {
            "model_image": "model-comp/nmt", 
            "name": "nmt", 
            "cpus_per_replica": 2, 
            "input_type": "strings", 
            "use_nvidia_docker": true, 
            "batch_size": 15, 
            "num_replicas": 1, 
            "slo": 500000, 
            "allocated_cpus": [
                6, 
                7, 
                8, 
                9, 
                10, 
                11, 
                12, 
                13, 
                14, 
                15
            ], 
            "gpus": [
                0
            ], 
            "input_size": 20
        }
    ], 
    "clipper_metrics": {
        "histograms": [
            {
                "internal:rpc_request_queueing_delay": {
                    "p99": "0", 
                    "min": "0", 
                    "max": "0", 
                    "p95": "0", 
                    "std_dev": "0", 
                    "size": "0", 
                    "p50": "0", 
                    "unit": "microseconds", 
                    "mean": "0"
                }
            }, 
            {
                "app:nmt:prediction_latency": {
                    "p99": "56253925.6400000001013", 
                    "min": "793420", 
                    "max": "56288197", 
                    "p95": "54060370.3999999998741", 
                    "std_dev": "15980106.7068299359144", 
                    "size": "751", 
                    "p50": "28619232", 
                    "unit": "microseconds", 
                    "mean": "29058933.7310252996012"
                }
            }, 
            {
                "model:nmt:1:prediction_latency": {
                    "p99": "1234469", 
                    "min": "793129", 
                    "max": "1234469", 
                    "p95": "1205275.79999999999882", 
                    "std_dev": "60103.5850927923928211", 
                    "size": "51", 
                    "p50": "1192953", 
                    "unit": "microseconds", 
                    "mean": "1178372.66666666666652"
                }
            }, 
            {
                "model:nmt:1:batch_size": {
                    "p99": "15", 
                    "min": "1", 
                    "max": "15", 
                    "p95": "15", 
                    "std_dev": "1.94107743855130692823", 
                    "size": "51", 
                    "p50": "15", 
                    "unit": "queries", 
                    "mean": "14.7254901960784313764"
                }
            }
        ], 
        "meters": [
            {
                "internal:aggregate_model_throughput": {
                    "rate": "8.6788282204384011", 
                    "rate_1min": "7.8527944993090193", 
                    "rate_15min": "0.79192283349075754", 
                    "unit": "events per second", 
                    "rate_5min": "2.2302240836939333"
                }
            }, 
            {
                "app:nmt:prediction_throughput": {
                    "rate": "0", 
                    "rate_1min": "0", 
                    "rate_15min": "0", 
                    "unit": "events per second", 
                    "rate_5min": "0"
                }
            }, 
            {
                "model:nmt:1:prediction_throughput": {
                    "rate": "11.249537510691553", 
                    "rate_1min": "7.8830831127031908", 
                    "rate_15min": "0.79210396048344944", 
                    "unit": "events per second", 
                    "rate_5min": "2.2317841644051764"
                }
            }
        ], 
        "ratio_counters": [
            {
                "app:nmt:default_prediction_ratio": {
                    "ratio": "0"
                }
            }, 
            {
                "model:nmt:1:cache_hit_ratio": {
                    "ratio": "0"
                }
            }
        ], 
        "counters": [
            {
                "internal:aggregate_num_predictions": {
                    "count": "5000"
                }
            }, 
            {
                "app:nmt:num_predictions": {
                    "count": "751"
                }
            }, 
            {
                "model:nmt:1:num_predictions": {
                    "count": "751"
                }
            }
        ]
    }
}