{
    "client_metrics": [
        {
            "thrus": [
                4.712348804288615, 
                6.096633841170739, 
                5.957691099197583, 
                5.4473114249730905, 
                6.107418498026999, 
                6.1833825551196, 
                5.464851170243229, 
                5.8636520302484705, 
                6.176411912322128, 
                5.560716518341968, 
                6.140797431672882, 
                6.138174732719319, 
                5.49641655626198, 
                6.12195547501783, 
                6.162785796109902
            ], 
            "p99_lats": [
                9.872449139999999, 
                18.306882639999998, 
                26.45141558, 
                34.8704396, 
                43.2910215, 
                51.128535819999996, 
                59.51858674, 
                68.27884024, 
                76.12619809, 
                84.39252323, 
                92.73321132999999, 
                100.6312098, 
                108.96778422, 
                117.36912425, 
                125.23380062
            ], 
            "mean_lats": [
                5.8352093, 
                14.16341608, 
                22.609686960000005, 
                30.88142946, 
                39.15024334, 
                47.36666846, 
                55.55171200000001, 
                64.06437176, 
                72.33560756, 
                80.51084771999999, 
                88.61031604, 
                96.83533692, 
                105.04773426, 
                113.22883608000001, 
                121.44774204
            ]
        }
    ], 
    "node_configs": [
        {
            "model_image": "model-comp/nmt", 
            "name": "nmt", 
            "cpus_per_replica": 1, 
            "input_type": "strings", 
            "use_nvidia_docker": true, 
            "batch_size": 6, 
            "num_replicas": 1, 
            "slo": 500000, 
            "allocated_cpus": [
                6, 
                7, 
                8, 
                9, 
                10, 
                11, 
                12, 
                13, 
                14, 
                15
            ], 
            "gpus": [
                0
            ], 
            "input_size": 40
        }
    ], 
    "clipper_metrics": {
        "histograms": [
            {
                "internal:rpc_request_queueing_delay": {
                    "p99": "0", 
                    "min": "0", 
                    "max": "0", 
                    "p95": "0", 
                    "std_dev": "0", 
                    "size": "0", 
                    "p50": "0", 
                    "unit": "microseconds", 
                    "mean": "0"
                }
            }, 
            {
                "app:nmt:prediction_latency": {
                    "p99": "124243917.440000000104", 
                    "min": "1220237", 
                    "max": "125234542", 
                    "p95": "119322963.599999999875", 
                    "std_dev": "35789091.4615383630662", 
                    "size": "751", 
                    "p50": "64281266", 
                    "unit": "microseconds", 
                    "mean": "63922379.9786950732123"
                }
            }, 
            {
                "model:nmt:1:prediction_latency": {
                    "p99": "1217123.81000000004133", 
                    "min": "947349", 
                    "max": "1219958", 
                    "p95": "1055056.84999999999559", 
                    "std_dev": "42006.1231012153398652", 
                    "size": "126", 
                    "p50": "1018358", 
                    "unit": "microseconds", 
                    "mean": "1024384.46031746031753"
                }
            }, 
            {
                "model:nmt:1:batch_size": {
                    "p99": "6", 
                    "min": "1", 
                    "max": "6", 
                    "p95": "6", 
                    "std_dev": "0.443664281249958273505", 
                    "size": "126", 
                    "p50": "6", 
                    "unit": "queries", 
                    "mean": "5.96031746031746031359"
                }
            }
        ], 
        "meters": [
            {
                "internal:aggregate_model_throughput": {
                    "rate": "4.8162624108059946", 
                    "rate_1min": "5.2268279465864511", 
                    "rate_15min": "0.77845262890161337", 
                    "unit": "events per second", 
                    "rate_5min": "2.0426706922839459"
                }
            }, 
            {
                "app:nmt:prediction_throughput": {
                    "rate": "0", 
                    "rate_1min": "0", 
                    "rate_15min": "0", 
                    "unit": "events per second", 
                    "rate_5min": "0"
                }
            }, 
            {
                "model:nmt:1:prediction_throughput": {
                    "rate": "5.5775418310067213", 
                    "rate_1min": "5.1605162749263975", 
                    "rate_15min": "0.7550117564506057", 
                    "unit": "events per second", 
                    "rate_5min": "1.988169479191048"
                }
            }
        ], 
        "ratio_counters": [
            {
                "app:nmt:default_prediction_ratio": {
                    "ratio": "0"
                }
            }, 
            {
                "model:nmt:1:cache_hit_ratio": {
                    "ratio": "0"
                }
            }
        ], 
        "counters": [
            {
                "internal:aggregate_num_predictions": {
                    "count": "5000"
                }
            }, 
            {
                "app:nmt:num_predictions": {
                    "count": "751"
                }
            }, 
            {
                "model:nmt:1:num_predictions": {
                    "count": "751"
                }
            }
        ]
    }
}