{
    "client_metrics": [
        {
            "thrus": [
                3.7993051982625623, 
                4.289398879351649, 
                4.281851688475422, 
                4.2715145509143175, 
                4.2715415549231395, 
                4.2612377361577956, 
                4.263388382488354, 
                4.26393701926242, 
                4.2647193162187875, 
                4.2623267769086235, 
                4.259061323327833, 
                4.267565791568161, 
                4.263542888171704, 
                4.263764668842779, 
                4.263394198970049
            ], 
            "p99_lats": [
                12.94376768, 
                24.342784799999997, 
                35.76210206, 
                47.20821878, 
                58.65555206, 
                70.13085463, 
                81.60019345, 
                93.06794869, 
                104.516615, 
                115.98925883999999, 
                127.47055824, 
                138.92966593, 
                150.39785846, 
                161.86581974, 
                173.33560325
            ], 
            "mean_lats": [
                8.15188618, 
                19.53543048, 
                30.939704679999995, 
                42.37918866, 
                53.82577457999999, 
                65.29480214000002, 
                76.76265346, 
                88.22886144, 
                99.68430026, 
                111.14691463999999, 
                122.63039444, 
                134.09719322, 
                145.559998, 
                157.0280665, 
                168.49732452
            ]
        }
    ], 
    "node_configs": [
        {
            "model_image": "model-comp/nmt", 
            "name": "nmt", 
            "cpus_per_replica": 3, 
            "input_type": "strings", 
            "use_nvidia_docker": true, 
            "batch_size": 10, 
            "num_replicas": 1, 
            "slo": 500000, 
            "allocated_cpus": [
                6, 
                7, 
                8, 
                9, 
                10, 
                11, 
                12, 
                13, 
                14, 
                15
            ], 
            "gpus": [
                0
            ], 
            "input_size": 80
        }
    ], 
    "clipper_metrics": {
        "histograms": [
            {
                "internal:rpc_request_queueing_delay": {
                    "p99": "0", 
                    "min": "0", 
                    "max": "0", 
                    "p95": "0", 
                    "std_dev": "0", 
                    "size": "0", 
                    "p50": "0", 
                    "unit": "microseconds", 
                    "mean": "0"
                }
            }, 
            {
                "app:nmt:prediction_latency": {
                    "p99": "173302026.080000000104", 
                    "min": "1552044", 
                    "max": "173335983", 
                    "p95": "166422823.599999999904", 
                    "std_dev": "49681405.0545506076633", 
                    "size": "751", 
                    "p50": "88448607", 
                    "unit": "microseconds", 
                    "mean": "88361589.7043941411393"
                }
            }, 
            {
                "model:nmt:1:prediction_latency": {
                    "p99": "2353925", 
                    "min": "1551737", 
                    "max": "2353925", 
                    "p95": "2350528.59999999999695", 
                    "std_dev": "90363.1138559166823043", 
                    "size": "76", 
                    "p50": "2343519.5", 
                    "unit": "microseconds", 
                    "mean": "2331203.19736842105294"
                }
            }, 
            {
                "model:nmt:1:batch_size": {
                    "p99": "10", 
                    "min": "1", 
                    "max": "10", 
                    "p95": "10", 
                    "std_dev": "1.02555639921841418565", 
                    "size": "76", 
                    "p50": "10", 
                    "unit": "queries", 
                    "mean": "9.88157894736842104966"
                }
            }
        ], 
        "meters": [
            {
                "internal:aggregate_model_throughput": {
                    "rate": "3.2832000920240327", 
                    "rate_1min": "3.97791970436512", 
                    "rate_15min": "0.73900576565239351", 
                    "unit": "events per second", 
                    "rate_5min": "1.8520342650929289"
                }
            }, 
            {
                "app:nmt:prediction_throughput": {
                    "rate": "0", 
                    "rate_1min": "0", 
                    "rate_15min": "0", 
                    "unit": "events per second", 
                    "rate_5min": "0"
                }
            }, 
            {
                "model:nmt:1:prediction_throughput": {
                    "rate": "3.5889471667216686", 
                    "rate_1min": "4.0055665690825997", 
                    "rate_15min": "0.73944821633803737", 
                    "unit": "events per second", 
                    "rate_5min": "1.8552550750908527"
                }
            }
        ], 
        "ratio_counters": [
            {
                "app:nmt:default_prediction_ratio": {
                    "ratio": "0"
                }
            }, 
            {
                "model:nmt:1:cache_hit_ratio": {
                    "ratio": "0"
                }
            }
        ], 
        "counters": [
            {
                "internal:aggregate_num_predictions": {
                    "count": "5000"
                }
            }, 
            {
                "app:nmt:num_predictions": {
                    "count": "751"
                }
            }, 
            {
                "model:nmt:1:num_predictions": {
                    "count": "751"
                }
            }
        ]
    }
}