{
    "client_metrics": [
        {
            "thrus": [
                4.212256976992905, 
                7.245359311134422, 
                4.819426220319684, 
                7.2155361460840135, 
                4.805140962654252, 
                7.188833843189392, 
                4.7833967914696345, 
                7.165619244216343, 
                4.779097679595146, 
                7.163987836694892, 
                4.77849158885132, 
                7.1732296218230305, 
                4.790649112834062, 
                7.175793007648965, 
                4.781599487106512
            ], 
            "p99_lats": [
                11.65050377, 
                18.34171712, 
                28.404873610000003, 
                35.126164360000004, 
                45.22051813, 
                51.96696122, 
                62.10847022, 
                68.86259934, 
                79.01536727, 
                85.78619186, 
                95.94012319999999, 
                102.70178768, 
                112.82862832, 
                119.58881348, 
                129.7352961
            ], 
            "mean_lats": [
                7.40326096, 
                15.48097888, 
                24.13244404, 
                32.25212906, 
                40.940150980000006, 
                49.082190499999996, 
                57.80813638000001, 
                65.97028144, 
                74.7108998, 
                82.89453788, 
                91.6396969, 
                99.81318654, 
                108.52731229999999, 
                116.69886552, 
                125.42918734000003
            ]
        }
    ], 
    "node_configs": [
        {
            "model_image": "model-comp/nmt", 
            "name": "nmt", 
            "cpus_per_replica": 3, 
            "input_type": "strings", 
            "use_nvidia_docker": true, 
            "batch_size": 20, 
            "num_replicas": 1, 
            "slo": 500000, 
            "allocated_cpus": [
                6, 
                7, 
                8, 
                9, 
                10, 
                11, 
                12, 
                13, 
                14, 
                15
            ], 
            "gpus": [
                0
            ], 
            "input_size": 80
        }
    ], 
    "clipper_metrics": {
        "histograms": [
            {
                "internal:rpc_request_queueing_delay": {
                    "p99": "0", 
                    "min": "0", 
                    "max": "0", 
                    "p95": "0", 
                    "std_dev": "0", 
                    "size": "0", 
                    "p50": "0", 
                    "unit": "microseconds", 
                    "mean": "0"
                }
            }, 
            {
                "app:nmt:prediction_latency": {
                    "p99": "129701664.439999999981", 
                    "min": "1541271", 
                    "max": "129735838", 
                    "p95": "126261832.299999999872", 
                    "std_dev": "37061272.8023248168392", 
                    "size": "761", 
                    "p50": "65479640", 
                    "unit": "microseconds", 
                    "mean": "67100232.1655716162968"
                }
            }, 
            {
                "model:nmt:1:prediction_latency": {
                    "p99": "3492606", 
                    "min": "1540985", 
                    "max": "3492606", 
                    "p95": "3492250", 
                    "std_dev": "306067.877594420530016", 
                    "size": "39", 
                    "p50": "3481044", 
                    "unit": "microseconds", 
                    "mean": "3425368.35897435897459"
                }
            }, 
            {
                "model:nmt:1:batch_size": {
                    "p99": "20", 
                    "min": "1", 
                    "max": "20", 
                    "p95": "20", 
                    "std_dev": "3.00317605272847570506", 
                    "size": "39", 
                    "p50": "20", 
                    "unit": "queries", 
                    "mean": "19.5128205128205128114"
                }
            }
        ], 
        "meters": [
            {
                "internal:aggregate_model_throughput": {
                    "rate": "4.102633949219376", 
                    "rate_1min": "5.2515189946320993", 
                    "rate_15min": "0.78773003292513", 
                    "unit": "events per second", 
                    "rate_5min": "2.0620742834146215"
                }
            }, 
            {
                "app:nmt:prediction_throughput": {
                    "rate": "0", 
                    "rate_1min": "0", 
                    "rate_15min": "0", 
                    "unit": "events per second", 
                    "rate_5min": "0"
                }
            }, 
            {
                "model:nmt:1:prediction_throughput": {
                    "rate": "4.5910361689913479", 
                    "rate_1min": "4.9424837715711512", 
                    "rate_15min": "0.7657898294566079", 
                    "unit": "events per second", 
                    "rate_5min": "1.9975436564331948"
                }
            }
        ], 
        "ratio_counters": [
            {
                "app:nmt:default_prediction_ratio": {
                    "ratio": "0"
                }
            }, 
            {
                "model:nmt:1:cache_hit_ratio": {
                    "ratio": "0"
                }
            }
        ], 
        "counters": [
            {
                "internal:aggregate_num_predictions": {
                    "count": "5000"
                }
            }, 
            {
                "app:nmt:num_predictions": {
                    "count": "761"
                }
            }, 
            {
                "model:nmt:1:num_predictions": {
                    "count": "761"
                }
            }
        ]
    }
}