{
    "client_metrics": [
        {
            "thrus": [
                11.75281203657193, 
                15.127467062965964, 
                14.142079247686638, 
                15.164487681431721, 
                14.367167917999101, 
                15.322195118961522, 
                14.09162033341901, 
                15.493546937700447, 
                14.72093667553554, 
                15.060853378074109, 
                14.248123664594608, 
                15.723898407263434, 
                13.928038283163147, 
                15.15319118629788, 
                14.09017486470614
            ], 
            "p99_lats": [
                3.8722742199999995, 
                7.05399217, 
                10.19761775, 
                13.3704109, 
                16.4598695, 
                19.59775053, 
                22.7434499, 
                25.8560649, 
                28.88525654, 
                32.05629162, 
                35.174998949999996, 
                38.22830962, 
                41.425911639999995, 
                44.60160883, 
                47.75919054
            ], 
            "mean_lats": [
                2.36627524, 
                5.519399379999999, 
                8.68342626, 
                11.842098380000003, 
                14.96215924, 
                18.09080076, 
                21.21819676, 
                24.34376542, 
                27.409645559999998, 
                30.515147299999995, 
                33.677284039999996, 
                36.780421079999996, 
                39.881505319999995, 
                43.07366282, 
                46.245097699999995
            ]
        }
    ], 
    "node_configs": [
        {
            "model_image": "model-comp/nmt", 
            "name": "nmt", 
            "cpus_per_replica": 3, 
            "input_type": "strings", 
            "use_nvidia_docker": true, 
            "batch_size": 4, 
            "num_replicas": 1, 
            "slo": 500000, 
            "allocated_cpus": [
                6, 
                7, 
                8, 
                9, 
                10, 
                11, 
                12, 
                13, 
                14, 
                15
            ], 
            "gpus": [
                0
            ], 
            "input_size": 10
        }
    ], 
    "clipper_metrics": {
        "histograms": [
            {
                "internal:rpc_request_queueing_delay": {
                    "p99": "0", 
                    "min": "0", 
                    "max": "0", 
                    "p95": "0", 
                    "std_dev": "0", 
                    "size": "0", 
                    "p50": "0", 
                    "unit": "microseconds", 
                    "mean": "0"
                }
            }, 
            {
                "app:nmt:prediction_latency": {
                    "p99": "47613815.3200000001671", 
                    "min": "666998", 
                    "max": "47882032", 
                    "p95": "45626488.3999999997941", 
                    "std_dev": "13593006.2891783232944", 
                    "size": "753", 
                    "p50": "24324926", 
                    "unit": "microseconds", 
                    "mean": "24399192.0451527224468"
                }
            }, 
            {
                "model:nmt:1:prediction_latency": {
                    "p99": "346069.599999997975829", 
                    "min": "201394", 
                    "max": "666691", 
                    "p95": "279596", 
                    "std_dev": "31984.6196611942253742", 
                    "size": "189", 
                    "p50": "276001", 
                    "unit": "microseconds", 
                    "mean": "273773.777777777777771"
                }
            }, 
            {
                "model:nmt:1:batch_size": {
                    "p99": "4", 
                    "min": "1", 
                    "max": "4", 
                    "p95": "4", 
                    "std_dev": "0.217639828584160130104", 
                    "size": "189", 
                    "p50": "4", 
                    "unit": "queries", 
                    "mean": "3.98412698412698411963"
                }
            }
        ], 
        "meters": [
            {
                "internal:aggregate_model_throughput": {
                    "rate": "9.7128300538644137", 
                    "rate_1min": "8.1847942169783838", 
                    "rate_15min": "0.77549801956759912", 
                    "unit": "events per second", 
                    "rate_5min": "2.206117998821989"
                }
            }, 
            {
                "app:nmt:prediction_throughput": {
                    "rate": "0", 
                    "rate_1min": "0", 
                    "rate_15min": "0", 
                    "unit": "events per second", 
                    "rate_5min": "0"
                }
            }, 
            {
                "model:nmt:1:prediction_throughput": {
                    "rate": "13.09036321185847", 
                    "rate_1min": "8.1847942169783838", 
                    "rate_15min": "0.77549801956759912", 
                    "unit": "events per second", 
                    "rate_5min": "2.206117998821989"
                }
            }
        ], 
        "ratio_counters": [
            {
                "app:nmt:default_prediction_ratio": {
                    "ratio": "0"
                }
            }, 
            {
                "model:nmt:1:cache_hit_ratio": {
                    "ratio": "0"
                }
            }
        ], 
        "counters": [
            {
                "internal:aggregate_num_predictions": {
                    "count": "5000"
                }
            }, 
            {
                "app:nmt:num_predictions": {
                    "count": "753"
                }
            }, 
            {
                "model:nmt:1:num_predictions": {
                    "count": "753"
                }
            }
        ]
    }
}