{
    "client_metrics": [
        {
            "thrus": [
                12.812358903897572, 
                18.689709333902496, 
                18.6392525510613, 
                18.612082144796787, 
                15.946145402056542, 
                18.61562312447597, 
                18.622140384122616, 
                18.578451225991998, 
                15.924966653119828, 
                18.523712018517784, 
                18.478713999769386, 
                18.45432480792739, 
                15.76981121958989, 
                18.46626582558981, 
                18.480325845105302
            ], 
            "p99_lats": [
                3.4486105999999994, 
                6.07396226, 
                8.50715529, 
                10.94611265, 
                13.598056829999999, 
                16.23145329, 
                18.66760723, 
                21.11119221, 
                23.76548365, 
                26.41398772, 
                28.87223724, 
                31.33390835, 
                34.016306439999994, 
                36.67548024, 
                39.133025919999994
            ], 
            "mean_lats": [
                2.2026884800000004, 
                4.745776660000001, 
                7.272426100000001, 
                9.80737808, 
                12.3552917, 
                14.9000865, 
                17.43312468, 
                19.97184156, 
                22.521209139999996, 
                25.072972460000003, 
                27.629600159999995, 
                30.182418679999998, 
                32.7595082, 
                35.33266971999999, 
                37.887552359999994
            ]
        }
    ], 
    "node_configs": [
        {
            "model_image": "model-comp/nmt", 
            "name": "nmt", 
            "cpus_per_replica": 4, 
            "input_type": "strings", 
            "use_nvidia_docker": true, 
            "batch_size": 8, 
            "num_replicas": 1, 
            "slo": 500000, 
            "allocated_cpus": [
                6, 
                7, 
                8, 
                9, 
                10, 
                11, 
                12, 
                13, 
                14, 
                15
            ], 
            "gpus": [
                0
            ], 
            "input_size": 10
        }
    ], 
    "clipper_metrics": {
        "histograms": [
            {
                "internal:rpc_request_queueing_delay": {
                    "p99": "0", 
                    "min": "0", 
                    "max": "0", 
                    "p95": "0", 
                    "std_dev": "0", 
                    "size": "0", 
                    "p50": "0", 
                    "unit": "microseconds", 
                    "mean": "0"
                }
            }, 
            {
                "app:nmt:prediction_latency": {
                    "p99": "39919534.4999999997926", 
                    "min": "673207", 
                    "max": "39954159", 
                    "p95": "38283311.5", 
                    "std_dev": "11316006.7871111245931", 
                    "size": "769", 
                    "p50": "20298012", 
                    "unit": "microseconds", 
                    "mean": "20487788.3120936280902"
                }
            }, 
            {
                "model:nmt:1:prediction_latency": {
                    "p99": "672904", 
                    "min": "443413", 
                    "max": "672904", 
                    "p95": "456647.099999999994992", 
                    "std_dev": "23796.6448449237988374", 
                    "size": "97", 
                    "p50": "448839", 
                    "unit": "microseconds", 
                    "mean": "452312.288659793814475"
                }
            }, 
            {
                "model:nmt:1:batch_size": {
                    "p99": "8", 
                    "min": "1", 
                    "max": "8", 
                    "p95": "8", 
                    "std_dev": "0.707069204102360689297", 
                    "size": "97", 
                    "p50": "8", 
                    "unit": "queries", 
                    "mean": "7.92783505154639175829"
                }
            }
        ], 
        "meters": [
            {
                "internal:aggregate_model_throughput": {
                    "rate": "11.06635815751555", 
                    "rate_1min": "8.476316085616018", 
                    "rate_15min": "0.74939667474134886", 
                    "unit": "events per second", 
                    "rate_5min": "2.155299271240152"
                }
            }, 
            {
                "app:nmt:prediction_throughput": {
                    "rate": "0", 
                    "rate_1min": "0", 
                    "rate_15min": "0", 
                    "unit": "events per second", 
                    "rate_5min": "0"
                }
            }, 
            {
                "model:nmt:1:prediction_throughput": {
                    "rate": "15.607155911428476", 
                    "rate_1min": "8.4429517348145815", 
                    "rate_15min": "0.74920294341873772", 
                    "unit": "events per second", 
                    "rate_5min": "2.1536219004461552"
                }
            }
        ], 
        "ratio_counters": [
            {
                "app:nmt:default_prediction_ratio": {
                    "ratio": "0"
                }
            }, 
            {
                "model:nmt:1:cache_hit_ratio": {
                    "ratio": "0"
                }
            }
        ], 
        "counters": [
            {
                "internal:aggregate_num_predictions": {
                    "count": "5000"
                }
            }, 
            {
                "app:nmt:num_predictions": {
                    "count": "769"
                }
            }, 
            {
                "model:nmt:1:num_predictions": {
                    "count": "769"
                }
            }
        ]
    }
}