{
    "client_metrics": [
        {
            "thrus": [
                7.512173853338027, 
                8.548646672293955, 
                8.590423224380995, 
                8.664596752266528, 
                8.90581547969661, 
                8.421439840518142, 
                8.635808275384182, 
                8.524862847744073, 
                9.055520118286827, 
                8.48598344656181, 
                8.650258625432384, 
                8.86486628324347, 
                8.54638473396899, 
                8.340995928259428, 
                8.46928368661821
            ], 
            "p99_lats": [
                6.28601854, 
                11.87588255, 
                17.436187760000003, 
                22.94696423, 
                28.30656535, 
                33.98548849, 
                39.520982079999996, 
                45.12289478, 
                50.40816117, 
                56.030590849999996, 
                61.544089639999996, 
                66.95765684, 
                72.51467444, 
                78.25416138, 
                83.89625286
            ], 
            "mean_lats": [
                3.5834067, 
                9.1908415, 
                14.74971044, 
                20.320774099999998, 
                25.712766199999997, 
                31.26704502, 
                36.87743708, 
                42.443279540000006, 
                47.82605496, 
                53.29275152, 
                58.897325620000004, 
                64.37002262, 
                69.828732, 
                75.53502472, 
                81.21606150000001
            ]
        }
    ], 
    "node_configs": [
        {
            "model_image": "model-comp/nmt", 
            "name": "nmt", 
            "cpus_per_replica": 5, 
            "input_type": "strings", 
            "use_nvidia_docker": true, 
            "batch_size": 2, 
            "num_replicas": 1, 
            "slo": 500000, 
            "allocated_cpus": [
                6, 
                7, 
                8, 
                9, 
                10, 
                11, 
                12, 
                13, 
                14, 
                15
            ], 
            "gpus": [
                0
            ], 
            "input_size": 10
        }
    ], 
    "clipper_metrics": {
        "histograms": [
            {
                "internal:rpc_request_queueing_delay": {
                    "p99": "0", 
                    "min": "0", 
                    "max": "0", 
                    "p95": "0", 
                    "std_dev": "0", 
                    "size": "0", 
                    "p50": "0", 
                    "unit": "microseconds", 
                    "mean": "0"
                }
            }, 
            {
                "app:nmt:prediction_latency": {
                    "p99": "83363864.560000000085", 
                    "min": "673557", 
                    "max": "84013907", 
                    "p95": "80025197.1999999998952", 
                    "std_dev": "23967239.7420183104332", 
                    "size": "751", 
                    "p50": "42506277", 
                    "unit": "microseconds", 
                    "mean": "42394584.7003994673832"
                }
            }, 
            {
                "model:nmt:1:prediction_latency": {
                    "p99": "252048.390000000010787", 
                    "min": "159479", 
                    "max": "673261", 
                    "p95": "249998.749999999999432", 
                    "std_dev": "32645.5371887647369782", 
                    "size": "376", 
                    "p50": "246304", 
                    "unit": "microseconds", 
                    "mean": "233696.242021276595779"
                }
            }, 
            {
                "model:nmt:1:batch_size": {
                    "p99": "2", 
                    "min": "1", 
                    "max": "2", 
                    "p95": "2", 
                    "std_dev": "0.0515024381144603309541", 
                    "size": "376", 
                    "p50": "2", 
                    "unit": "queries", 
                    "mean": "1.99734042553191488826"
                }
            }
        ], 
        "meters": [
            {
                "internal:aggregate_model_throughput": {
                    "rate": "6.6127342859398253", 
                    "rate_1min": "6.4789427620616156", 
                    "rate_15min": "0.76500037295119228", 
                    "unit": "events per second", 
                    "rate_5min": "2.0972762764864554"
                }
            }, 
            {
                "app:nmt:prediction_throughput": {
                    "rate": "0", 
                    "rate_1min": "0", 
                    "rate_15min": "0", 
                    "unit": "events per second", 
                    "rate_5min": "0"
                }
            }, 
            {
                "model:nmt:1:prediction_throughput": {
                    "rate": "8.0361681067922195", 
                    "rate_1min": "6.4655922866889544", 
                    "rate_15min": "0.76489419595323249", 
                    "unit": "events per second", 
                    "rate_5min": "2.0964023257207751"
                }
            }
        ], 
        "ratio_counters": [
            {
                "app:nmt:default_prediction_ratio": {
                    "ratio": "0"
                }
            }, 
            {
                "model:nmt:1:cache_hit_ratio": {
                    "ratio": "0"
                }
            }
        ], 
        "counters": [
            {
                "internal:aggregate_num_predictions": {
                    "count": "5000"
                }
            }, 
            {
                "app:nmt:num_predictions": {
                    "count": "751"
                }
            }, 
            {
                "model:nmt:1:num_predictions": {
                    "count": "751"
                }
            }
        ]
    }
}