{
    "client_metrics": [
        {
            "thrus": [
                5.657344381448029, 
                9.167146413995667, 
                8.694400180287081, 
                6.9351263316482825, 
                9.136114585880025, 
                9.238515370579949, 
                6.623183260831554, 
                8.67999195885545, 
                9.187175658247355, 
                6.9574878014366375, 
                9.167035487061096, 
                9.184463708142724, 
                6.910459381079908, 
                9.092931028117707, 
                9.240236350461467
            ], 
            "p99_lats": [
                8.59627797, 
                13.818434400000001, 
                19.33687331, 
                26.234462999999998, 
                31.476989000000003, 
                36.65651604, 
                43.89727294, 
                49.424324229999996, 
                54.63423799, 
                61.50685317, 
                66.73342911, 
                71.94524516999999, 
                78.87142821, 
                84.13770042, 
                89.31610483
            ], 
            "mean_lats": [
                5.29679664, 
                11.06170948, 
                17.07592622, 
                22.96574018, 
                28.730289560000003, 
                34.44425406, 
                40.31781412, 
                46.59320668, 
                52.39886528, 
                58.269391559999995, 
                63.97853384, 
                69.73024170000001, 
                75.60969592, 
                81.37756261999999, 
                87.11426609999998
            ]
        }
    ], 
    "node_configs": [
        {
            "model_image": "model-comp/nmt", 
            "name": "nmt", 
            "cpus_per_replica": 1, 
            "input_type": "strings", 
            "use_nvidia_docker": true, 
            "batch_size": 15, 
            "num_replicas": 1, 
            "slo": 500000, 
            "allocated_cpus": [
                6, 
                7, 
                8, 
                9, 
                10, 
                11, 
                12, 
                13, 
                14, 
                15
            ], 
            "gpus": [
                0
            ], 
            "input_size": 40
        }
    ], 
    "clipper_metrics": {
        "histograms": [
            {
                "internal:rpc_request_queueing_delay": {
                    "p99": "0", 
                    "min": "0", 
                    "max": "0", 
                    "p95": "0", 
                    "std_dev": "0", 
                    "size": "0", 
                    "p50": "0", 
                    "unit": "microseconds", 
                    "mean": "0"
                }
            }, 
            {
                "app:nmt:prediction_latency": {
                    "p99": "89283333.6800000000803", 
                    "min": "1241035", 
                    "max": "89317087", 
                    "p95": "85850450.5999999998749", 
                    "std_dev": "25396294.6468701142912", 
                    "size": "751", 
                    "p50": "45915639", 
                    "unit": "microseconds", 
                    "mean": "46385351.9107856191731"
                }
            }, 
            {
                "model:nmt:1:prediction_latency": {
                    "p99": "2142286", 
                    "min": "1240738", 
                    "max": "2142286", 
                    "p95": "2123297.39999999998781", 
                    "std_dev": "119055.788954306995109", 
                    "size": "51", 
                    "p50": "1818331", 
                    "unit": "microseconds", 
                    "mean": "1825613.60784313725503"
                }
            }, 
            {
                "model:nmt:1:batch_size": {
                    "p99": "15", 
                    "min": "1", 
                    "max": "15", 
                    "p95": "15", 
                    "std_dev": "1.94107743855130692823", 
                    "size": "51", 
                    "p50": "15", 
                    "unit": "queries", 
                    "mean": "14.7254901960784313764"
                }
            }
        ], 
        "meters": [
            {
                "internal:aggregate_model_throughput": {
                    "rate": "6.2686403362515364", 
                    "rate_1min": "6.1798371427778553", 
                    "rate_15min": "0.74752590909231698", 
                    "unit": "events per second", 
                    "rate_5min": "2.0411571960646619"
                }
            }, 
            {
                "app:nmt:prediction_throughput": {
                    "rate": "0", 
                    "rate_1min": "0", 
                    "rate_15min": "0", 
                    "unit": "events per second", 
                    "rate_5min": "0"
                }
            }, 
            {
                "model:nmt:1:prediction_throughput": {
                    "rate": "7.6174003942486497", 
                    "rate_1min": "6.3312848040960539", 
                    "rate_15min": "0.76335732124135036", 
                    "unit": "events per second", 
                    "rate_5min": "2.0843637512354536"
                }
            }
        ], 
        "ratio_counters": [
            {
                "app:nmt:default_prediction_ratio": {
                    "ratio": "0"
                }
            }, 
            {
                "model:nmt:1:cache_hit_ratio": {
                    "ratio": "0"
                }
            }
        ], 
        "counters": [
            {
                "internal:aggregate_num_predictions": {
                    "count": "5000"
                }
            }, 
            {
                "app:nmt:num_predictions": {
                    "count": "751"
                }
            }, 
            {
                "model:nmt:1:num_predictions": {
                    "count": "751"
                }
            }
        ]
    }
}