{
    "client_metrics": [
        {
            "thrus": [
                6.617285832867476, 
                7.681270297756762, 
                7.379789501836165, 
                7.960626106427521, 
                7.2985860303311725, 
                7.942864749852183, 
                7.042573908644013, 
                7.915837548648759, 
                7.218297633798726, 
                7.664339926351825, 
                7.259376355688534, 
                7.619340201711364, 
                7.245648046413883, 
                7.697386783371366, 
                7.318620077111908
            ], 
            "p99_lats": [
                7.10283134, 
                13.56039594, 
                19.85676529, 
                26.10026235, 
                32.41625343, 
                38.72896872, 
                45.31301458, 
                51.62898613, 
                58.01865785, 
                64.56359053, 
                70.94154501, 
                77.47924538, 
                83.8433352, 
                90.35939424, 
                96.69253657
            ], 
            "mean_lats": [
                4.156255379999999, 
                10.464176659999998, 
                16.80866068, 
                23.16739984, 
                29.305652019999997, 
                35.81624718, 
                42.12605734000001, 
                48.46729048, 
                54.92670806, 
                61.46537784000001, 
                67.84805030000001, 
                74.31501528000001, 
                80.82403047999999, 
                87.25097172, 
                93.65238867999999
            ]
        }
    ], 
    "node_configs": [
        {
            "model_image": "model-comp/nmt", 
            "name": "nmt", 
            "cpus_per_replica": 2, 
            "input_type": "strings", 
            "use_nvidia_docker": true, 
            "batch_size": 4, 
            "num_replicas": 1, 
            "slo": 500000, 
            "allocated_cpus": [
                6, 
                7, 
                8, 
                9, 
                10, 
                11, 
                12, 
                13, 
                14, 
                15
            ], 
            "gpus": [
                0
            ], 
            "input_size": 20
        }
    ], 
    "clipper_metrics": {
        "histograms": [
            {
                "internal:rpc_request_queueing_delay": {
                    "p99": "0", 
                    "min": "0", 
                    "max": "0", 
                    "p95": "0", 
                    "std_dev": "0", 
                    "size": "0", 
                    "p50": "0", 
                    "unit": "microseconds", 
                    "mean": "0"
                }
            }, 
            {
                "app:nmt:prediction_latency": {
                    "p99": "96435414.420000000202", 
                    "min": "807273", 
                    "max": "96924486", 
                    "p95": "92306058.3999999997977", 
                    "std_dev": "27818790.4803678119042", 
                    "size": "753", 
                    "p50": "48393292", 
                    "unit": "microseconds", 
                    "mean": "48896502.8127490040024"
                }
            }, 
            {
                "model:nmt:1:prediction_latency": {
                    "p99": "605449.29999999872598", 
                    "min": "363261", 
                    "max": "806980", 
                    "p95": "572889", 
                    "std_dev": "52993.1806786286578408", 
                    "size": "189", 
                    "p50": "557269", 
                    "unit": "microseconds", 
                    "mean": "533333.037037037037067"
                }
            }, 
            {
                "model:nmt:1:batch_size": {
                    "p99": "4", 
                    "min": "1", 
                    "max": "4", 
                    "p95": "4", 
                    "std_dev": "0.217639828584160130104", 
                    "size": "189", 
                    "p50": "4", 
                    "unit": "queries", 
                    "mean": "3.98412698412698411963"
                }
            }
        ], 
        "meters": [
            {
                "internal:aggregate_model_throughput": {
                    "rate": "5.9490227059264882", 
                    "rate_1min": "6.060988204936006", 
                    "rate_15min": "0.77979532315784361", 
                    "unit": "events per second", 
                    "rate_5min": "2.1048421618889819"
                }
            }, 
            {
                "app:nmt:prediction_throughput": {
                    "rate": "0", 
                    "rate_1min": "0", 
                    "rate_15min": "0", 
                    "unit": "events per second", 
                    "rate_5min": "0"
                }
            }, 
            {
                "model:nmt:1:prediction_throughput": {
                    "rate": "7.0383318394559691", 
                    "rate_1min": "6.0288772432313218", 
                    "rate_15min": "0.77566505053183488", 
                    "unit": "events per second", 
                    "rate_5min": "2.0940287777885378"
                }
            }
        ], 
        "ratio_counters": [
            {
                "app:nmt:default_prediction_ratio": {
                    "ratio": "0"
                }
            }, 
            {
                "model:nmt:1:cache_hit_ratio": {
                    "ratio": "0"
                }
            }
        ], 
        "counters": [
            {
                "internal:aggregate_num_predictions": {
                    "count": "5000"
                }
            }, 
            {
                "app:nmt:num_predictions": {
                    "count": "753"
                }
            }, 
            {
                "model:nmt:1:num_predictions": {
                    "count": "753"
                }
            }
        ]
    }
}