{
    "client_metrics": [
        {
            "thrus": [
                11.84795940225623, 
                16.482529343022865, 
                16.39867406880949, 
                14.598714904324403, 
                16.393732872647583, 
                16.396286437877258, 
                14.6571731179237, 
                16.595213210320765, 
                16.41584352155302, 
                14.587909074146257, 
                16.50528895479267, 
                16.762739514403552, 
                14.578666337771955, 
                16.41214170243146, 
                16.49058025074917
            ], 
            "p99_lats": [
                3.772291879999999, 
                6.72780655, 
                9.5288678, 
                12.507225479999999, 
                15.477578000000001, 
                18.278313939999997, 
                21.24224236, 
                24.17633142, 
                26.97399686, 
                29.95344405, 
                32.90353032, 
                35.63834946, 
                38.62013597, 
                41.588365589999995, 
                44.37236474
            ], 
            "mean_lats": [
                2.36271234, 
                5.26693984, 
                8.173791959999999, 
                11.092343039999998, 
                14.01117346, 
                16.92382646, 
                19.8270218, 
                22.722926479999998, 
                25.62031888, 
                28.537866160000004, 
                31.444957219999996, 
                34.34462816, 
                37.2032352, 
                40.12285118, 
                43.022609620000004
            ]
        }
    ], 
    "node_configs": [
        {
            "model_image": "model-comp/nmt", 
            "name": "nmt", 
            "cpus_per_replica": 1, 
            "input_type": "strings", 
            "use_nvidia_docker": true, 
            "batch_size": 6, 
            "num_replicas": 1, 
            "slo": 500000, 
            "allocated_cpus": [
                6, 
                7, 
                8, 
                9, 
                10, 
                11, 
                12, 
                13, 
                14, 
                15
            ], 
            "gpus": [
                0
            ], 
            "input_size": 10
        }
    ], 
    "clipper_metrics": {
        "histograms": [
            {
                "internal:rpc_request_queueing_delay": {
                    "p99": "0", 
                    "min": "0", 
                    "max": "0", 
                    "p95": "0", 
                    "std_dev": "0", 
                    "size": "0", 
                    "p50": "0", 
                    "unit": "microseconds", 
                    "mean": "0"
                }
            }, 
            {
                "app:nmt:prediction_latency": {
                    "p99": "44370952.9799999997704", 
                    "min": "740091", 
                    "max": "44723361", 
                    "p95": "42617545.4000000001288", 
                    "std_dev": "12693855.6253515758044", 
                    "size": "757", 
                    "p50": "22778965", 
                    "unit": "microseconds", 
                    "mean": "22912870.891677675032"
                }
            }, 
            {
                "model:nmt:1:prediction_latency": {
                    "p99": "651650.27999999964959", 
                    "min": "312509", 
                    "max": "739808", 
                    "p95": "382480.399999999999721", 
                    "std_dev": "32901.1135768259550645", 
                    "size": "127", 
                    "p50": "380995", 
                    "unit": "microseconds", 
                    "mean": "382808.464566929133753"
                }
            }, 
            {
                "model:nmt:1:batch_size": {
                    "p99": "6", 
                    "min": "1", 
                    "max": "6", 
                    "p95": "6", 
                    "std_dev": "0.441928037807945832481", 
                    "size": "127", 
                    "p50": "6", 
                    "unit": "queries", 
                    "mean": "5.96062992125984252804"
                }
            }
        ], 
        "meters": [
            {
                "internal:aggregate_model_throughput": {
                    "rate": "10.160069819677684", 
                    "rate_1min": "8.1109979887469255", 
                    "rate_15min": "0.74294620506011677", 
                    "unit": "events per second", 
                    "rate_5min": "2.1249700762095589"
                }
            }, 
            {
                "app:nmt:prediction_throughput": {
                    "rate": "0", 
                    "rate_1min": "0", 
                    "rate_15min": "0", 
                    "unit": "events per second", 
                    "rate_5min": "0"
                }
            }, 
            {
                "model:nmt:1:prediction_throughput": {
                    "rate": "14.064266713193318", 
                    "rate_1min": "8.2095193478467117", 
                    "rate_15min": "0.7556645601056734", 
                    "unit": "events per second", 
                    "rate_5min": "2.159686898492494"
                }
            }
        ], 
        "ratio_counters": [
            {
                "app:nmt:default_prediction_ratio": {
                    "ratio": "0"
                }
            }, 
            {
                "model:nmt:1:cache_hit_ratio": {
                    "ratio": "0"
                }
            }
        ], 
        "counters": [
            {
                "internal:aggregate_num_predictions": {
                    "count": "5000"
                }
            }, 
            {
                "app:nmt:num_predictions": {
                    "count": "757"
                }
            }, 
            {
                "model:nmt:1:num_predictions": {
                    "count": "757"
                }
            }
        ]
    }
}