{
    "client_metrics": [
        {
            "thrus": [
                1.7533367312999186, 
                1.8478815756265308, 
                1.8226938138683304, 
                1.8461735689680967, 
                1.8455696012835126, 
                1.8453908650421003, 
                1.8207202995274248, 
                1.8488094646916402, 
                1.8241256154189398, 
                1.848731125240922, 
                1.8752555270062488, 
                1.824956854370049, 
                1.8505608457744072, 
                1.821444654784873, 
                1.8194926468479766
            ], 
            "p99_lats": [
                27.729210899999998, 
                54.52909079, 
                81.69873377, 
                108.5253634, 
                135.34339234, 
                162.17761551, 
                189.38212658999998, 
                216.16677300999999, 
                243.32122861, 
                270.10874636, 
                296.51088555, 
                323.65068124000004, 
                350.4089686, 
                377.60524048, 
                404.82079472
            ], 
            "mean_lats": [
                14.742150000000002, 
                41.560698959999996, 
                68.6419385, 
                95.7815085, 
                122.28402271999998, 
                149.17372612, 
                176.31172106000002, 
                203.30866526000003, 
                230.27770495999997, 
                257.19155124, 
                283.93521805999995, 
                310.60768844, 
                337.47621380000004, 
                364.5438804799999, 
                391.74132690000005
            ]
        }
    ], 
    "node_configs": [
        {
            "model_image": "model-comp/nmt", 
            "name": "nmt", 
            "cpus_per_replica": 4, 
            "input_type": "strings", 
            "use_nvidia_docker": true, 
            "batch_size": 2, 
            "num_replicas": 1, 
            "slo": 500000, 
            "allocated_cpus": [
                6, 
                7, 
                8, 
                9, 
                10, 
                11, 
                12, 
                13, 
                14, 
                15
            ], 
            "gpus": [
                0
            ], 
            "input_size": 80
        }
    ], 
    "clipper_metrics": {
        "histograms": [
            {
                "internal:rpc_request_queueing_delay": {
                    "p99": "0", 
                    "min": "0", 
                    "max": "0", 
                    "p95": "0", 
                    "std_dev": "0", 
                    "size": "0", 
                    "p50": "0", 
                    "unit": "microseconds", 
                    "mean": "0"
                }
            }, 
            {
                "app:nmt:prediction_latency": {
                    "p99": "402082191.200000000099", 
                    "min": "1536183", 
                    "max": "405353243", 
                    "p95": "385748948.399999999878", 
                    "std_dev": "116688460.6983515354", 
                    "size": "751", 
                    "p50": "203661016", 
                    "unit": "microseconds", 
                    "mean": "203439420.636484687057"
                }
            }, 
            {
                "model:nmt:1:prediction_latency": {
                    "p99": "1107046.32000000003973", 
                    "min": "710660", 
                    "max": "1535904", 
                    "p95": "1103743.19999999999391", 
                    "std_dev": "66017.5466033454705013", 
                    "size": "376", 
                    "p50": "1097160", 
                    "unit": "microseconds", 
                    "mean": "1088386.34840425531911"
                }
            }, 
            {
                "model:nmt:1:batch_size": {
                    "p99": "2", 
                    "min": "1", 
                    "max": "2", 
                    "p95": "2", 
                    "std_dev": "0.0515024381144603309541", 
                    "size": "376", 
                    "p50": "2", 
                    "unit": "queries", 
                    "mean": "1.99734042553191488826"
                }
            }
        ], 
        "meters": [
            {
                "internal:aggregate_model_throughput": {
                    "rate": "1.6374699202390146", 
                    "rate_1min": "1.8175658443094487", 
                    "rate_15min": "0.66472300704068743", 
                    "unit": "events per second", 
                    "rate_5min": "1.3581302924205167"
                }
            }, 
            {
                "app:nmt:prediction_throughput": {
                    "rate": "0", 
                    "rate_1min": "0", 
                    "rate_15min": "0", 
                    "unit": "events per second", 
                    "rate_5min": "0"
                }
            }, 
            {
                "model:nmt:1:prediction_throughput": {
                    "rate": "1.7109844211063738", 
                    "rate_1min": "1.8288397181932974", 
                    "rate_15min": "0.66499058965163427", 
                    "unit": "events per second", 
                    "rate_5min": "1.3597608831826464"
                }
            }
        ], 
        "ratio_counters": [
            {
                "app:nmt:default_prediction_ratio": {
                    "ratio": "0"
                }
            }, 
            {
                "model:nmt:1:cache_hit_ratio": {
                    "ratio": "0"
                }
            }
        ], 
        "counters": [
            {
                "internal:aggregate_num_predictions": {
                    "count": "5000"
                }
            }, 
            {
                "app:nmt:num_predictions": {
                    "count": "751"
                }
            }, 
            {
                "model:nmt:1:num_predictions": {
                    "count": "751"
                }
            }
        ]
    }
}