{
    "client_metrics": [
        {
            "thrus": [
                9.084163686455367, 
                14.309169057967303, 
                14.261547075512896, 
                10.766353337074284, 
                14.311253740246165, 
                14.426075882313226, 
                10.666491451767085, 
                14.185552128641396, 
                14.617186127354865, 
                10.89050576597828, 
                14.373268021203444, 
                14.157756482624327, 
                10.634306613432747, 
                14.081944525024461, 
                14.294405284127034
            ], 
            "p99_lats": [
                5.24694194, 
                8.509184470000001, 
                11.78269117, 
                16.1180947, 
                19.37915773, 
                22.61148868, 
                26.99123064, 
                30.28278288, 
                33.471157559999995, 
                37.75385512, 
                40.999252080000005, 
                44.29843549, 
                48.69171973, 
                52.00949525, 
                55.27503496
            ], 
            "mean_lats": [
                3.18332814, 
                6.782955500000001, 
                10.37192618, 
                14.045025659999999, 
                17.65038498, 
                21.23458322, 
                24.89910154, 
                28.54018948, 
                32.098114540000005, 
                35.758302799999996, 
                39.29495496, 
                42.88276669999999, 
                46.584546280000005, 
                50.25085592000001, 
                53.886248460000004
            ]
        }
    ], 
    "node_configs": [
        {
            "model_image": "model-comp/nmt", 
            "name": "nmt", 
            "cpus_per_replica": 5, 
            "input_type": "strings", 
            "use_nvidia_docker": true, 
            "batch_size": 15, 
            "num_replicas": 1, 
            "slo": 500000, 
            "allocated_cpus": [
                6, 
                7, 
                8, 
                9, 
                10, 
                11, 
                12, 
                13, 
                14, 
                15
            ], 
            "gpus": [
                0
            ], 
            "input_size": 20
        }
    ], 
    "clipper_metrics": {
        "histograms": [
            {
                "internal:rpc_request_queueing_delay": {
                    "p99": "0", 
                    "min": "0", 
                    "max": "0", 
                    "p95": "0", 
                    "std_dev": "0", 
                    "size": "0", 
                    "p50": "0", 
                    "unit": "microseconds", 
                    "mean": "0"
                }
            }, 
            {
                "app:nmt:prediction_latency": {
                    "p99": "55241910.3600000001024", 
                    "min": "776462", 
                    "max": "55275123", 
                    "p95": "53083394.5999999998967", 
                    "std_dev": "15694128.6552737210986", 
                    "size": "751", 
                    "p50": "28090131", 
                    "unit": "microseconds", 
                    "mean": "28530239.4181091877454"
                }
            }, 
            {
                "model:nmt:1:prediction_latency": {
                    "p99": "1219041", 
                    "min": "776185", 
                    "max": "1219041", 
                    "p95": "1186636.99999999999864", 
                    "std_dev": "59766.0753321178262034", 
                    "size": "51", 
                    "p50": "1173320", 
                    "unit": "microseconds", 
                    "mean": "1158417.94117647058829"
                }
            }, 
            {
                "model:nmt:1:batch_size": {
                    "p99": "15", 
                    "min": "1", 
                    "max": "15", 
                    "p95": "15", 
                    "std_dev": "1.94107743855130692823", 
                    "size": "51", 
                    "p50": "15", 
                    "unit": "queries", 
                    "mean": "14.7254901960784313764"
                }
            }
        ], 
        "meters": [
            {
                "internal:aggregate_model_throughput": {
                    "rate": "8.7798375648214471", 
                    "rate_1min": "8.0415229865015867", 
                    "rate_15min": "0.80818550423989044", 
                    "unit": "events per second", 
                    "rate_5min": "2.2768020619473393"
                }
            }, 
            {
                "app:nmt:prediction_throughput": {
                    "rate": "0", 
                    "rate_1min": "0", 
                    "rate_15min": "0", 
                    "unit": "events per second", 
                    "rate_5min": "0"
                }
            }, 
            {
                "model:nmt:1:prediction_throughput": {
                    "rate": "11.480137840532263", 
                    "rate_1min": "8.0116419182680509", 
                    "rate_15min": "0.8080048566838639", 
                    "unit": "events per second", 
                    "rate_5min": "2.2752531554494664"
                }
            }
        ], 
        "ratio_counters": [
            {
                "app:nmt:default_prediction_ratio": {
                    "ratio": "0"
                }
            }, 
            {
                "model:nmt:1:cache_hit_ratio": {
                    "ratio": "0"
                }
            }
        ], 
        "counters": [
            {
                "internal:aggregate_num_predictions": {
                    "count": "5000"
                }
            }, 
            {
                "app:nmt:num_predictions": {
                    "count": "751"
                }
            }, 
            {
                "model:nmt:1:num_predictions": {
                    "count": "751"
                }
            }
        ]
    }
}