{
    "client_metrics": [
        {
            "thrus": [
                5.049235091376008, 
                6.740928328292917, 
                6.45313750900374, 
                6.5121439110868335, 
                5.701923943176907, 
                6.556398533569678, 
                6.569142922609059, 
                6.617318236495278, 
                5.676370800975654, 
                6.684399040441149, 
                6.611568499419901, 
                6.370798299251686, 
                5.518814355584052, 
                6.521032874222188, 
                6.436924257355956
            ], 
            "p99_lats": [
                9.045950029999997, 
                16.8134887, 
                24.3130432, 
                31.74212302, 
                39.637073470000004, 
                47.597728540000006, 
                54.960205779999995, 
                62.26686745000001, 
                70.19126953, 
                78.01610486999999, 
                85.32973941, 
                92.92974468, 
                101.10385638, 
                109.11789562, 
                116.63678005
            ], 
            "mean_lats": [
                5.3940329799999995, 
                12.923261240000002, 
                20.53862712, 
                28.300782280000004, 
                35.97737898, 
                43.61365366000001, 
                51.2533475, 
                58.86086862, 
                66.50847524, 
                74.11884894, 
                81.66840152, 
                89.32458476000002, 
                97.23026221999999, 
                105.09403804, 
                112.9015141
            ]
        }
    ], 
    "node_configs": [
        {
            "model_image": "model-comp/nmt", 
            "name": "nmt", 
            "cpus_per_replica": 2, 
            "input_type": "strings", 
            "use_nvidia_docker": true, 
            "batch_size": 8, 
            "num_replicas": 1, 
            "slo": 500000, 
            "allocated_cpus": [
                6, 
                7, 
                8, 
                9, 
                10, 
                11, 
                12, 
                13, 
                14, 
                15
            ], 
            "gpus": [
                0
            ], 
            "input_size": 40
        }
    ], 
    "clipper_metrics": {
        "histograms": [
            {
                "internal:rpc_request_queueing_delay": {
                    "p99": "0", 
                    "min": "0", 
                    "max": "0", 
                    "p95": "0", 
                    "std_dev": "0", 
                    "size": "0", 
                    "p50": "0", 
                    "unit": "microseconds", 
                    "mean": "0"
                }
            }, 
            {
                "app:nmt:prediction_latency": {
                    "p99": "116603465.780000000203", 
                    "min": "1181722", 
                    "max": "116637866", 
                    "p95": "111554084.399999999747", 
                    "std_dev": "33330082.8691744982552", 
                    "size": "753", 
                    "p50": "58576489", 
                    "unit": "microseconds", 
                    "mean": "59141546.3120849933402"
                }
            }, 
            {
                "model:nmt:1:prediction_latency": {
                    "p99": "1511650", 
                    "min": "1181429", 
                    "max": "1511650", 
                    "p95": "1342390.79999999797292", 
                    "std_dev": "52790.9532592989342064", 
                    "size": "95", 
                    "p50": "1260706", 
                    "unit": "microseconds", 
                    "mean": "1268327.73684210526301"
                }
            }, 
            {
                "model:nmt:1:batch_size": {
                    "p99": "8", 
                    "min": "1", 
                    "max": "8", 
                    "p95": "8", 
                    "std_dev": "0.714394926356090590868", 
                    "size": "95", 
                    "p50": "8", 
                    "unit": "queries", 
                    "mean": "7.92631578947368420482"
                }
            }
        ], 
        "meters": [
            {
                "internal:aggregate_model_throughput": {
                    "rate": "5.1280208707861599", 
                    "rate_1min": "5.3273421763160727", 
                    "rate_15min": "0.76715308115672687", 
                    "unit": "events per second", 
                    "rate_5min": "2.028415158721808"
                }
            }, 
            {
                "app:nmt:prediction_throughput": {
                    "rate": "0", 
                    "rate_1min": "0", 
                    "rate_15min": "0", 
                    "unit": "events per second", 
                    "rate_5min": "0"
                }
            }, 
            {
                "model:nmt:1:prediction_throughput": {
                    "rate": "5.9485386000867253", 
                    "rate_1min": "5.4142346820360885", 
                    "rate_15min": "0.77564254110651987", 
                    "unit": "events per second", 
                    "rate_5min": "2.0518236503479006"
                }
            }
        ], 
        "ratio_counters": [
            {
                "app:nmt:default_prediction_ratio": {
                    "ratio": "0"
                }
            }, 
            {
                "model:nmt:1:cache_hit_ratio": {
                    "ratio": "0"
                }
            }
        ], 
        "counters": [
            {
                "internal:aggregate_num_predictions": {
                    "count": "5000"
                }
            }, 
            {
                "app:nmt:num_predictions": {
                    "count": "753"
                }
            }, 
            {
                "model:nmt:1:num_predictions": {
                    "count": "753"
                }
            }
        ]
    }
}