{
    "client_metrics": [
        {
            "thrus": [
                7.228086609824993, 
                9.25126205716984, 
                9.19548178163563, 
                9.534469969279938, 
                7.935208073852029, 
                9.405127562685646, 
                9.111750148521526, 
                9.35102747219659, 
                8.040648372154656, 
                9.272687484468248, 
                9.459816120094258, 
                9.109719834210388, 
                7.979711105731012, 
                9.130052114337468, 
                9.283845978024393
            ], 
            "p99_lats": [
                6.319041479999998, 
                11.81174004, 
                16.9832953, 
                21.97798845, 
                27.565711659999998, 
                33.05687425, 
                38.29505833, 
                43.39220376, 
                48.89169354, 
                54.46364323, 
                59.5001564, 
                64.73944900000001, 
                70.28400251, 
                75.94271974, 
                81.07996942
            ], 
            "mean_lats": [
                3.8048056999999993, 
                9.025435100000001, 
                14.383685980000001, 
                19.70015908, 
                24.9713632, 
                30.34957822, 
                35.658564819999995, 
                40.9773311, 
                46.30964266, 
                51.7231828, 
                56.97200588000001, 
                62.31157986, 
                67.71674168, 
                73.1285702, 
                78.52295308000001
            ]
        }
    ], 
    "node_configs": [
        {
            "model_image": "model-comp/nmt", 
            "name": "nmt", 
            "cpus_per_replica": 3, 
            "input_type": "strings", 
            "use_nvidia_docker": true, 
            "batch_size": 8, 
            "num_replicas": 1, 
            "slo": 500000, 
            "allocated_cpus": [
                6, 
                7, 
                8, 
                9, 
                10, 
                11, 
                12, 
                13, 
                14, 
                15
            ], 
            "gpus": [
                0
            ], 
            "input_size": 20
        }
    ], 
    "clipper_metrics": {
        "histograms": [
            {
                "internal:rpc_request_queueing_delay": {
                    "p99": "0", 
                    "min": "0", 
                    "max": "0", 
                    "p95": "0", 
                    "std_dev": "0", 
                    "size": "0", 
                    "p50": "0", 
                    "unit": "microseconds", 
                    "mean": "0"
                }
            }, 
            {
                "app:nmt:prediction_latency": {
                    "p99": "81046245.6400000002031", 
                    "min": "801645", 
                    "max": "81080708", 
                    "p95": "77638722.4999999997453", 
                    "std_dev": "23200016.7159729582836", 
                    "size": "753", 
                    "p50": "40768910", 
                    "unit": "microseconds", 
                    "mean": "41194262.7370517928066"
                }
            }, 
            {
                "model:nmt:1:prediction_latency": {
                    "p99": "969956", 
                    "min": "735868", 
                    "max": "969956", 
                    "p95": "925623.599999999994452", 
                    "std_dev": "43027.1840363888354482", 
                    "size": "95", 
                    "p50": "912323", 
                    "unit": "microseconds", 
                    "mean": "894289.536842105263418"
                }
            }, 
            {
                "model:nmt:1:batch_size": {
                    "p99": "8", 
                    "min": "1", 
                    "max": "8", 
                    "p95": "8", 
                    "std_dev": "0.714394926356090590868", 
                    "size": "95", 
                    "p50": "8", 
                    "unit": "queries", 
                    "mean": "7.92631578947368420482"
                }
            }
        ], 
        "meters": [
            {
                "internal:aggregate_model_throughput": {
                    "rate": "6.8037517531632838", 
                    "rate_1min": "6.7124148425466128", 
                    "rate_15min": "0.79058891474017523", 
                    "unit": "events per second", 
                    "rate_5min": "2.1681280968787751"
                }
            }, 
            {
                "app:nmt:prediction_throughput": {
                    "rate": "0", 
                    "rate_1min": "0", 
                    "rate_15min": "0", 
                    "unit": "events per second", 
                    "rate_5min": "0"
                }
            }, 
            {
                "model:nmt:1:prediction_throughput": {
                    "rate": "8.2713228524358762", 
                    "rate_1min": "6.617952261941304", 
                    "rate_15min": "0.78200610627787392", 
                    "unit": "events per second", 
                    "rate_5min": "2.1439730269399777"
                }
            }
        ], 
        "ratio_counters": [
            {
                "app:nmt:default_prediction_ratio": {
                    "ratio": "0"
                }
            }, 
            {
                "model:nmt:1:cache_hit_ratio": {
                    "ratio": "0"
                }
            }
        ], 
        "counters": [
            {
                "internal:aggregate_num_predictions": {
                    "count": "5000"
                }
            }, 
            {
                "app:nmt:num_predictions": {
                    "count": "753"
                }
            }, 
            {
                "model:nmt:1:num_predictions": {
                    "count": "753"
                }
            }
        ]
    }
}