{
    "client_metrics": [
        {
            "thrus": [
                6.590677907902658, 
                10.356450380485631, 
                9.726369978664234, 
                7.619589843574393, 
                10.266936235344462, 
                10.098902592650868, 
                7.670139808240368, 
                10.181708885801342, 
                10.248715835905761, 
                7.684141223450523, 
                10.317438699969708, 
                9.539170313491478, 
                7.296912690834334, 
                10.080813852328577, 
                9.61567123635416
            ], 
            "p99_lats": [
                7.3445619, 
                11.94049221, 
                16.84884639, 
                23.10119856, 
                27.73848907, 
                32.456950570000004, 
                38.66757528, 
                43.34472684, 
                47.99109482, 
                54.18954685, 
                58.80298055, 
                63.811939030000005, 
                70.35532415, 
                75.08267011, 
                80.04977849
            ], 
            "mean_lats": [
                4.42264348, 
                9.51037288, 
                14.758716479999999, 
                20.11778606, 
                25.29786668, 
                30.44947648, 
                35.72436106, 
                40.87035018, 
                46.015085080000006, 
                51.254488300000006, 
                56.38090628, 
                61.58995568, 
                67.12471082, 
                72.58977722, 
                77.93588396000001
            ]
        }
    ], 
    "node_configs": [
        {
            "model_image": "model-comp/nmt", 
            "name": "nmt", 
            "cpus_per_replica": 4, 
            "input_type": "strings", 
            "use_nvidia_docker": true, 
            "batch_size": 15, 
            "num_replicas": 1, 
            "slo": 500000, 
            "allocated_cpus": [
                6, 
                7, 
                8, 
                9, 
                10, 
                11, 
                12, 
                13, 
                14, 
                15
            ], 
            "gpus": [
                0
            ], 
            "input_size": 40
        }
    ], 
    "clipper_metrics": {
        "histograms": [
            {
                "internal:rpc_request_queueing_delay": {
                    "p99": "0", 
                    "min": "0", 
                    "max": "0", 
                    "p95": "0", 
                    "std_dev": "0", 
                    "size": "0", 
                    "p50": "0", 
                    "unit": "microseconds", 
                    "mean": "0"
                }
            }, 
            {
                "app:nmt:prediction_latency": {
                    "p99": "80016600.1200000001045", 
                    "min": "1146142", 
                    "max": "80049798", 
                    "p95": "76627206.1999999998734", 
                    "std_dev": "22706252.912579109754", 
                    "size": "751", 
                    "p50": "40207177", 
                    "unit": "microseconds", 
                    "mean": "40985522.494007989364"
                }
            }, 
            {
                "model:nmt:1:prediction_latency": {
                    "p99": "1931522", 
                    "min": "1145839", 
                    "max": "1931522", 
                    "p95": "1909836.79999999999893", 
                    "std_dev": "105731.876720234072721", 
                    "size": "51", 
                    "p50": "1629329", 
                    "unit": "microseconds", 
                    "mean": "1643893.37254901960796"
                }
            }, 
            {
                "model:nmt:1:batch_size": {
                    "p99": "15", 
                    "min": "1", 
                    "max": "15", 
                    "p95": "15", 
                    "std_dev": "1.94107743855130692823", 
                    "size": "51", 
                    "p50": "15", 
                    "unit": "queries", 
                    "mean": "14.7254901960784313764"
                }
            }
        ], 
        "meters": [
            {
                "internal:aggregate_model_throughput": {
                    "rate": "6.8389040243781158", 
                    "rate_1min": "6.5836165311431181", 
                    "rate_15min": "0.75146029577733164", 
                    "unit": "events per second", 
                    "rate_5min": "2.0725933398839711"
                }
            }, 
            {
                "app:nmt:prediction_throughput": {
                    "rate": "0", 
                    "rate_1min": "0", 
                    "rate_15min": "0", 
                    "unit": "events per second", 
                    "rate_5min": "0"
                }
            }, 
            {
                "model:nmt:1:prediction_throughput": {
                    "rate": "8.359540288064192", 
                    "rate_1min": "6.5836165311431181", 
                    "rate_15min": "0.75146029577733164", 
                    "unit": "events per second", 
                    "rate_5min": "2.0725933398839711"
                }
            }
        ], 
        "ratio_counters": [
            {
                "app:nmt:default_prediction_ratio": {
                    "ratio": "0"
                }
            }, 
            {
                "model:nmt:1:cache_hit_ratio": {
                    "ratio": "0"
                }
            }
        ], 
        "counters": [
            {
                "internal:aggregate_num_predictions": {
                    "count": "5000"
                }
            }, 
            {
                "app:nmt:num_predictions": {
                    "count": "751"
                }
            }, 
            {
                "model:nmt:1:num_predictions": {
                    "count": "751"
                }
            }
        ]
    }
}