{
    "client_metrics": [
        {
            "thrus": [
                1.6306018838539238, 
                1.63815362001808, 
                1.627622074748088, 
                1.6223481178782568, 
                1.6359674110056632, 
                1.6389094945337614, 
                1.6309902766231272, 
                1.6294285219404996, 
                1.6243302845628491, 
                1.6317986647644247, 
                1.6402164272136572, 
                1.6482783633598004, 
                1.628300540771636, 
                1.6257942004669281, 
                1.637127269913795
            ], 
            "p99_lats": [
                30.127931349999997, 
                60.40265102, 
                90.82419519000001, 
                121.33919538, 
                151.65425896, 
                181.90384952, 
                212.29435392, 
                242.71609224000002, 
                273.26707043, 
                303.64146149, 
                333.85088866, 
                363.91119332, 
                394.40443066, 
                424.85507948, 
                455.16211481000005
            ], 
            "mean_lats": [
                15.833292840000002, 
                45.99326738, 
                76.06268057999999, 
                106.66740788000001, 
                137.12831208, 
                167.32831302, 
                197.64302413999997, 
                228.01476863999997, 
                258.60249072, 
                289.03816464, 
                319.46826662, 
                349.46332322, 
                379.72590521999996, 
                410.17386324, 
                440.66631356
            ]
        }
    ], 
    "node_configs": [
        {
            "model_image": "model-comp/nmt", 
            "name": "nmt", 
            "cpus_per_replica": 2, 
            "input_type": "strings", 
            "use_nvidia_docker": true, 
            "batch_size": 1, 
            "num_replicas": 1, 
            "slo": 500000, 
            "allocated_cpus": [
                6, 
                7, 
                8, 
                9, 
                10, 
                11, 
                12, 
                13, 
                14, 
                15
            ], 
            "gpus": [
                0
            ], 
            "input_size": 40
        }
    ], 
    "clipper_metrics": {
        "histograms": [
            {
                "internal:rpc_request_queueing_delay": {
                    "p99": "0", 
                    "min": "0", 
                    "max": "0", 
                    "p95": "0", 
                    "std_dev": "0", 
                    "size": "0", 
                    "p50": "0", 
                    "unit": "microseconds", 
                    "mean": "0"
                }
            }, 
            {
                "app:nmt:prediction_latency": {
                    "p99": "451553989.930000005057", 
                    "min": "1185307", 
                    "max": "455456838", 
                    "p95": "433320865.84999996124", 
                    "std_dev": "131447081.987471740154", 
                    "size": "750", 
                    "p50": "228004427", 
                    "unit": "microseconds", 
                    "mean": "228119074.792000000059"
                }
            }, 
            {
                "model:nmt:1:prediction_latency": {
                    "p99": "677449.850000000006048", 
                    "min": "524603", 
                    "max": "1185027", 
                    "p95": "659847.099999999986494", 
                    "std_dev": "41026.9117900358124977", 
                    "size": "750", 
                    "p50": "617206", 
                    "unit": "microseconds", 
                    "mean": "612480.057333333333247"
                }
            }, 
            {
                "model:nmt:1:batch_size": {
                    "p99": "1", 
                    "min": "1", 
                    "max": "1", 
                    "p95": "1", 
                    "std_dev": "5.20417042793042128324e-18", 
                    "size": "750", 
                    "p50": "1", 
                    "unit": "queries", 
                    "mean": "1.0000000000000000052"
                }
            }
        ], 
        "meters": [
            {
                "internal:aggregate_model_throughput": {
                    "rate": "1.5450789515567234", 
                    "rate_1min": "1.6310535220017204", 
                    "rate_15min": "0.65198248384099344", 
                    "unit": "events per second", 
                    "rate_5min": "1.2787772187601238"
                }
            }, 
            {
                "app:nmt:prediction_throughput": {
                    "rate": "0", 
                    "rate_1min": "0", 
                    "rate_15min": "0", 
                    "unit": "events per second", 
                    "rate_5min": "0"
                }
            }, 
            {
                "model:nmt:1:prediction_throughput": {
                    "rate": "1.6126263014563491", 
                    "rate_1min": "1.6369373091011992", 
                    "rate_15min": "0.65285079105594379", 
                    "unit": "events per second", 
                    "rate_5min": "1.280633054394732"
                }
            }
        ], 
        "ratio_counters": [
            {
                "app:nmt:default_prediction_ratio": {
                    "ratio": "0"
                }
            }, 
            {
                "model:nmt:1:cache_hit_ratio": {
                    "ratio": "0"
                }
            }
        ], 
        "counters": [
            {
                "internal:aggregate_num_predictions": {
                    "count": "5000"
                }
            }, 
            {
                "app:nmt:num_predictions": {
                    "count": "750"
                }
            }, 
            {
                "model:nmt:1:num_predictions": {
                    "count": "750"
                }
            }
        ]
    }
}