{
    "client_metrics": [
        {
            "thrus": [
                0.9920721923791475, 
                1.0021630085077826, 
                0.9732248709250783, 
                1.0086587706975267, 
                0.9872998486508825, 
                1.0292478479045049, 
                1.0072673736649502, 
                1.0081330122631316, 
                1.0079811341412623, 
                1.0306808966593983, 
                1.0536739175518284, 
                1.0148489244133823, 
                1.0012710334753143, 
                0.9933292971052895, 
                0.9937462949411576
            ], 
            "p99_lats": [
                49.62970416, 
                99.26337605999998, 
                150.3797818, 
                199.69302672999999, 
                250.07831896, 
                298.40088603000004, 
                347.78152643, 
                397.11994560999995, 
                446.46878172000004, 
                494.89944087000003, 
                541.91313107, 
                590.92265039, 
                640.60393408, 
                690.68042677, 
                740.73774985
            ], 
            "mean_lats": [
                25.54033394, 
                75.57600966000001, 
                126.01818642, 
                176.17273945999997, 
                225.96422344, 
                274.92642512, 
                324.31928952000004, 
                373.18254752, 
                422.66587786, 
                471.52936156000004, 
                519.63175868, 
                567.3294156, 
                616.51781546, 
                666.4347983399999, 
                716.9616710800001
            ]
        }
    ], 
    "node_configs": [
        {
            "model_image": "model-comp/nmt", 
            "name": "nmt", 
            "cpus_per_replica": 2, 
            "input_type": "strings", 
            "use_nvidia_docker": true, 
            "batch_size": 1, 
            "num_replicas": 1, 
            "slo": 500000, 
            "allocated_cpus": [
                6, 
                7, 
                8, 
                9, 
                10, 
                11, 
                12, 
                13, 
                14, 
                15
            ], 
            "gpus": [
                0
            ], 
            "input_size": 80
        }
    ], 
    "clipper_metrics": {
        "histograms": [
            {
                "internal:rpc_request_queueing_delay": {
                    "p99": "0", 
                    "min": "0", 
                    "max": "0", 
                    "p95": "0", 
                    "std_dev": "0", 
                    "size": "0", 
                    "p50": "0", 
                    "unit": "microseconds", 
                    "mean": "0"
                }
            }, 
            {
                "app:nmt:prediction_latency": {
                    "p99": "734636494.410000006203", 
                    "min": "1557852", 
                    "max": "741247293", 
                    "p95": "704889371.999999928579", 
                    "std_dev": "213028952.349998383943", 
                    "size": "750", 
                    "p50": "372924389.5", 
                    "unit": "microseconds", 
                    "mean": "372183194.26266666656"
                }
            }, 
            {
                "model:nmt:1:prediction_latency": {
                    "p99": "1062311.23000000000025", 
                    "min": "680484", 
                    "max": "1557547", 
                    "p95": "1059668.84999999999229", 
                    "std_dev": "137538.083277658137092", 
                    "size": "750", 
                    "p50": "1051601", 
                    "unit": "microseconds", 
                    "mean": "993464.474666666666167"
                }
            }, 
            {
                "model:nmt:1:batch_size": {
                    "p99": "1", 
                    "min": "1", 
                    "max": "1", 
                    "p95": "1", 
                    "std_dev": "5.20417042793042128324e-18", 
                    "size": "750", 
                    "p50": "1", 
                    "unit": "queries", 
                    "mean": "1.0000000000000000052"
                }
            }
        ], 
        "meters": [
            {
                "internal:aggregate_model_throughput": {
                    "rate": "0.94057883078278393", 
                    "rate_1min": "1.0035873253359489", 
                    "rate_15min": "0.56648698095021532", 
                    "unit": "events per second", 
                    "rate_5min": "0.92403235753078983"
                }
            }, 
            {
                "app:nmt:prediction_throughput": {
                    "rate": "0", 
                    "rate_1min": "0", 
                    "rate_15min": "0", 
                    "unit": "events per second", 
                    "rate_5min": "0"
                }
            }, 
            {
                "model:nmt:1:prediction_throughput": {
                    "rate": "0.96508163627491406", 
                    "rate_1min": "0.99818518102008269", 
                    "rate_15min": "0.56633931070345156", 
                    "unit": "events per second", 
                    "rate_5min": "0.92325125721026469"
                }
            }
        ], 
        "ratio_counters": [
            {
                "app:nmt:default_prediction_ratio": {
                    "ratio": "0"
                }
            }, 
            {
                "model:nmt:1:cache_hit_ratio": {
                    "ratio": "0"
                }
            }
        ], 
        "counters": [
            {
                "internal:aggregate_num_predictions": {
                    "count": "5000"
                }
            }, 
            {
                "app:nmt:num_predictions": {
                    "count": "750"
                }
            }, 
            {
                "model:nmt:1:num_predictions": {
                    "count": "750"
                }
            }
        ]
    }
}