{
    "client_metrics": [
        {
            "thrus": [
                11.55437813874682, 
                14.56206483089511, 
                14.554727229856987, 
                14.52948162587224, 
                14.54223515899462, 
                14.608730001744282, 
                14.555489894123367, 
                14.528451502430755, 
                14.559707175169294, 
                14.54456177380821, 
                14.57025470845066, 
                14.539021424992752, 
                14.542598907850822, 
                14.51163978627257, 
                14.534706262307262
            ], 
            "p99_lats": [
                4.1869007499999995, 
                7.36380439, 
                10.539836130000001, 
                13.72135784, 
                16.90174672, 
                20.066017289999998, 
                23.23829334, 
                26.42668005, 
                29.59955007, 
                32.78170317, 
                35.955656399999995, 
                39.136545639999994, 
                42.31635527, 
                45.485419, 
                48.66674474
            ], 
            "mean_lats": [
                3.2713652999999994, 
                6.448143739999999, 
                9.62217308, 
                12.80583482, 
                15.98637774, 
                19.15421182, 
                22.32676278, 
                25.51193662, 
                28.686246679999996, 
                31.869284860000004, 
                35.04103426, 
                38.219064040000006, 
                41.39862072, 
                44.57532808, 
                47.74903636
            ]
        }
    ], 
    "node_configs": [
        {
            "model_image": "model-comp/nmt", 
            "name": "nmt", 
            "cpus_per_replica": 1, 
            "input_type": "strings", 
            "use_nvidia_docker": true, 
            "batch_size": 25, 
            "num_replicas": 1, 
            "slo": 500000, 
            "allocated_cpus": [
                6, 
                7, 
                8, 
                9, 
                10, 
                11, 
                12, 
                13, 
                14, 
                15
            ], 
            "gpus": [
                0
            ], 
            "input_size": 20
        }
    ], 
    "clipper_metrics": {
        "histograms": [
            {
                "internal:rpc_request_queueing_delay": {
                    "p99": "0", 
                    "min": "0", 
                    "max": "0", 
                    "p95": "0", 
                    "std_dev": "0", 
                    "size": "0", 
                    "p50": "0", 
                    "unit": "microseconds", 
                    "mean": "0"
                }
            }, 
            {
                "app:nmt:prediction_latency": {
                    "p99": "48633674.5200000001023", 
                    "min": "871344", 
                    "max": "48668029", 
                    "p95": "47014668.3999999998741", 
                    "std_dev": "13769843.327783945896", 
                    "size": "751", 
                    "p50": "24836200", 
                    "unit": "microseconds", 
                    "mean": "25538463.0000000000055"
                }
            }, 
            {
                "model:nmt:1:prediction_latency": {
                    "p99": "1737876", 
                    "min": "871058", 
                    "max": "1737876", 
                    "p95": "1729996.19999999998163", 
                    "std_dev": "149823.384220494758907", 
                    "size": "31", 
                    "p50": "1717755", 
                    "unit": "microseconds", 
                    "mean": "1691189.48387096774184"
                }
            }, 
            {
                "model:nmt:1:batch_size": {
                    "p99": "25", 
                    "min": "1", 
                    "max": "25", 
                    "p95": "25", 
                    "std_dev": "4.24043270326580216609", 
                    "size": "31", 
                    "p50": "25", 
                    "unit": "queries", 
                    "mean": "24.2258064516129032299"
                }
            }
        ], 
        "meters": [
            {
                "internal:aggregate_model_throughput": {
                    "rate": "9.559429445389906", 
                    "rate_1min": "8.0944859886130427", 
                    "rate_15min": "0.75881560653599167", 
                    "unit": "events per second", 
                    "rate_5min": "2.1621614061860104"
                }
            }, 
            {
                "app:nmt:prediction_throughput": {
                    "rate": "0", 
                    "rate_1min": "0", 
                    "rate_15min": "0", 
                    "unit": "events per second", 
                    "rate_5min": "0"
                }
            }, 
            {
                "model:nmt:1:prediction_throughput": {
                    "rate": "13.090917204393667", 
                    "rate_1min": "7.8999608932175454", 
                    "rate_15min": "0.75761141957205169", 
                    "unit": "events per second", 
                    "rate_5min": "2.151845388383546"
                }
            }
        ], 
        "ratio_counters": [
            {
                "app:nmt:default_prediction_ratio": {
                    "ratio": "0"
                }
            }, 
            {
                "model:nmt:1:cache_hit_ratio": {
                    "ratio": "0"
                }
            }
        ], 
        "counters": [
            {
                "internal:aggregate_num_predictions": {
                    "count": "5000"
                }
            }, 
            {
                "app:nmt:num_predictions": {
                    "count": "751"
                }
            }, 
            {
                "model:nmt:1:num_predictions": {
                    "count": "751"
                }
            }
        ]
    }
}