{
    "client_metrics": [
        {
            "thrus": [
                4.295631179856102, 
                5.800598621777768, 
                5.6314696435065725, 
                5.8377109354686585, 
                4.963440291500863, 
                5.851896230898972, 
                5.8501680694784675, 
                5.47533400358722, 
                4.987298846028818, 
                5.913312960787521, 
                5.864557802958365, 
                5.863580515697215, 
                5.025891887235471, 
                5.847657071869928, 
                5.860743346210168
            ], 
            "p99_lats": [
                10.690198889999998, 
                19.749113180000002, 
                28.37778317, 
                36.69267381, 
                45.79917348, 
                54.76779565, 
                63.06472196, 
                71.9467981, 
                80.98344929, 
                89.88670414, 
                98.16278159000001, 
                106.44023820999999, 
                115.42377983, 
                124.39796143999999, 
                132.67973432
            ], 
            "mean_lats": [
                6.4017694600000015, 
                15.2024806, 
                24.157312020000003, 
                32.8313132, 
                41.56901292, 
                50.26437038, 
                58.90308405999999, 
                67.95889672, 
                76.80693168, 
                85.46591242000001, 
                93.99752473999999, 
                102.61591517999999, 
                111.28246875999999, 
                119.89612616000001, 
                128.52745001999997
            ]
        }
    ], 
    "node_configs": [
        {
            "model_image": "model-comp/nmt", 
            "name": "nmt", 
            "cpus_per_replica": 1, 
            "input_type": "strings", 
            "use_nvidia_docker": true, 
            "batch_size": 8, 
            "num_replicas": 1, 
            "slo": 500000, 
            "allocated_cpus": [
                6, 
                7, 
                8, 
                9, 
                10, 
                11, 
                12, 
                13, 
                14, 
                15
            ], 
            "gpus": [
                0
            ], 
            "input_size": 40
        }
    ], 
    "clipper_metrics": {
        "histograms": [
            {
                "internal:rpc_request_queueing_delay": {
                    "p99": "0", 
                    "min": "0", 
                    "max": "0", 
                    "p95": "0", 
                    "std_dev": "0", 
                    "size": "0", 
                    "p50": "0", 
                    "unit": "microseconds", 
                    "mean": "0"
                }
            }, 
            {
                "app:nmt:prediction_latency": {
                    "p99": "132646137.220000000205", 
                    "min": "1241560", 
                    "max": "132680576", 
                    "p95": "127160293.39999999979", 
                    "std_dev": "37934857.4229068174755", 
                    "size": "753", 
                    "p50": "67734145", 
                    "unit": "microseconds", 
                    "mean": "67982012.3346613545727"
                }
            }, 
            {
                "model:nmt:1:prediction_latency": {
                    "p99": "1707192", 
                    "min": "1241278", 
                    "max": "1707192", 
                    "p95": "1518526.19999999777065", 
                    "std_dev": "62503.7593487621977886", 
                    "size": "95", 
                    "p50": "1426848", 
                    "unit": "microseconds", 
                    "mean": "1437388.57894736842127"
                }
            }, 
            {
                "model:nmt:1:batch_size": {
                    "p99": "8", 
                    "min": "1", 
                    "max": "8", 
                    "p95": "8", 
                    "std_dev": "0.714394926356090590868", 
                    "size": "95", 
                    "p50": "8", 
                    "unit": "queries", 
                    "mean": "7.92631578947368420482"
                }
            }
        ], 
        "meters": [
            {
                "internal:aggregate_model_throughput": {
                    "rate": "4.616743859482356", 
                    "rate_1min": "4.9972215234581165", 
                    "rate_15min": "0.76193832533496997", 
                    "unit": "events per second", 
                    "rate_5min": "1.9896721915468445"
                }
            }, 
            {
                "app:nmt:prediction_throughput": {
                    "rate": "0", 
                    "rate_1min": "0", 
                    "rate_15min": "0", 
                    "unit": "events per second", 
                    "rate_5min": "0"
                }
            }, 
            {
                "model:nmt:1:prediction_throughput": {
                    "rate": "5.3060769999573116", 
                    "rate_1min": "5.0250127497841515", 
                    "rate_15min": "0.76979164730796368", 
                    "unit": "events per second", 
                    "rate_5min": "2.0081952260498905"
                }
            }
        ], 
        "ratio_counters": [
            {
                "app:nmt:default_prediction_ratio": {
                    "ratio": "0"
                }
            }, 
            {
                "model:nmt:1:cache_hit_ratio": {
                    "ratio": "0"
                }
            }
        ], 
        "counters": [
            {
                "internal:aggregate_num_predictions": {
                    "count": "5000"
                }
            }, 
            {
                "app:nmt:num_predictions": {
                    "count": "753"
                }
            }, 
            {
                "model:nmt:1:num_predictions": {
                    "count": "753"
                }
            }
        ]
    }
}