{
    "client_metrics": [
        {
            "thrus": [
                12.54271735964762, 
                15.859980479536027, 
                15.88188956369273, 
                15.907740197332336, 
                15.846398953377042, 
                15.885194522149522, 
                15.853402948796361, 
                15.844787001697293, 
                15.881637333282512, 
                15.79248921846761, 
                15.767026417652763, 
                15.814262123924985, 
                15.871625216330253, 
                15.78872413530684, 
                15.799800100929122
            ], 
            "p99_lats": [
                3.84418324, 
                6.74009062, 
                9.629872540000001, 
                12.513259820000002, 
                15.40890555, 
                18.29803389, 
                21.1931499, 
                24.0904106, 
                26.97956771, 
                29.88669858, 
                32.799522530000004, 
                35.702674079999994, 
                38.59461865, 
                41.50202676, 
                44.407452230000004
            ], 
            "mean_lats": [
                3.00916346, 
                5.900273039999999, 
                8.79453074, 
                11.671754839999998, 
                14.570743740000001, 
                17.46111772, 
                20.35561286, 
                23.2492771, 
                26.142246919999998, 
                29.04446454, 
                31.954060119999998, 
                34.858944539999996, 
                37.757591659999996, 
                40.658743879999996, 
                43.5674366
            ]
        }
    ], 
    "node_configs": [
        {
            "model_image": "model-comp/nmt", 
            "name": "nmt", 
            "cpus_per_replica": 5, 
            "input_type": "strings", 
            "use_nvidia_docker": true, 
            "batch_size": 25, 
            "num_replicas": 1, 
            "slo": 500000, 
            "allocated_cpus": [
                6, 
                7, 
                8, 
                9, 
                10, 
                11, 
                12, 
                13, 
                14, 
                15
            ], 
            "gpus": [
                0
            ], 
            "input_size": 20
        }
    ], 
    "clipper_metrics": {
        "histograms": [
            {
                "internal:rpc_request_queueing_delay": {
                    "p99": "0", 
                    "min": "0", 
                    "max": "0", 
                    "p95": "0", 
                    "std_dev": "0", 
                    "size": "0", 
                    "p50": "0", 
                    "unit": "microseconds", 
                    "mean": "0"
                }
            }, 
            {
                "app:nmt:prediction_latency": {
                    "p99": "44374666.6400000000831", 
                    "min": "784376", 
                    "max": "44408363", 
                    "p95": "42900411.7999999998719", 
                    "std_dev": "12555485.405607106205", 
                    "size": "751", 
                    "p50": "22639869", 
                    "unit": "microseconds", 
                    "mean": "23290890.9387483355404"
                }
            }, 
            {
                "model:nmt:1:prediction_latency": {
                    "p99": "1626884", 
                    "min": "784086", 
                    "max": "1626884", 
                    "p95": "1603408.99999999994361", 
                    "std_dev": "140841.411584791602209", 
                    "size": "31", 
                    "p50": "1577204", 
                    "unit": "microseconds", 
                    "mean": "1553496.35483870967744"
                }
            }, 
            {
                "model:nmt:1:batch_size": {
                    "p99": "25", 
                    "min": "1", 
                    "max": "25", 
                    "p95": "25", 
                    "std_dev": "4.24043270326580216609", 
                    "size": "31", 
                    "p50": "25", 
                    "unit": "queries", 
                    "mean": "24.2258064516129032299"
                }
            }
        ], 
        "meters": [
            {
                "internal:aggregate_model_throughput": {
                    "rate": "10.069204124876956", 
                    "rate_1min": "8.0288063531732821", 
                    "rate_15min": "0.73336482908326406", 
                    "unit": "events per second", 
                    "rate_5min": "2.0985589064037438"
                }
            }, 
            {
                "app:nmt:prediction_throughput": {
                    "rate": "0", 
                    "rate_1min": "0", 
                    "rate_15min": "0", 
                    "unit": "events per second", 
                    "rate_5min": "0"
                }
            }, 
            {
                "model:nmt:1:prediction_throughput": {
                    "rate": "13.788367325483792", 
                    "rate_1min": "8.003912392551932", 
                    "rate_15min": "0.73321389923944036", 
                    "unit": "events per second", 
                    "rate_5min": "2.0972595610697349"
                }
            }
        ], 
        "ratio_counters": [
            {
                "app:nmt:default_prediction_ratio": {
                    "ratio": "0"
                }
            }, 
            {
                "model:nmt:1:cache_hit_ratio": {
                    "ratio": "0"
                }
            }
        ], 
        "counters": [
            {
                "internal:aggregate_num_predictions": {
                    "count": "5000"
                }
            }, 
            {
                "app:nmt:num_predictions": {
                    "count": "751"
                }
            }, 
            {
                "model:nmt:1:num_predictions": {
                    "count": "751"
                }
            }
        ]
    }
}