{
    "client_metrics": [
        {
            "thrus": [
                21.805162154088357, 
                32.138860445997395, 
                31.974992997476534, 
                32.07001011488119, 
                31.912299893923514, 
                32.03325307935662, 
                31.919960061745968, 
                31.8647507029364, 
                32.138943078717915, 
                31.865644246849126, 
                31.768602581770793, 
                31.966529764675194, 
                31.903035190962, 
                32.02748727067519, 
                31.820198061640816, 
                31.743250432660506
            ], 
            "p99_lats": [
                2.1521697, 
                3.44988956, 
                4.7553523900000005, 
                6.05647603, 
                7.36530969, 
                8.66819117, 
                9.976130699999999, 
                11.28696149, 
                12.585068419999999, 
                13.89579833, 
                15.21221933, 
                16.51786297, 
                17.82712161, 
                19.130166, 
                20.443720810000002, 
                21.7614382
            ], 
            "mean_lats": [
                1.7336418, 
                3.0417321200000003, 
                4.346176519999999, 
                5.64726872, 
                6.953268760000001, 
                8.2595236, 
                9.565317299999998, 
                10.875642379999999, 
                12.174263059999998, 
                13.484759799999999, 
                14.8000397, 
                16.10825706, 
                17.41566744, 
                18.71710228, 
                20.03370698, 
                21.347120580000002
            ]
        }
    ], 
    "node_configs": [
        {
            "model_image": "model-comp/nmt", 
            "name": "nmt", 
            "cpus_per_replica": 3, 
            "input_type": "strings", 
            "use_nvidia_docker": true, 
            "batch_size": 25, 
            "num_replicas": 1, 
            "slo": 500000, 
            "allocated_cpus": [
                6, 
                7, 
                8, 
                9, 
                10, 
                11, 
                12, 
                13, 
                14, 
                15
            ], 
            "gpus": [
                0
            ], 
            "input_size": 10
        }
    ], 
    "clipper_metrics": {
        "histograms": [
            {
                "internal:rpc_request_queueing_delay": {
                    "p99": "0", 
                    "min": "0", 
                    "max": "0", 
                    "p95": "0", 
                    "std_dev": "0", 
                    "size": "0", 
                    "p50": "0", 
                    "unit": "microseconds", 
                    "mean": "0"
                }
            }, 
            {
                "app:nmt:prediction_latency": {
                    "p99": "21726604.720000000103", 
                    "min": "664605", 
                    "max": "21762510", 
                    "p95": "21029715.2999999998992", 
                    "std_dev": "6043513.0709258937195", 
                    "size": "801", 
                    "p50": "11287937", 
                    "unit": "microseconds", 
                    "mean": "11540954.5605493133526"
                }
            }, 
            {
                "model:nmt:1:prediction_latency": {
                    "p99": "826594", 
                    "min": "664325", 
                    "max": "826594", 
                    "p95": "805016.499999999912689", 
                    "std_dev": "22247.8939420303565413", 
                    "size": "33", 
                    "p50": "783543", 
                    "unit": "microseconds", 
                    "mean": "780593.515151515151388"
                }
            }, 
            {
                "model:nmt:1:batch_size": {
                    "p99": "25", 
                    "min": "1", 
                    "max": "25", 
                    "p95": "25", 
                    "std_dev": "4.11407581781264014434", 
                    "size": "33", 
                    "p50": "25", 
                    "unit": "queries", 
                    "mean": "24.2727272727272727314"
                }
            }
        ], 
        "meters": [
            {
                "internal:aggregate_model_throughput": {
                    "rate": "15.551620643900776", 
                    "rate_1min": "10.372457715669359", 
                    "rate_15min": "0.82370907856128106", 
                    "unit": "events per second", 
                    "rate_5min": "2.4083892994152101"
                }
            }, 
            {
                "app:nmt:prediction_throughput": {
                    "rate": "0", 
                    "rate_1min": "0", 
                    "rate_15min": "0", 
                    "unit": "events per second", 
                    "rate_5min": "0"
                }
            }, 
            {
                "model:nmt:1:prediction_throughput": {
                    "rate": "25.557211013352031", 
                    "rate_1min": "10.34049323750952", 
                    "rate_15min": "0.82355561214063677", 
                    "unit": "events per second", 
                    "rate_5min": "2.4070233352213553"
                }
            }
        ], 
        "ratio_counters": [
            {
                "app:nmt:default_prediction_ratio": {
                    "ratio": "0"
                }
            }, 
            {
                "model:nmt:1:cache_hit_ratio": {
                    "ratio": "0"
                }
            }
        ], 
        "counters": [
            {
                "internal:aggregate_num_predictions": {
                    "count": "5000"
                }
            }, 
            {
                "app:nmt:num_predictions": {
                    "count": "801"
                }
            }, 
            {
                "model:nmt:1:num_predictions": {
                    "count": "801"
                }
            }
        ]
    }
}