{
    "client_metrics": [
        {
            "thrus": [
                16.426527264585687, 
                29.128838015696946, 
                28.907515607167674, 
                21.921219521284407, 
                28.850803264064478, 
                28.951772137972565, 
                21.714479779693573, 
                29.122051683487562, 
                28.930346718633285, 
                21.70545866238809, 
                28.84088483834684, 
                28.930547591618705, 
                21.68896292054899, 
                28.870243843853554, 
                28.87027718353124
            ], 
            "p99_lats": [
                2.80200857, 
                4.28641927, 
                5.7834219099999995, 
                7.7544447299999995, 
                9.254674510000001, 
                10.74943777, 
                12.74030759, 
                14.22678471, 
                15.721868149999999, 
                17.71678708, 
                19.21741062, 
                20.71359627, 
                22.709999699999997, 
                24.20855423, 
                25.70756167
            ], 
            "mean_lats": [
                1.8289596600000004, 
                3.48211254, 
                5.11921728, 
                6.7958700599999995, 
                8.44009078, 
                10.08653888, 
                11.775238359999998, 
                13.42247504, 
                15.059050060000002, 
                16.7484448, 
                18.406145340000002, 
                20.05096218, 
                21.73506202, 
                23.398450659999998, 
                25.04233464
            ]
        }
    ], 
    "node_configs": [
        {
            "model_image": "model-comp/nmt", 
            "name": "nmt", 
            "cpus_per_replica": 3, 
            "input_type": "strings", 
            "use_nvidia_docker": true, 
            "batch_size": 15, 
            "num_replicas": 1, 
            "slo": 500000, 
            "allocated_cpus": [
                6, 
                7, 
                8, 
                9, 
                10, 
                11, 
                12, 
                13, 
                14, 
                15
            ], 
            "gpus": [
                0
            ], 
            "input_size": 10
        }
    ], 
    "clipper_metrics": {
        "histograms": [
            {
                "internal:rpc_request_queueing_delay": {
                    "p99": "0", 
                    "min": "0", 
                    "max": "0", 
                    "p95": "0", 
                    "std_dev": "0", 
                    "size": "0", 
                    "p50": "0", 
                    "unit": "microseconds", 
                    "mean": "0"
                }
            }, 
            {
                "app:nmt:prediction_latency": {
                    "p99": "25674255.8800000000811", 
                    "min": "669488", 
                    "max": "25707997", 
                    "p95": "24675103.1999999998989", 
                    "std_dev": "7195817.50126660655815", 
                    "size": "751", 
                    "p50": "13237973", 
                    "unit": "microseconds", 
                    "mean": "13439818.6591211717678"
                }
            }, 
            {
                "model:nmt:1:prediction_latency": {
                    "p99": "669212", 
                    "min": "566405", 
                    "max": "669212", 
                    "p95": "605509.399999999946886", 
                    "std_dev": "15244.3377693284812571", 
                    "size": "51", 
                    "p50": "576127", 
                    "unit": "microseconds", 
                    "mean": "578454.117647058823536"
                }
            }, 
            {
                "model:nmt:1:batch_size": {
                    "p99": "15", 
                    "min": "1", 
                    "max": "15", 
                    "p95": "15", 
                    "std_dev": "1.94107743855130692823", 
                    "size": "51", 
                    "p50": "15", 
                    "unit": "queries", 
                    "mean": "14.7254901960784313764"
                }
            }
        ], 
        "meters": [
            {
                "internal:aggregate_model_throughput": {
                    "rate": "13.53117777046946", 
                    "rate_1min": "9.7331492738612848", 
                    "rate_15min": "0.80478137260726923", 
                    "unit": "events per second", 
                    "rate_5min": "2.3388151860650543"
                }
            }, 
            {
                "app:nmt:prediction_throughput": {
                    "rate": "0", 
                    "rate_1min": "0", 
                    "rate_15min": "0", 
                    "unit": "events per second", 
                    "rate_5min": "0"
                }
            }, 
            {
                "model:nmt:1:prediction_throughput": {
                    "rate": "21.263817092439449", 
                    "rate_1min": "9.9567816220085348", 
                    "rate_15min": "0.82131076618671539", 
                    "unit": "events per second", 
                    "rate_5min": "2.3876081150636153"
                }
            }
        ], 
        "ratio_counters": [
            {
                "app:nmt:default_prediction_ratio": {
                    "ratio": "0"
                }
            }, 
            {
                "model:nmt:1:cache_hit_ratio": {
                    "ratio": "0"
                }
            }
        ], 
        "counters": [
            {
                "internal:aggregate_num_predictions": {
                    "count": "5000"
                }
            }, 
            {
                "app:nmt:num_predictions": {
                    "count": "751"
                }
            }, 
            {
                "model:nmt:1:num_predictions": {
                    "count": "751"
                }
            }
        ]
    }
}