{
    "client_metrics": [
        {
            "thrus": [
                12.8311198796133, 
                21.079284670258858, 
                22.008814970572015, 
                18.837890533018115, 
                20.95500332136803, 
                21.14070151612655, 
                18.98229104104199, 
                20.942969780132326, 
                21.063495908415916, 
                18.60384124672526, 
                21.684476126909697, 
                21.2240143779963, 
                18.599426021712972, 
                20.99406917545793, 
                21.16208634469822
            ], 
            "p99_lats": [
                3.5093187599999993, 
                5.7640451200000005, 
                7.78814252, 
                10.02768158, 
                12.300545289999999, 
                14.41769906, 
                16.646015480000003, 
                18.912506819999997, 
                21.03843468, 
                23.31881157, 
                25.50458403, 
                27.612438599999997, 
                29.892846499999997, 
                32.155789, 
                34.26997353
            ], 
            "mean_lats": [
                2.43844726, 
                4.6492697000000005, 
                6.790634999999998, 
                8.972835700000001, 
                11.17891994, 
                13.3787839, 
                15.596586219999999, 
                17.78851546, 
                20.006911, 
                22.233851779999995, 
                24.417173239999997, 
                26.6017124, 
                28.806158259999997, 
                31.034901499999997, 
                33.25650522
            ]
        }
    ], 
    "node_configs": [
        {
            "model_image": "model-comp/nmt", 
            "name": "nmt", 
            "cpus_per_replica": 3, 
            "input_type": "strings", 
            "use_nvidia_docker": true, 
            "batch_size": 6, 
            "num_replicas": 1, 
            "slo": 500000, 
            "allocated_cpus": [
                6, 
                7, 
                8, 
                9, 
                10, 
                11
            ], 
            "gpus": [
                0
            ], 
            "input_size": 10
        }
    ], 
    "clipper_metrics": {
        "histograms": [
            {
                "internal:rpc_request_queueing_delay": {
                    "p99": "0", 
                    "min": "0", 
                    "max": "0", 
                    "p95": "0", 
                    "std_dev": "0", 
                    "size": "0", 
                    "p50": "0", 
                    "unit": "microseconds", 
                    "mean": "0"
                }
            }, 
            {
                "app:nmt:prediction_latency": {
                    "p99": "34507808.7200000000594", 
                    "min": "1133162", 
                    "max": "34777536", 
                    "p95": "33220290.5999999997457", 
                    "std_dev": "9699159.46060735512219", 
                    "size": "763", 
                    "p50": "18094228", 
                    "unit": "microseconds", 
                    "mean": "18094282.6238532110019"
                }
            }, 
            {
                "model:nmt:1:prediction_latency": {
                    "p99": "908956.469999995199032", 
                    "min": "242472", 
                    "max": "1132882", 
                    "p95": "301342.799999999999727", 
                    "std_dev": "74647.1260447327617982", 
                    "size": "128", 
                    "p50": "297752.5", 
                    "unit": "microseconds", 
                    "mean": "302193.7421875"
                }
            }, 
            {
                "model:nmt:1:batch_size": {
                    "p99": "6", 
                    "min": "1", 
                    "max": "6", 
                    "p95": "6", 
                    "std_dev": "0.44021201834315019073", 
                    "size": "128", 
                    "p50": "6", 
                    "unit": "queries", 
                    "mean": "5.9609375"
                }
            }
        ], 
        "meters": [
            {
                "internal:aggregate_model_throughput": {
                    "rate": "11.721094662986191", 
                    "rate_1min": "9.4533396883180956", 
                    "rate_15min": "0.83032804829413642", 
                    "unit": "events per second", 
                    "rate_5min": "2.3905547009060619"
                }
            }, 
            {
                "app:nmt:prediction_throughput": {
                    "rate": "0", 
                    "rate_1min": "0", 
                    "rate_15min": "0", 
                    "unit": "events per second", 
                    "rate_5min": "0"
                }
            }, 
            {
                "model:nmt:1:prediction_throughput": {
                    "rate": "17.369684737034923", 
                    "rate_1min": "8.7348090454240346", 
                    "rate_15min": "0.74702600361529048", 
                    "unit": "events per second", 
                    "rate_5min": "2.1596691189662867"
                }
            }
        ], 
        "ratio_counters": [
            {
                "app:nmt:default_prediction_ratio": {
                    "ratio": "0"
                }
            }, 
            {
                "model:nmt:1:cache_hit_ratio": {
                    "ratio": "0"
                }
            }
        ], 
        "counters": [
            {
                "internal:aggregate_num_predictions": {
                    "count": "5000"
                }
            }, 
            {
                "app:nmt:num_predictions": {
                    "count": "763"
                }
            }, 
            {
                "model:nmt:1:num_predictions": {
                    "count": "763"
                }
            }
        ]
    }
}