{
    "client_metrics": [
        {
            "thrus": [
                6.906048731842271, 
                12.327054507029997, 
                7.731414375668188, 
                11.97748807161963, 
                8.074159540548026, 
                12.173438385237223, 
                8.143441841981396, 
                12.238598827297459, 
                8.161437144202148, 
                12.192362314090861, 
                8.141141339168904, 
                11.189993102488252, 
                7.67984979442578, 
                12.018687617001925, 
                7.677000933523314
            ], 
            "p99_lats": [
                7.02329048, 
                10.87269397, 
                17.02998557, 
                20.99718372, 
                26.88114526, 
                30.781039460000002, 
                36.611765590000005, 
                40.49024521, 
                46.30743433000001, 
                50.20131878, 
                56.03426946, 
                60.294695559999994, 
                66.49610533, 
                70.44884864, 
                76.65237533
            ], 
            "mean_lats": [
                4.55491532, 
                9.20001078, 
                14.411296220000002, 
                19.28080702, 
                24.3552743, 
                29.092196700000002, 
                34.1199523, 
                38.80538792, 
                43.83487528, 
                48.523582020000006, 
                53.533684259999994, 
                58.379045340000005, 
                63.70618095999999, 
                68.74259458, 
                74.02110266000001
            ]
        }
    ], 
    "node_configs": [
        {
            "model_image": "model-comp/nmt", 
            "name": "nmt", 
            "cpus_per_replica": 4, 
            "input_type": "strings", 
            "use_nvidia_docker": true, 
            "batch_size": 20, 
            "num_replicas": 1, 
            "slo": 500000, 
            "allocated_cpus": [
                6, 
                7, 
                8, 
                9, 
                10, 
                11, 
                12, 
                13, 
                14, 
                15
            ], 
            "gpus": [
                0
            ], 
            "input_size": 40
        }
    ], 
    "clipper_metrics": {
        "histograms": [
            {
                "internal:rpc_request_queueing_delay": {
                    "p99": "0", 
                    "min": "0", 
                    "max": "0", 
                    "p95": "0", 
                    "std_dev": "0", 
                    "size": "0", 
                    "p50": "0", 
                    "unit": "microseconds", 
                    "mean": "0"
                }
            }, 
            {
                "app:nmt:prediction_latency": {
                    "p99": "76619182.0599999999831", 
                    "min": "1155945", 
                    "max": "76653365", 
                    "p95": "74632409.5999999998749", 
                    "std_dev": "21703056.8232328397789", 
                    "size": "761", 
                    "p50": "38535122", 
                    "unit": "microseconds", 
                    "mean": "39511531.9710906701876"
                }
            }, 
            {
                "model:nmt:1:prediction_latency": {
                    "p99": "2426136", 
                    "min": "1155662", 
                    "max": "2426136", 
                    "p95": "2410578", 
                    "std_dev": "184475.63297474620019", 
                    "size": "39", 
                    "p50": "2048937", 
                    "unit": "microseconds", 
                    "mean": "2063298.71794871794884"
                }
            }, 
            {
                "model:nmt:1:batch_size": {
                    "p99": "20", 
                    "min": "1", 
                    "max": "20", 
                    "p95": "20", 
                    "std_dev": "3.00317605272847570506", 
                    "size": "39", 
                    "p50": "20", 
                    "unit": "queries", 
                    "mean": "19.5128205128205128114"
                }
            }
        ], 
        "meters": [
            {
                "internal:aggregate_model_throughput": {
                    "rate": "7.1277595259157609", 
                    "rate_1min": "6.9219012506922954", 
                    "rate_15min": "0.78885908227996504", 
                    "unit": "events per second", 
                    "rate_5min": "2.1764881256877016"
                }
            }, 
            {
                "app:nmt:prediction_throughput": {
                    "rate": "0", 
                    "rate_1min": "0", 
                    "rate_15min": "0", 
                    "unit": "events per second", 
                    "rate_5min": "0"
                }
            }, 
            {
                "model:nmt:1:prediction_throughput": {
                    "rate": "8.7784208006261206", 
                    "rate_1min": "6.9001172659107848", 
                    "rate_15min": "0.78862742743457359", 
                    "unit": "events per second", 
                    "rate_5min": "2.1746518636902694"
                }
            }
        ], 
        "ratio_counters": [
            {
                "app:nmt:default_prediction_ratio": {
                    "ratio": "0"
                }
            }, 
            {
                "model:nmt:1:cache_hit_ratio": {
                    "ratio": "0"
                }
            }
        ], 
        "counters": [
            {
                "internal:aggregate_num_predictions": {
                    "count": "5000"
                }
            }, 
            {
                "app:nmt:num_predictions": {
                    "count": "761"
                }
            }, 
            {
                "model:nmt:1:num_predictions": {
                    "count": "761"
                }
            }
        ]
    }
}