{
    "client_metrics": [
        {
            "thrus": [
                12.553919082459164, 
                18.18376219130336, 
                18.17396042220291, 
                18.127140135482247, 
                15.524700730344023, 
                18.123992759102414, 
                18.1721770159032, 
                18.162552666862094, 
                15.55525412929776, 
                18.131833661459083, 
                18.10043205731321, 
                18.061547975806196, 
                15.485773220142656, 
                18.0743448411482, 
                18.053154987418758
            ], 
            "p99_lats": [
                3.522178179999999, 
                6.22747127, 
                8.72955709, 
                11.23995519, 
                13.96873407, 
                16.68282521, 
                19.186070989999997, 
                21.69089025, 
                24.41404067, 
                27.1263082, 
                29.64071671, 
                32.160410999999996, 
                34.89663023, 
                37.61943388, 
                40.14132823
            ], 
            "mean_lats": [
                2.23975022, 
                4.8613296, 
                7.463419259999999, 
                10.06800126, 
                12.689912700000002, 
                15.313482760000001, 
                17.9192491, 
                20.522902119999998, 
                23.137625720000003, 
                25.75609012, 
                28.3698748, 
                30.986035360000002, 
                33.61529916, 
                36.24371956, 
                38.86368084
            ]
        }
    ], 
    "node_configs": [
        {
            "model_image": "model-comp/nmt", 
            "name": "nmt", 
            "cpus_per_replica": 2, 
            "input_type": "strings", 
            "use_nvidia_docker": true, 
            "batch_size": 8, 
            "num_replicas": 1, 
            "slo": 500000, 
            "allocated_cpus": [
                6, 
                7, 
                8, 
                9, 
                10, 
                11, 
                12, 
                13, 
                14, 
                15
            ], 
            "gpus": [
                0
            ], 
            "input_size": 10
        }
    ], 
    "clipper_metrics": {
        "histograms": [
            {
                "internal:rpc_request_queueing_delay": {
                    "p99": "0", 
                    "min": "0", 
                    "max": "0", 
                    "p95": "0", 
                    "std_dev": "0", 
                    "size": "0", 
                    "p50": "0", 
                    "unit": "microseconds", 
                    "mean": "0"
                }
            }, 
            {
                "app:nmt:prediction_latency": {
                    "p99": "40531426.3599999999751", 
                    "min": "677687", 
                    "max": "40565187", 
                    "p95": "38852257.3999999998996", 
                    "std_dev": "11490636.3708403726714", 
                    "size": "761", 
                    "p50": "20835443", 
                    "unit": "microseconds", 
                    "mean": "20822146.0762155059147"
                }
            }, 
            {
                "model:nmt:1:prediction_latency": {
                    "p99": "677383", 
                    "min": "456123", 
                    "max": "677383", 
                    "p95": "465398.69999999996287", 
                    "std_dev": "22976.8828313459287997", 
                    "size": "96", 
                    "p50": "459741.5", 
                    "unit": "microseconds", 
                    "mean": "462988.854166666666686"
                }
            }, 
            {
                "model:nmt:1:batch_size": {
                    "p99": "8", 
                    "min": "1", 
                    "max": "8", 
                    "p95": "8", 
                    "std_dev": "0.71070375430898695098", 
                    "size": "96", 
                    "p50": "8", 
                    "unit": "queries", 
                    "mean": "7.92708333333333333868"
                }
            }
        ], 
        "meters": [
            {
                "internal:aggregate_model_throughput": {
                    "rate": "10.797857676658877", 
                    "rate_1min": "8.9039062241572768", 
                    "rate_15min": "0.81664213506091687", 
                    "unit": "events per second", 
                    "rate_5min": "2.3354088168026546"
                }
            }, 
            {
                "app:nmt:prediction_throughput": {
                    "rate": "0", 
                    "rate_1min": "0", 
                    "rate_15min": "0", 
                    "unit": "events per second", 
                    "rate_5min": "0"
                }
            }, 
            {
                "model:nmt:1:prediction_throughput": {
                    "rate": "15.131850915675823", 
                    "rate_1min": "9.0058509782195291", 
                    "rate_15min": "0.82531584902758304", 
                    "unit": "events per second", 
                    "rate_5min": "2.3602589262330191"
                }
            }
        ], 
        "ratio_counters": [
            {
                "app:nmt:default_prediction_ratio": {
                    "ratio": "0"
                }
            }, 
            {
                "model:nmt:1:cache_hit_ratio": {
                    "ratio": "0"
                }
            }
        ], 
        "counters": [
            {
                "internal:aggregate_num_predictions": {
                    "count": "5000"
                }
            }, 
            {
                "app:nmt:num_predictions": {
                    "count": "761"
                }
            }, 
            {
                "model:nmt:1:num_predictions": {
                    "count": "761"
                }
            }
        ]
    }
}