{
    "client_metrics": [
        {
            "thrus": [
                5.1567906733871345, 
                6.917443357206814, 
                6.582321674374126, 
                6.674145268911992, 
                5.828958991058493, 
                6.697599754385622, 
                6.716782822230939, 
                6.771278403820085, 
                5.812009168560704, 
                6.820823647195352, 
                6.759751143817492, 
                6.515495868980154, 
                5.638642837310945, 
                6.657947418727102, 
                6.569552907762952
            ], 
            "p99_lats": [
                8.831147429999998, 
                16.419842250000002, 
                23.76819527, 
                31.011820309999997, 
                38.73065321, 
                46.50740524, 
                53.713621579999995, 
                60.84997901, 
                68.58301388999999, 
                76.24620104, 
                83.39478387, 
                90.82087819, 
                98.81777840000001, 
                106.66159621, 
                114.02480408
            ], 
            "mean_lats": [
                5.266692819999999, 
                12.622133100000003, 
                20.07356172, 
                27.6530974, 
                35.15225512, 
                42.62280778, 
                50.08909975999999, 
                57.52240598, 
                64.98692844, 
                72.42671972, 
                79.81644247999999, 
                87.29835416, 
                95.03057215999999, 
                102.72035376000002, 
                110.36833732000001
            ]
        }
    ], 
    "node_configs": [
        {
            "model_image": "model-comp/nmt", 
            "name": "nmt", 
            "cpus_per_replica": 4, 
            "input_type": "strings", 
            "use_nvidia_docker": true, 
            "batch_size": 8, 
            "num_replicas": 1, 
            "slo": 500000, 
            "allocated_cpus": [
                6, 
                7, 
                8, 
                9, 
                10, 
                11, 
                12, 
                13, 
                14, 
                15
            ], 
            "gpus": [
                0
            ], 
            "input_size": 40
        }
    ], 
    "clipper_metrics": {
        "histograms": [
            {
                "internal:rpc_request_queueing_delay": {
                    "p99": "0", 
                    "min": "0", 
                    "max": "0", 
                    "p95": "0", 
                    "std_dev": "0", 
                    "size": "0", 
                    "p50": "0", 
                    "unit": "microseconds", 
                    "mean": "0"
                }
            }, 
            {
                "app:nmt:prediction_latency": {
                    "p99": "113991702.300000000207", 
                    "min": "1151927", 
                    "max": "114025018", 
                    "p95": "109047915.799999999748", 
                    "std_dev": "32580488.5048665625291", 
                    "size": "753", 
                    "p50": "57242389", 
                    "unit": "microseconds", 
                    "mean": "57799138.8074369189744"
                }
            }, 
            {
                "model:nmt:1:prediction_latency": {
                    "p99": "1477516", 
                    "min": "1151641", 
                    "max": "1477516", 
                    "p95": "1314582.39999999800784", 
                    "std_dev": "52192.5674225873816603", 
                    "size": "95", 
                    "p50": "1234708", 
                    "unit": "microseconds", 
                    "mean": "1240670.0842105263157"
                }
            }, 
            {
                "model:nmt:1:batch_size": {
                    "p99": "8", 
                    "min": "1", 
                    "max": "8", 
                    "p95": "8", 
                    "std_dev": "0.714394926356090590868", 
                    "size": "95", 
                    "p50": "8", 
                    "unit": "queries", 
                    "mean": "7.92631578947368420482"
                }
            }
        ], 
        "meters": [
            {
                "internal:aggregate_model_throughput": {
                    "rate": "5.2249841031766859", 
                    "rate_1min": "5.38333210849399", 
                    "rate_15min": "0.75273842948920988", 
                    "unit": "events per second", 
                    "rate_5min": "2.0014417162236477"
                }
            }, 
            {
                "app:nmt:prediction_throughput": {
                    "rate": "0", 
                    "rate_1min": "0", 
                    "rate_15min": "0", 
                    "unit": "events per second", 
                    "rate_5min": "0"
                }
            }, 
            {
                "model:nmt:1:prediction_throughput": {
                    "rate": "6.0791089708700641", 
                    "rate_1min": "5.3479015226912825", 
                    "rate_15min": "0.75249955836274107", 
                    "unit": "events per second", 
                    "rate_5min": "1.9994269804425986"
                }
            }
        ], 
        "ratio_counters": [
            {
                "app:nmt:default_prediction_ratio": {
                    "ratio": "0"
                }
            }, 
            {
                "model:nmt:1:cache_hit_ratio": {
                    "ratio": "0"
                }
            }
        ], 
        "counters": [
            {
                "internal:aggregate_num_predictions": {
                    "count": "5000"
                }
            }, 
            {
                "app:nmt:num_predictions": {
                    "count": "753"
                }
            }, 
            {
                "model:nmt:1:num_predictions": {
                    "count": "753"
                }
            }
        ]
    }
}