{
    "client_metrics": [
        {
            "thrus": [
                5.180197307499206, 
                6.884219001876363, 
                6.595849232078254, 
                6.670737595463258, 
                5.831435589811222, 
                6.705478872444224, 
                6.706460118425355, 
                6.764309016363946, 
                5.802804007741405, 
                6.811423028876347, 
                6.760437540925999, 
                6.503861993251593, 
                5.623078734573364, 
                6.652323370503412, 
                6.552003117705163
            ], 
            "p99_lats": [
                8.807728229999999, 
                16.40825351, 
                23.73832191, 
                30.98471429, 
                38.6995916, 
                46.47683634, 
                53.682248529999995, 
                60.824805600000005, 
                68.56695916, 
                76.2430161, 
                83.38992769999999, 
                90.8278329, 
                98.84572814, 
                106.69665171, 
                114.07863719
            ], 
            "mean_lats": [
                5.24678248, 
                12.602961279999999, 
                20.05188172, 
                27.626327460000002, 
                35.12243196, 
                42.58529702, 
                50.05265252000001, 
                57.496753039999994, 
                64.96413604, 
                72.41920492, 
                79.81140857999999, 
                87.29725171999999, 
                95.04580711999999, 
                102.75347690000001, 
                110.41240456000001
            ]
        }
    ], 
    "node_configs": [
        {
            "model_image": "model-comp/nmt", 
            "name": "nmt", 
            "cpus_per_replica": 3, 
            "input_type": "strings", 
            "use_nvidia_docker": true, 
            "batch_size": 8, 
            "num_replicas": 1, 
            "slo": 500000, 
            "allocated_cpus": [
                6, 
                7, 
                8, 
                9, 
                10, 
                11, 
                12, 
                13, 
                14, 
                15
            ], 
            "gpus": [
                0
            ], 
            "input_size": 40
        }
    ], 
    "clipper_metrics": {
        "histograms": [
            {
                "internal:rpc_request_queueing_delay": {
                    "p99": "0", 
                    "min": "0", 
                    "max": "0", 
                    "p95": "0", 
                    "std_dev": "0", 
                    "size": "0", 
                    "p50": "0", 
                    "unit": "microseconds", 
                    "mean": "0"
                }
            }, 
            {
                "app:nmt:prediction_latency": {
                    "p99": "114045861.8400000002", 
                    "min": "1140492", 
                    "max": "114079161", 
                    "p95": "109092197.599999999744", 
                    "std_dev": "32599101.4320320255501", 
                    "size": "753", 
                    "p50": "57219971", 
                    "unit": "microseconds", 
                    "mean": "57788808.4435590969661"
                }
            }, 
            {
                "model:nmt:1:prediction_latency": {
                    "p99": "1479918", 
                    "min": "1140198", 
                    "max": "1479918", 
                    "p95": "1315230.59999999803404", 
                    "std_dev": "52487.571306145691505", 
                    "size": "95", 
                    "p50": "1236646", 
                    "unit": "microseconds", 
                    "mean": "1241449.52631578947341"
                }
            }, 
            {
                "model:nmt:1:batch_size": {
                    "p99": "8", 
                    "min": "1", 
                    "max": "8", 
                    "p95": "8", 
                    "std_dev": "0.714394926356090590868", 
                    "size": "95", 
                    "p50": "8", 
                    "unit": "queries", 
                    "mean": "7.92631578947368420482"
                }
            }
        ], 
        "meters": [
            {
                "internal:aggregate_model_throughput": {
                    "rate": "5.2317716529688738", 
                    "rate_1min": "5.3434561771091609", 
                    "rate_15min": "0.75245310299833545", 
                    "unit": "events per second", 
                    "rate_5min": "1.9990569760499739"
                }
            }, 
            {
                "app:nmt:prediction_throughput": {
                    "rate": "0", 
                    "rate_1min": "0", 
                    "rate_15min": "0", 
                    "unit": "events per second", 
                    "rate_5min": "0"
                }
            }, 
            {
                "model:nmt:1:prediction_throughput": {
                    "rate": "6.0885065579886311", 
                    "rate_1min": "5.4546027100940604", 
                    "rate_15min": "0.76108964832031345", 
                    "unit": "events per second", 
                    "rate_5min": "2.0237589682400481"
                }
            }
        ], 
        "ratio_counters": [
            {
                "app:nmt:default_prediction_ratio": {
                    "ratio": "0"
                }
            }, 
            {
                "model:nmt:1:cache_hit_ratio": {
                    "ratio": "0"
                }
            }
        ], 
        "counters": [
            {
                "internal:aggregate_num_predictions": {
                    "count": "5000"
                }
            }, 
            {
                "app:nmt:num_predictions": {
                    "count": "753"
                }
            }, 
            {
                "model:nmt:1:num_predictions": {
                    "count": "753"
                }
            }
        ]
    }
}