{
    "client_metrics": [
        {
            "thrus": [
                5.593043238586808, 
                6.728076059554239, 
                6.722467629637746, 
                6.709330854280311, 
                6.68537323235389, 
                6.6797741648512154, 
                6.688072958850293, 
                6.6795510753876846, 
                6.694119697822082, 
                6.6635854247662545, 
                6.678063003784725, 
                6.670799004289858, 
                6.6885516075264935, 
                6.667346736033743, 
                6.68567448493898
            ], 
            "p99_lats": [
                8.7985383, 
                15.97164853, 
                23.1508563, 
                30.34536815, 
                37.56672175999999, 
                44.79357521, 
                51.99411833, 
                59.22163845, 
                66.43366489, 
                73.67798767, 
                80.90726207, 
                88.14378797, 
                95.36126591, 
                102.60215313, 
                109.82290684
            ], 
            "mean_lats": [
                6.8154246, 
                13.975150420000002, 
                21.151978700000004, 
                28.3489315, 
                35.55836592, 
                42.78372678000001, 
                49.99210314, 
                57.21404390000001, 
                64.42803128, 
                71.66412482, 
                78.89785422, 
                86.13025998, 
                93.34896804, 
                100.58664369999998, 
                107.8170997
            ]
        }
    ], 
    "node_configs": [
        {
            "model_image": "model-comp/nmt", 
            "name": "nmt", 
            "cpus_per_replica": 3, 
            "input_type": "strings", 
            "use_nvidia_docker": true, 
            "batch_size": 25, 
            "num_replicas": 1, 
            "slo": 500000, 
            "allocated_cpus": [
                6, 
                7, 
                8, 
                9, 
                10, 
                11, 
                12, 
                13, 
                14, 
                15
            ], 
            "gpus": [
                0
            ], 
            "input_size": 80
        }
    ], 
    "clipper_metrics": {
        "histograms": [
            {
                "internal:rpc_request_queueing_delay": {
                    "p99": "0", 
                    "min": "0", 
                    "max": "0", 
                    "p95": "0", 
                    "std_dev": "0", 
                    "size": "0", 
                    "p50": "0", 
                    "unit": "microseconds", 
                    "mean": "0"
                }
            }, 
            {
                "app:nmt:prediction_latency": {
                    "p99": "109789473.480000000105", 
                    "min": "1537305", 
                    "max": "109823791", 
                    "p95": "106154681.799999999872", 
                    "std_dev": "31282903.3034772755982", 
                    "size": "751", 
                    "p50": "55610715", 
                    "unit": "microseconds", 
                    "mean": "57314101.3129161118268"
                }
            }, 
            {
                "model:nmt:1:prediction_latency": {
                    "p99": "3754236", 
                    "min": "1536992", 
                    "max": "3754236", 
                    "p95": "3752804.99999999999659", 
                    "std_dev": "388588.165567972218668", 
                    "size": "31", 
                    "p50": "3739934", 
                    "unit": "microseconds", 
                    "mean": "3663899.25806451612925"
                }
            }, 
            {
                "model:nmt:1:batch_size": {
                    "p99": "25", 
                    "min": "1", 
                    "max": "25", 
                    "p95": "25", 
                    "std_dev": "4.24043270326580216609", 
                    "size": "31", 
                    "p50": "25", 
                    "unit": "queries", 
                    "mean": "24.2258064516129032299"
                }
            }
        ], 
        "meters": [
            {
                "internal:aggregate_model_throughput": {
                    "rate": "4.5909770758270962", 
                    "rate_1min": "5.6966355761881751", 
                    "rate_15min": "0.76077849621077065", 
                    "unit": "events per second", 
                    "rate_5min": "2.0375384243284995"
                }
            }, 
            {
                "app:nmt:prediction_throughput": {
                    "rate": "0", 
                    "rate_1min": "0", 
                    "rate_15min": "0", 
                    "unit": "events per second", 
                    "rate_5min": "0"
                }
            }, 
            {
                "model:nmt:1:prediction_throughput": {
                    "rate": "5.2186601581334635", 
                    "rate_1min": "5.7104249458634948", 
                    "rate_15min": "0.7610554597609368", 
                    "unit": "events per second", 
                    "rate_5min": "2.0395461184555899"
                }
            }
        ], 
        "ratio_counters": [
            {
                "app:nmt:default_prediction_ratio": {
                    "ratio": "0"
                }
            }, 
            {
                "model:nmt:1:cache_hit_ratio": {
                    "ratio": "0"
                }
            }
        ], 
        "counters": [
            {
                "internal:aggregate_num_predictions": {
                    "count": "5000"
                }
            }, 
            {
                "app:nmt:num_predictions": {
                    "count": "751"
                }
            }, 
            {
                "model:nmt:1:num_predictions": {
                    "count": "751"
                }
            }
        ]
    }
}