{
    "client_metrics": [
        {
            "thrus": [
                4.364863858586792, 
                4.722999837906646, 
                4.719258396858484, 
                4.819929366827087, 
                4.918605925424884, 
                4.737155156421811, 
                4.867099942393005, 
                4.718635325365005, 
                4.933100254212522, 
                4.649424554671143, 
                4.7820504016635415, 
                4.9373051122239575, 
                4.743375780854521, 
                4.660935145790789, 
                4.687730138251474
            ], 
            "p99_lats": [
                11.084262019999999, 
                21.428336129999998, 
                31.750335229999997, 
                41.86501222, 
                51.77436593, 
                62.06963868999999, 
                72.1199542, 
                82.4529144, 
                92.32474348, 
                102.80454954000001, 
                112.99240178, 
                122.89695678999999, 
                133.14256132, 
                143.62749106, 
                154.01957197000002
            ], 
            "mean_lats": [
                5.989400819999998, 
                16.47465626, 
                26.79786462, 
                37.00860632, 
                46.986483660000005, 
                57.08885385999999, 
                67.37147916, 
                77.47752645999999, 
                87.52685706, 
                97.65079465999999, 
                108.10484107999999, 
                118.17558288000002, 
                128.1912336, 
                138.63374806, 
                149.116386
            ]
        }
    ], 
    "node_configs": [
        {
            "model_image": "model-comp/nmt", 
            "name": "nmt", 
            "cpus_per_replica": 2, 
            "input_type": "strings", 
            "use_nvidia_docker": true, 
            "batch_size": 1, 
            "num_replicas": 1, 
            "slo": 500000, 
            "allocated_cpus": [
                6, 
                7, 
                8, 
                9, 
                10, 
                11, 
                12, 
                13, 
                14, 
                15
            ], 
            "gpus": [
                0
            ], 
            "input_size": 10
        }
    ], 
    "clipper_metrics": {
        "histograms": [
            {
                "internal:rpc_request_queueing_delay": {
                    "p99": "0", 
                    "min": "0", 
                    "max": "0", 
                    "p95": "0", 
                    "std_dev": "0", 
                    "size": "0", 
                    "p50": "0", 
                    "unit": "microseconds", 
                    "mean": "0"
                }
            }, 
            {
                "app:nmt:prediction_latency": {
                    "p99": "152811904.560000001846", 
                    "min": "682197", 
                    "max": "154134960", 
                    "p95": "146750215.699999983757", 
                    "std_dev": "44092913.0186827356956", 
                    "size": "750", 
                    "p50": "77379243", 
                    "unit": "microseconds", 
                    "mean": "77504759.3879999999845"
                }
            }, 
            {
                "model:nmt:1:prediction_latency": {
                    "p99": "246532.41000000000372", 
                    "min": "135014", 
                    "max": "681909", 
                    "p95": "244877.099999999998772", 
                    "std_dev": "36314.5789170735975553", 
                    "size": "750", 
                    "p50": "211420.5", 
                    "unit": "microseconds", 
                    "mean": "210651.482666666666603"
                }
            }, 
            {
                "model:nmt:1:batch_size": {
                    "p99": "1", 
                    "min": "1", 
                    "max": "1", 
                    "p95": "1", 
                    "std_dev": "5.20417042793042128324e-18", 
                    "size": "750", 
                    "p50": "1", 
                    "unit": "queries", 
                    "mean": "1.0000000000000000052"
                }
            }
        ], 
        "meters": [
            {
                "internal:aggregate_model_throughput": {
                    "rate": "4.0835674973443332", 
                    "rate_1min": "4.4013071724617916", 
                    "rate_15min": "0.7487834076166211", 
                    "unit": "events per second", 
                    "rate_5min": "1.9124927293446123"
                }
            }, 
            {
                "app:nmt:prediction_throughput": {
                    "rate": "0", 
                    "rate_1min": "0", 
                    "rate_15min": "0", 
                    "unit": "events per second", 
                    "rate_5min": "0"
                }
            }, 
            {
                "model:nmt:1:prediction_throughput": {
                    "rate": "4.5926205075606195", 
                    "rate_1min": "4.3916821279160398", 
                    "rate_15min": "0.74959107194170127", 
                    "unit": "events per second", 
                    "rate_5min": "1.9135043018211553"
                }
            }
        ], 
        "ratio_counters": [
            {
                "app:nmt:default_prediction_ratio": {
                    "ratio": "0"
                }
            }, 
            {
                "model:nmt:1:cache_hit_ratio": {
                    "ratio": "0"
                }
            }
        ], 
        "counters": [
            {
                "internal:aggregate_num_predictions": {
                    "count": "5000"
                }
            }, 
            {
                "app:nmt:num_predictions": {
                    "count": "750"
                }
            }, 
            {
                "model:nmt:1:num_predictions": {
                    "count": "750"
                }
            }
        ]
    }
}