{
    "client_metrics": [
        {
            "thrus": [
                7.566989040578433, 
                8.887782853689318, 
                8.760989346987394, 
                8.971849387052222, 
                8.93164487136913, 
                9.256033360225196, 
                8.753717484972931, 
                8.912082484531744, 
                8.924558564559721, 
                8.752471698007517, 
                8.976209454461893, 
                8.793064031092275, 
                9.018306802075942, 
                8.737137622848524, 
                9.027555348844599
            ], 
            "p99_lats": [
                6.39140048, 
                11.758164390000001, 
                17.20737915, 
                22.5223127, 
                27.861893520000002, 
                33.00548682, 
                38.45886736, 
                43.81143991, 
                49.1565779, 
                54.61071726, 
                59.92214122, 
                65.35057683000001, 
                70.63661225999999, 
                76.10120234, 
                81.38186178000001
            ], 
            "mean_lats": [
                4.0822395600000005, 
                9.51637678, 
                14.898488100000002, 
                20.27164574, 
                25.603505019999997, 
                30.92642894, 
                36.14891588, 
                41.51081784, 
                46.89206344, 
                52.30017596, 
                57.65011496, 
                63.039675540000005, 
                68.42299245999999, 
                73.78674464, 
                79.1765556
            ]
        }
    ], 
    "node_configs": [
        {
            "model_image": "model-comp/nmt", 
            "name": "nmt", 
            "cpus_per_replica": 1, 
            "input_type": "strings", 
            "use_nvidia_docker": true, 
            "batch_size": 10, 
            "num_replicas": 1, 
            "slo": 500000, 
            "allocated_cpus": [
                6, 
                7, 
                8, 
                9, 
                10, 
                11, 
                12, 
                13, 
                14, 
                15
            ], 
            "gpus": [
                0
            ], 
            "input_size": 20
        }
    ], 
    "clipper_metrics": {
        "histograms": [
            {
                "internal:rpc_request_queueing_delay": {
                    "p99": "0", 
                    "min": "0", 
                    "max": "0", 
                    "p95": "0", 
                    "std_dev": "0", 
                    "size": "0", 
                    "p50": "0", 
                    "unit": "microseconds", 
                    "mean": "0"
                }
            }, 
            {
                "app:nmt:prediction_latency": {
                    "p99": "81349438.1200000000827", 
                    "min": "867326", 
                    "max": "81383141", 
                    "p95": "78204926.5999999998749", 
                    "std_dev": "23221297.691183789746", 
                    "size": "751", 
                    "p50": "41601945", 
                    "unit": "microseconds", 
                    "mean": "41665759.3035952063801"
                }
            }, 
            {
                "model:nmt:1:prediction_latency": {
                    "p99": "1171767", 
                    "min": "867030", 
                    "max": "1171767", 
                    "p95": "1147094.74999999997794", 
                    "std_dev": "52698.6468314345423316", 
                    "size": "76", 
                    "p50": "1141392.5", 
                    "unit": "microseconds", 
                    "mean": "1121067.36842105263156"
                }
            }, 
            {
                "model:nmt:1:batch_size": {
                    "p99": "10", 
                    "min": "1", 
                    "max": "10", 
                    "p95": "10", 
                    "std_dev": "1.02555639921841418565", 
                    "size": "76", 
                    "p50": "10", 
                    "unit": "queries", 
                    "mean": "9.88157894736842104966"
                }
            }
        ], 
        "meters": [
            {
                "internal:aggregate_model_throughput": {
                    "rate": "6.7324019227094443", 
                    "rate_1min": "6.7054250546799432", 
                    "rate_15min": "0.78659387701056738", 
                    "unit": "events per second", 
                    "rate_5min": "2.1585143998196954"
                }
            }, 
            {
                "app:nmt:prediction_throughput": {
                    "rate": "0", 
                    "rate_1min": "0", 
                    "rate_15min": "0", 
                    "unit": "events per second", 
                    "rate_5min": "0"
                }
            }, 
            {
                "model:nmt:1:prediction_throughput": {
                    "rate": "8.3076129194863331", 
                    "rate_1min": "6.7475771816400982", 
                    "rate_15min": "0.79673177043989329", 
                    "unit": "events per second", 
                    "rate_5min": "2.1838337636396794"
                }
            }
        ], 
        "ratio_counters": [
            {
                "app:nmt:default_prediction_ratio": {
                    "ratio": "0"
                }
            }, 
            {
                "model:nmt:1:cache_hit_ratio": {
                    "ratio": "0"
                }
            }
        ], 
        "counters": [
            {
                "internal:aggregate_num_predictions": {
                    "count": "5000"
                }
            }, 
            {
                "app:nmt:num_predictions": {
                    "count": "751"
                }
            }, 
            {
                "model:nmt:1:num_predictions": {
                    "count": "751"
                }
            }
        ]
    }
}