{
    "client_metrics": [
        {
            "thrus": [
                11.736686958615973, 
                15.234743014260937, 
                14.21679128158118, 
                15.296502821745875, 
                14.527400420481078, 
                15.38647596463203, 
                14.320673094548521, 
                15.575824202525588, 
                14.86586087754366, 
                15.180035217681704, 
                14.361757741274658, 
                15.829181602818606, 
                14.017519095365387, 
                15.300495613653917, 
                14.194846986646908
            ], 
            "p99_lats": [
                3.8808196499999994, 
                7.03460031, 
                10.15897138, 
                13.29976625, 
                16.351106709999996, 
                19.471894409999997, 
                22.57298183, 
                25.65441824, 
                28.649533379999998, 
                31.791221120000003, 
                34.8814134, 
                37.91253496, 
                41.08467374, 
                44.227391710000006, 
                47.35749065
            ], 
            "mean_lats": [
                2.3846303399999997, 
                5.509883919999998, 
                8.655974539999999, 
                11.783199439999999, 
                14.87077784, 
                17.97205356, 
                21.073107139999998, 
                24.15715878, 
                27.190181300000003, 
                30.266570720000004, 
                33.398244080000005, 
                36.47661928, 
                39.553942660000004, 
                42.71512864, 
                45.85506512
            ]
        }
    ], 
    "node_configs": [
        {
            "model_image": "model-comp/nmt", 
            "name": "nmt", 
            "cpus_per_replica": 4, 
            "input_type": "strings", 
            "use_nvidia_docker": true, 
            "batch_size": 4, 
            "num_replicas": 1, 
            "slo": 500000, 
            "allocated_cpus": [
                6, 
                7, 
                8, 
                9, 
                10, 
                11, 
                12, 
                13, 
                14, 
                15
            ], 
            "gpus": [
                0
            ], 
            "input_size": 10
        }
    ], 
    "clipper_metrics": {
        "histograms": [
            {
                "internal:rpc_request_queueing_delay": {
                    "p99": "0", 
                    "min": "0", 
                    "max": "0", 
                    "p95": "0", 
                    "std_dev": "0", 
                    "size": "0", 
                    "p50": "0", 
                    "unit": "microseconds", 
                    "mean": "0"
                }
            }, 
            {
                "app:nmt:prediction_latency": {
                    "p99": "47720425.9599999999809", 
                    "min": "676075", 
                    "max": "47988355", 
                    "p95": "45735143.1999999998734", 
                    "std_dev": "13607913.1189240248086", 
                    "size": "761", 
                    "p50": "24387680", 
                    "unit": "microseconds", 
                    "mean": "24463858.8042049934284"
                }
            }, 
            {
                "model:nmt:1:prediction_latency": {
                    "p99": "357314.319999994491809", 
                    "min": "201241", 
                    "max": "675776", 
                    "p95": "277060.199999999998681", 
                    "std_dev": "32607.5420921932280631", 
                    "size": "191", 
                    "p50": "273497", 
                    "unit": "microseconds", 
                    "mean": "271797.14136125654457"
                }
            }, 
            {
                "model:nmt:1:batch_size": {
                    "p99": "4", 
                    "min": "1", 
                    "max": "4", 
                    "p95": "4", 
                    "std_dev": "0.216503383540684111902", 
                    "size": "191", 
                    "p50": "4", 
                    "unit": "queries", 
                    "mean": "3.98429319371727748336"
                }
            }
        ], 
        "meters": [
            {
                "internal:aggregate_model_throughput": {
                    "rate": "9.7985635511848432", 
                    "rate_1min": "8.2306267612770601", 
                    "rate_15min": "0.77983273586220081", 
                    "unit": "events per second", 
                    "rate_5min": "2.2184880551438249"
                }
            }, 
            {
                "app:nmt:prediction_throughput": {
                    "rate": "0", 
                    "rate_1min": "0", 
                    "rate_15min": "0", 
                    "unit": "events per second", 
                    "rate_5min": "0"
                }
            }, 
            {
                "model:nmt:1:prediction_throughput": {
                    "rate": "13.215912813459614", 
                    "rate_1min": "8.2196958293485771", 
                    "rate_15min": "0.77976081727651236", 
                    "unit": "events per second", 
                    "rate_5min": "2.2178775461590772"
                }
            }
        ], 
        "ratio_counters": [
            {
                "app:nmt:default_prediction_ratio": {
                    "ratio": "0"
                }
            }, 
            {
                "model:nmt:1:cache_hit_ratio": {
                    "ratio": "0"
                }
            }
        ], 
        "counters": [
            {
                "internal:aggregate_num_predictions": {
                    "count": "5000"
                }
            }, 
            {
                "app:nmt:num_predictions": {
                    "count": "761"
                }
            }, 
            {
                "model:nmt:1:num_predictions": {
                    "count": "761"
                }
            }
        ]
    }
}