{
    "client_metrics": [
        {
            "thrus": [
                6.559515666353647, 
                10.260009151928164, 
                9.64324059943155, 
                7.552996734537392, 
                10.216589657419359, 
                10.017510608543736, 
                7.611486585744386, 
                10.129955168870405, 
                10.147495882146172, 
                7.61229891731795, 
                10.240980512438183, 
                9.47871790861568, 
                7.268959044358677, 
                10.023880893841488, 
                9.573711354517403
            ], 
            "p99_lats": [
                7.38014474, 
                12.020314209999999, 
                16.972670819999998, 
                23.28289582, 
                27.943896170000002, 
                32.70221548000001, 
                38.96184467, 
                43.66488483, 
                48.3595008, 
                54.618381240000005, 
                59.26745347, 
                64.30950132, 
                70.87890752, 
                75.63414797000001, 
                80.62334157000001
            ], 
            "mean_lats": [
                4.45093986, 
                9.569075, 
                14.86439344, 
                20.278243160000002, 
                25.48634368, 
                30.67928074, 
                35.99757434, 
                41.177080319999995, 
                46.362964119999994, 
                51.658494739999995, 
                56.83054884, 
                62.074425979999994, 
                67.63615564, 
                73.13111094, 
                78.50073637999999
            ]
        }
    ], 
    "node_configs": [
        {
            "model_image": "model-comp/nmt", 
            "name": "nmt", 
            "cpus_per_replica": 3, 
            "input_type": "strings", 
            "use_nvidia_docker": true, 
            "batch_size": 15, 
            "num_replicas": 1, 
            "slo": 500000, 
            "allocated_cpus": [
                6, 
                7, 
                8, 
                9, 
                10, 
                11, 
                12, 
                13, 
                14, 
                15
            ], 
            "gpus": [
                0
            ], 
            "input_size": 40
        }
    ], 
    "clipper_metrics": {
        "histograms": [
            {
                "internal:rpc_request_queueing_delay": {
                    "p99": "0", 
                    "min": "0", 
                    "max": "0", 
                    "p95": "0", 
                    "std_dev": "0", 
                    "size": "0", 
                    "p50": "0", 
                    "unit": "microseconds", 
                    "mean": "0"
                }
            }, 
            {
                "app:nmt:prediction_latency": {
                    "p99": "80590190.2000000000844", 
                    "min": "1155271", 
                    "max": "80623906", 
                    "p95": "77190409.5999999998967", 
                    "std_dev": "22879313.0392958121483", 
                    "size": "751", 
                    "p50": "40508481", 
                    "unit": "microseconds", 
                    "mean": "41296175.6178428761959"
                }
            }, 
            {
                "model:nmt:1:prediction_latency": {
                    "p99": "1943496", 
                    "min": "1154968", 
                    "max": "1943496", 
                    "p95": "1915881.59999999999354", 
                    "std_dev": "105052.852372798044129", 
                    "size": "51", 
                    "p50": "1641625", 
                    "unit": "microseconds", 
                    "mean": "1655286.52941176470597"
                }
            }, 
            {
                "model:nmt:1:batch_size": {
                    "p99": "15", 
                    "min": "1", 
                    "max": "15", 
                    "p95": "15", 
                    "std_dev": "1.94107743855130692823", 
                    "size": "51", 
                    "p50": "15", 
                    "unit": "queries", 
                    "mean": "14.7254901960784313764"
                }
            }
        ], 
        "meters": [
            {
                "internal:aggregate_model_throughput": {
                    "rate": "6.7756878755471242", 
                    "rate_1min": "6.5988400449256774", 
                    "rate_15min": "0.78098296717263282", 
                    "unit": "events per second", 
                    "rate_5min": "2.1412147402418551"
                }
            }, 
            {
                "app:nmt:prediction_throughput": {
                    "rate": "0", 
                    "rate_1min": "0", 
                    "rate_15min": "0", 
                    "unit": "events per second", 
                    "rate_5min": "0"
                }
            }, 
            {
                "model:nmt:1:prediction_throughput": {
                    "rate": "8.2635234321504765", 
                    "rate_1min": "6.6151780335118113", 
                    "rate_15min": "0.78115670830667627", 
                    "unit": "events per second", 
                    "rate_5min": "2.1425919367399286"
                }
            }
        ], 
        "ratio_counters": [
            {
                "app:nmt:default_prediction_ratio": {
                    "ratio": "0"
                }
            }, 
            {
                "model:nmt:1:cache_hit_ratio": {
                    "ratio": "0"
                }
            }
        ], 
        "counters": [
            {
                "internal:aggregate_num_predictions": {
                    "count": "5000"
                }
            }, 
            {
                "app:nmt:num_predictions": {
                    "count": "751"
                }
            }, 
            {
                "model:nmt:1:num_predictions": {
                    "count": "751"
                }
            }
        ]
    }
}