{
    "client_metrics": [
        {
            "thrus": [
                9.000324911729313, 
                11.25809175344779, 
                10.322145916331989, 
                10.967216358173493, 
                11.169455381823365, 
                11.08078914720917, 
                11.130344346141243, 
                11.255415543188604, 
                11.230382767381938, 
                11.198797697079241, 
                11.328335724745004, 
                10.219726156305807, 
                10.292108566924744, 
                11.129469789833319, 
                10.415434173622788
            ], 
            "p99_lats": [
                5.41409681, 
                9.595998609999999, 
                14.18071086, 
                18.48109831, 
                22.69807986, 
                26.95179223, 
                31.18407793, 
                35.36703281, 
                39.56039255, 
                43.76562902, 
                47.918978, 
                52.552006739999996, 
                57.15101025999999, 
                61.384591369999995, 
                65.92591491
            ], 
            "mean_lats": [
                4.24636068, 
                8.40763362, 
                12.78572578, 
                17.263823579999997, 
                21.499963899999997, 
                25.75505658, 
                29.961542280000003, 
                34.16979958, 
                38.3787046, 
                42.5813972, 
                46.73940646, 
                51.147773, 
                55.76186382, 
                60.1788337, 
                64.738832
            ]
        }
    ], 
    "node_configs": [
        {
            "model_image": "model-comp/nmt", 
            "name": "nmt", 
            "cpus_per_replica": 2, 
            "input_type": "strings", 
            "use_nvidia_docker": true, 
            "batch_size": 25, 
            "num_replicas": 1, 
            "slo": 500000, 
            "allocated_cpus": [
                6, 
                7, 
                8, 
                9, 
                10, 
                11, 
                12, 
                13, 
                14, 
                15
            ], 
            "gpus": [
                0
            ], 
            "input_size": 40
        }
    ], 
    "clipper_metrics": {
        "histograms": [
            {
                "internal:rpc_request_queueing_delay": {
                    "p99": "0", 
                    "min": "0", 
                    "max": "0", 
                    "p95": "0", 
                    "std_dev": "0", 
                    "size": "0", 
                    "p50": "0", 
                    "unit": "microseconds", 
                    "mean": "0"
                }
            }, 
            {
                "app:nmt:prediction_latency": {
                    "p99": "65893175.8000000000829", 
                    "min": "1171745", 
                    "max": "65927082", 
                    "p95": "63789261.7999999998974", 
                    "std_dev": "18613170.0271202059794", 
                    "size": "751", 
                    "p50": "33256515", 
                    "unit": "microseconds", 
                    "mean": "34279925.715046604535"
                }
            }, 
            {
                "model:nmt:1:prediction_latency": {
                    "p99": "2636472", 
                    "min": "1171453", 
                    "max": "2636472", 
                    "p95": "2624735.99999999997181", 
                    "std_dev": "235645.223160385775046", 
                    "size": "31", 
                    "p50": "2239569", 
                    "unit": "microseconds", 
                    "mean": "2247824.58064516129048"
                }
            }, 
            {
                "model:nmt:1:batch_size": {
                    "p99": "25", 
                    "min": "1", 
                    "max": "25", 
                    "p95": "25", 
                    "std_dev": "4.24043270326580216609", 
                    "size": "31", 
                    "p50": "25", 
                    "unit": "queries", 
                    "mean": "24.2258064516129032299"
                }
            }
        ], 
        "meters": [
            {
                "internal:aggregate_model_throughput": {
                    "rate": "7.8378190549404083", 
                    "rate_1min": "7.2084607687404612", 
                    "rate_15min": "0.77685183268171121", 
                    "unit": "events per second", 
                    "rate_5min": "2.1643885404010335"
                }
            }, 
            {
                "app:nmt:prediction_throughput": {
                    "rate": "0", 
                    "rate_1min": "0", 
                    "rate_15min": "0", 
                    "unit": "events per second", 
                    "rate_5min": "0"
                }
            }, 
            {
                "model:nmt:1:prediction_throughput": {
                    "rate": "9.9182418589030377", 
                    "rate_1min": "7.2084607687404612", 
                    "rate_15min": "0.77685183268171121", 
                    "unit": "events per second", 
                    "rate_5min": "2.1643885404010335"
                }
            }
        ], 
        "ratio_counters": [
            {
                "app:nmt:default_prediction_ratio": {
                    "ratio": "0"
                }
            }, 
            {
                "model:nmt:1:cache_hit_ratio": {
                    "ratio": "0"
                }
            }
        ], 
        "counters": [
            {
                "internal:aggregate_num_predictions": {
                    "count": "5000"
                }
            }, 
            {
                "app:nmt:num_predictions": {
                    "count": "751"
                }
            }, 
            {
                "model:nmt:1:num_predictions": {
                    "count": "751"
                }
            }
        ]
    }
}