{
    "client_metrics": [
        {
            "thrus": [
                15.73762236001385, 
                31.562269200906467, 
                21.03014039721729, 
                31.485531453731067, 
                20.963762878039535, 
                31.45736300475698, 
                20.887745911432617, 
                31.385861548176667, 
                20.97638352884022, 
                31.282690411479997, 
                20.91208475918898, 
                31.363909799904526, 
                20.862314565316986, 
                31.28141827447943, 
                20.816671322662152
            ], 
            "p99_lats": [
                2.95882054, 
                4.33579511, 
                6.4004344799999995, 
                7.7802744399999995, 
                9.85415403, 
                11.23526949, 
                13.31834778, 
                14.701612019999999, 
                16.77491685, 
                18.164892690000002, 
                20.24490186, 
                21.63044086, 
                23.715933890000002, 
                25.10546866, 
                27.19181667
            ], 
            "mean_lats": [
                2.04143104, 
                3.7067210399999997, 
                5.491210960000001, 
                7.150660280000002, 
                8.94145894, 
                10.60586602, 
                12.403951399999999, 
                14.070064659999998, 
                15.863332520000002, 
                17.5312958, 
                19.327954379999998, 
                20.99979498, 
                22.798776359999998, 
                24.471229039999997, 
                26.27565586
            ]
        }
    ], 
    "node_configs": [
        {
            "model_image": "model-comp/nmt", 
            "name": "nmt", 
            "cpus_per_replica": 1, 
            "input_type": "strings", 
            "use_nvidia_docker": true, 
            "batch_size": 20, 
            "num_replicas": 1, 
            "slo": 500000, 
            "allocated_cpus": [
                6, 
                7, 
                8, 
                9, 
                10, 
                11, 
                12, 
                13, 
                14, 
                15
            ], 
            "gpus": [
                0
            ], 
            "input_size": 10
        }
    ], 
    "clipper_metrics": {
        "histograms": [
            {
                "internal:rpc_request_queueing_delay": {
                    "p99": "0", 
                    "min": "0", 
                    "max": "0", 
                    "p95": "0", 
                    "std_dev": "0", 
                    "size": "0", 
                    "p50": "0", 
                    "unit": "microseconds", 
                    "mean": "0"
                }
            }, 
            {
                "app:nmt:prediction_latency": {
                    "p99": "27860398.5999999997184", 
                    "min": "733614", 
                    "max": "27896609", 
                    "p95": "27104234.7999999998719", 
                    "std_dev": "7804951.98361946826708", 
                    "size": "781", 
                    "p50": "14650307", 
                    "unit": "microseconds", 
                    "mean": "14644310.0076824583948"
                }
            }, 
            {
                "model:nmt:1:prediction_latency": {
                    "p99": "838700", 
                    "min": "733331", 
                    "max": "838700", 
                    "p95": "805769.049999999998363", 
                    "std_dev": "12483.644272707389189", 
                    "size": "40", 
                    "p50": "796119", 
                    "unit": "microseconds", 
                    "mean": "796023.35000000000025"
                }
            }, 
            {
                "model:nmt:1:batch_size": {
                    "p99": "20", 
                    "min": "1", 
                    "max": "20", 
                    "p95": "20", 
                    "std_dev": "2.96637404923923914644", 
                    "size": "40", 
                    "p50": "20", 
                    "unit": "queries", 
                    "mean": "19.5249999999999999997"
                }
            }
        ], 
        "meters": [
            {
                "internal:aggregate_model_throughput": {
                    "rate": "13.583712165556962", 
                    "rate_1min": "9.2812042870823355", 
                    "rate_15min": "0.76657857603205759", 
                    "unit": "events per second", 
                    "rate_5min": "2.2281771515851183"
                }
            }, 
            {
                "app:nmt:prediction_throughput": {
                    "rate": "0", 
                    "rate_1min": "0", 
                    "rate_15min": "0", 
                    "unit": "events per second", 
                    "rate_5min": "0"
                }
            }, 
            {
                "model:nmt:1:prediction_throughput": {
                    "rate": "21.529587014279354", 
                    "rate_1min": "9.7480569199491924", 
                    "rate_15min": "0.80992909860262763", 
                    "unit": "events per second", 
                    "rate_5min": "2.351964779814089"
                }
            }
        ], 
        "ratio_counters": [
            {
                "app:nmt:default_prediction_ratio": {
                    "ratio": "0"
                }
            }, 
            {
                "model:nmt:1:cache_hit_ratio": {
                    "ratio": "0"
                }
            }
        ], 
        "counters": [
            {
                "internal:aggregate_num_predictions": {
                    "count": "5000"
                }
            }, 
            {
                "app:nmt:num_predictions": {
                    "count": "781"
                }
            }, 
            {
                "model:nmt:1:num_predictions": {
                    "count": "781"
                }
            }
        ]
    }
}