{
    "client_metrics": [
        {
            "thrus": [
                5.629810884518729, 
                6.782240567429375, 
                6.775771035313421, 
                6.762385986172273, 
                6.764356602810238, 
                6.758652832875818, 
                6.761173447627815, 
                6.731140220151365, 
                6.7365044574776345, 
                6.744308040064967, 
                6.739470016165293, 
                6.728796787510923, 
                6.724368020358159, 
                6.730755122070994, 
                6.74077383544369
            ], 
            "p99_lats": [
                8.741033550000001, 
                15.85262925, 
                22.95819784, 
                30.094526699999996, 
                37.22740721, 
                44.36721568, 
                51.503721729999995, 
                58.67360333, 
                65.83824354000001, 
                72.99352701999999, 
                80.15522056, 
                87.32663767, 
                94.50488362000002, 
                101.67572261000001, 
                108.83526293
            ], 
            "mean_lats": [
                6.76320618, 
                13.869583339999998, 
                20.98162828, 
                28.107580820000003, 
                35.246101919999994, 
                42.38228634, 
                49.51693744, 
                56.68165572, 
                63.84397435999999, 
                71.00274939999998, 
                78.16137548, 
                85.33466257999999, 
                92.51125948, 
                99.68070306, 
                106.84553953999999
            ]
        }
    ], 
    "node_configs": [
        {
            "model_image": "model-comp/nmt", 
            "name": "nmt", 
            "cpus_per_replica": 5, 
            "input_type": "strings", 
            "use_nvidia_docker": true, 
            "batch_size": 25, 
            "num_replicas": 1, 
            "slo": 500000, 
            "allocated_cpus": [
                6, 
                7, 
                8, 
                9, 
                10, 
                11, 
                12, 
                13, 
                14, 
                15
            ], 
            "gpus": [
                0
            ], 
            "input_size": 80
        }
    ], 
    "clipper_metrics": {
        "histograms": [
            {
                "internal:rpc_request_queueing_delay": {
                    "p99": "0", 
                    "min": "0", 
                    "max": "0", 
                    "p95": "0", 
                    "std_dev": "0", 
                    "size": "0", 
                    "p50": "0", 
                    "unit": "microseconds", 
                    "mean": "0"
                }
            }, 
            {
                "app:nmt:prediction_latency": {
                    "p99": "108802262.040000000081", 
                    "min": "1526088", 
                    "max": "108835962", 
                    "p95": "105194469.799999999901", 
                    "std_dev": "30993647.0024230652562", 
                    "size": "751", 
                    "p50": "55093541", 
                    "unit": "microseconds", 
                    "mean": "56794116.909454061235"
                }
            }, 
            {
                "model:nmt:1:prediction_latency": {
                    "p99": "3720708", 
                    "min": "1525801", 
                    "max": "3720708", 
                    "p95": "3720210.59999999999877", 
                    "std_dev": "384744.197859994090066", 
                    "size": "31", 
                    "p50": "3703418", 
                    "unit": "microseconds", 
                    "mean": "3631978.80645161290295"
                }
            }, 
            {
                "model:nmt:1:batch_size": {
                    "p99": "25", 
                    "min": "1", 
                    "max": "25", 
                    "p95": "25", 
                    "std_dev": "4.24043270326580216609", 
                    "size": "31", 
                    "p50": "25", 
                    "unit": "queries", 
                    "mean": "24.2258064516129032299"
                }
            }
        ], 
        "meters": [
            {
                "internal:aggregate_model_throughput": {
                    "rate": "4.6147623433033171", 
                    "rate_1min": "5.6646710980283368", 
                    "rate_15min": "0.76062502979012647", 
                    "unit": "events per second", 
                    "rate_5min": "2.0361724601346447"
                }
            }, 
            {
                "app:nmt:prediction_throughput": {
                    "rate": "0", 
                    "rate_1min": "0", 
                    "rate_15min": "0", 
                    "unit": "events per second", 
                    "rate_5min": "0"
                }
            }, 
            {
                "model:nmt:1:prediction_throughput": {
                    "rate": "5.2666268778031906", 
                    "rate_1min": "5.6397771374069876", 
                    "rate_15min": "0.76047409994630277", 
                    "unit": "events per second", 
                    "rate_5min": "2.0348731148006363"
                }
            }
        ], 
        "ratio_counters": [
            {
                "app:nmt:default_prediction_ratio": {
                    "ratio": "0"
                }
            }, 
            {
                "model:nmt:1:cache_hit_ratio": {
                    "ratio": "0"
                }
            }
        ], 
        "counters": [
            {
                "internal:aggregate_num_predictions": {
                    "count": "5000"
                }
            }, 
            {
                "app:nmt:num_predictions": {
                    "count": "751"
                }
            }, 
            {
                "model:nmt:1:num_predictions": {
                    "count": "751"
                }
            }
        ]
    }
}