{
    "client_metrics": [
        {
            "thrus": [
                4.454163230650915, 
                5.446361454749287, 
                4.9385671873299275, 
                5.439627424686726, 
                4.981966278465212, 
                5.525631192851159, 
                5.005154808937725, 
                5.243253950818068, 
                5.0304538646512125, 
                5.521019736762196, 
                5.055781959089219, 
                5.474711104969702, 
                5.122755042250947, 
                5.438803184832614, 
                5.02769455267395
            ], 
            "p99_lats": [
                10.606098339999999, 
                19.90196178, 
                29.39826515, 
                38.70093352, 
                48.10389197000001, 
                57.27001842, 
                66.63898695, 
                76.27972507000001, 
                85.57337991, 
                94.75845976, 
                104.0141069, 
                113.26504304, 
                122.42436606, 
                131.70177953, 
                141.01052733
            ], 
            "mean_lats": [
                6.051536479999998, 
                15.4096868, 
                24.88042558, 
                34.22109308, 
                43.57427884, 
                52.87566006, 
                62.1423373, 
                71.69723472, 
                81.09835668000001, 
                90.36885404000003, 
                99.53857656, 
                108.8091395, 
                118.05379133999999, 
                127.21706298, 
                136.53806717999998
            ]
        }
    ], 
    "node_configs": [
        {
            "model_image": "model-comp/nmt", 
            "name": "nmt", 
            "cpus_per_replica": 2, 
            "input_type": "strings", 
            "use_nvidia_docker": true, 
            "batch_size": 4, 
            "num_replicas": 1, 
            "slo": 500000, 
            "allocated_cpus": [
                6, 
                7, 
                8, 
                9, 
                10, 
                11, 
                12, 
                13, 
                14, 
                15
            ], 
            "gpus": [
                0
            ], 
            "input_size": 40
        }
    ], 
    "clipper_metrics": {
        "histograms": [
            {
                "internal:rpc_request_queueing_delay": {
                    "p99": "0", 
                    "min": "0", 
                    "max": "0", 
                    "p95": "0", 
                    "std_dev": "0", 
                    "size": "0", 
                    "p50": "0", 
                    "unit": "microseconds", 
                    "mean": "0"
                }
            }, 
            {
                "app:nmt:prediction_latency": {
                    "p99": "141365823.359999999811", 
                    "min": "1082352", 
                    "max": "142130345", 
                    "p95": "135443577.100000000108", 
                    "std_dev": "40741183.9223217489925", 
                    "size": "757", 
                    "p50": "72516898", 
                    "unit": "microseconds", 
                    "mean": "72146730.1651254953977"
                }
            }, 
            {
                "model:nmt:1:prediction_latency": {
                    "p99": "929053.150000000572618", 
                    "min": "681481", 
                    "max": "1082056", 
                    "p95": "793780.249999999996987", 
                    "std_dev": "36804.6319808678308902", 
                    "size": "190", 
                    "p50": "769482.5", 
                    "unit": "microseconds", 
                    "mean": "768468.384210526315997"
                }
            }, 
            {
                "model:nmt:1:batch_size": {
                    "p99": "4", 
                    "min": "1", 
                    "max": "4", 
                    "p95": "4", 
                    "std_dev": "0.217069375024224000596", 
                    "size": "190", 
                    "p50": "4", 
                    "unit": "queries", 
                    "mean": "3.9842105263157894684"
                }
            }
        ], 
        "meters": [
            {
                "internal:aggregate_model_throughput": {
                    "rate": "4.4045713399314046", 
                    "rate_1min": "4.7447991609661946", 
                    "rate_15min": "0.76559520223142064", 
                    "unit": "events per second", 
                    "rate_5min": "1.9770282917545041"
                }
            }, 
            {
                "app:nmt:prediction_throughput": {
                    "rate": "0", 
                    "rate_1min": "0", 
                    "rate_15min": "0", 
                    "unit": "events per second", 
                    "rate_5min": "0"
                }
            }, 
            {
                "model:nmt:1:prediction_throughput": {
                    "rate": "4.9921435399143439", 
                    "rate_1min": "4.7278171792638091", 
                    "rate_15min": "0.76537055407606325", 
                    "unit": "events per second", 
                    "rate_5min": "1.9753438466463633"
                }
            }
        ], 
        "ratio_counters": [
            {
                "app:nmt:default_prediction_ratio": {
                    "ratio": "0"
                }
            }, 
            {
                "model:nmt:1:cache_hit_ratio": {
                    "ratio": "0"
                }
            }
        ], 
        "counters": [
            {
                "internal:aggregate_num_predictions": {
                    "count": "5000"
                }
            }, 
            {
                "app:nmt:num_predictions": {
                    "count": "757"
                }
            }, 
            {
                "model:nmt:1:num_predictions": {
                    "count": "757"
                }
            }
        ]
    }
}