{
    "client_metrics": [
        {
            "thrus": [
                4.141664816723049, 
                7.133972289939472, 
                4.758395332052246, 
                7.130417620003502, 
                4.741150263740707, 
                7.103585477941307, 
                4.744815743146802, 
                7.1127185222729805, 
                4.734535539222881, 
                7.0949691418507115, 
                4.731416415743883, 
                7.084415773026654, 
                4.7275257444505705, 
                7.092773045873645, 
                4.72550710598131
            ], 
            "p99_lats": [
                11.855542320000001, 
                18.6575531, 
                28.85627048, 
                35.66124098, 
                45.897300079999994, 
                52.72856046, 
                62.957670969999995, 
                69.78018837, 
                80.03132671, 
                86.87120379999999, 
                97.12987575, 
                103.98097394, 
                114.24787712, 
                121.0895295, 
                131.34282846000002
            ], 
            "mean_lats": [
                7.54334692, 
                15.748673099999998, 
                24.52865262, 
                32.75480572, 
                41.55663048, 
                49.80961953999999, 
                58.61483558, 
                66.86801724, 
                75.67733538, 
                83.94924703999999, 
                92.77527262000001, 
                101.04909948000001, 
                109.89810344, 
                118.15833018, 
                126.98513320000002
            ]
        }
    ], 
    "node_configs": [
        {
            "model_image": "model-comp/nmt", 
            "name": "nmt", 
            "cpus_per_replica": 2, 
            "input_type": "strings", 
            "use_nvidia_docker": true, 
            "batch_size": 20, 
            "num_replicas": 1, 
            "slo": 500000, 
            "allocated_cpus": [
                6, 
                7, 
                8, 
                9, 
                10, 
                11, 
                12, 
                13, 
                14, 
                15
            ], 
            "gpus": [
                0
            ], 
            "input_size": 80
        }
    ], 
    "clipper_metrics": {
        "histograms": [
            {
                "internal:rpc_request_queueing_delay": {
                    "p99": "0", 
                    "min": "0", 
                    "max": "0", 
                    "p95": "0", 
                    "std_dev": "0", 
                    "size": "0", 
                    "p50": "0", 
                    "unit": "microseconds", 
                    "mean": "0"
                }
            }, 
            {
                "app:nmt:prediction_latency": {
                    "p99": "131309284.559999999976", 
                    "min": "1586994", 
                    "max": "131343111", 
                    "p95": "127827210.699999999873", 
                    "std_dev": "37488650.9425168375783", 
                    "size": "761", 
                    "p50": "66376458", 
                    "unit": "microseconds", 
                    "mean": "67986504.3679369250967"
                }
            }, 
            {
                "model:nmt:1:prediction_latency": {
                    "p99": "3538825", 
                    "min": "1586718", 
                    "max": "3538825", 
                    "p95": "3532592", 
                    "std_dev": "305094.194958750308473", 
                    "size": "39", 
                    "p50": "3516548", 
                    "unit": "microseconds", 
                    "mean": "3466140.43589743589723"
                }
            }, 
            {
                "model:nmt:1:batch_size": {
                    "p99": "20", 
                    "min": "1", 
                    "max": "20", 
                    "p95": "20", 
                    "std_dev": "3.00317605272847570506", 
                    "size": "39", 
                    "p50": "20", 
                    "unit": "queries", 
                    "mean": "19.5128205128205128114"
                }
            }
        ], 
        "meters": [
            {
                "internal:aggregate_model_throughput": {
                    "rate": "4.0616431037193621", 
                    "rate_1min": "5.0067074465678809", 
                    "rate_15min": "0.76615879295745248", 
                    "unit": "events per second", 
                    "rate_5min": "2.0008067109039804"
                }
            }, 
            {
                "app:nmt:prediction_throughput": {
                    "rate": "0", 
                    "rate_1min": "0", 
                    "rate_15min": "0", 
                    "unit": "events per second", 
                    "rate_5min": "0"
                }
            }, 
            {
                "model:nmt:1:prediction_throughput": {
                    "rate": "4.5429238638853331", 
                    "rate_1min": "5.016369831606891", 
                    "rate_15min": "0.76637794934135617", 
                    "unit": "events per second", 
                    "rate_5min": "2.0023623678594826"
                }
            }
        ], 
        "ratio_counters": [
            {
                "app:nmt:default_prediction_ratio": {
                    "ratio": "0"
                }
            }, 
            {
                "model:nmt:1:cache_hit_ratio": {
                    "ratio": "0"
                }
            }
        ], 
        "counters": [
            {
                "internal:aggregate_num_predictions": {
                    "count": "5000"
                }
            }, 
            {
                "app:nmt:num_predictions": {
                    "count": "761"
                }
            }, 
            {
                "model:nmt:1:num_predictions": {
                    "count": "761"
                }
            }
        ]
    }
}