{
    "client_metrics": [
        {
            "thrus": [
                2.9531345810760063, 
                3.128103861056133, 
                3.108146077892627, 
                3.0750734911813655, 
                3.1225376838776575, 
                3.1222643110389714, 
                3.1205602229428084, 
                3.1277620093393725, 
                3.1187943788846146, 
                3.1248578189692373, 
                3.1395591167365313, 
                3.1169065624971557, 
                3.1032412361674573, 
                3.093270966391673, 
                3.103028810567476
            ], 
            "p99_lats": [
                16.357181299999997, 
                32.100659209999996, 
                47.94785104, 
                63.9045823, 
                79.67178357, 
                95.42619443000001, 
                111.18699155, 
                126.91262433, 
                142.69114284, 
                158.44723817, 
                174.10471489, 
                189.87470073, 
                205.76756156, 
                221.63389702, 
                237.50617866
            ], 
            "mean_lats": [
                8.89756914, 
                24.59811992, 
                40.267519, 
                56.205912760000004, 
                72.08471488, 
                87.83498287999998, 
                103.59185670000001, 
                119.25611604, 
                135.09259926000001, 
                150.90363948, 
                166.62679422000002, 
                182.28327738, 
                198.10376498000002, 
                213.95884880000003, 
                229.90438750000004
            ]
        }
    ], 
    "node_configs": [
        {
            "model_image": "model-comp/nmt", 
            "name": "nmt", 
            "cpus_per_replica": 4, 
            "input_type": "strings", 
            "use_nvidia_docker": true, 
            "batch_size": 2, 
            "num_replicas": 1, 
            "slo": 500000, 
            "allocated_cpus": [
                6, 
                7, 
                8, 
                9, 
                10, 
                11, 
                12, 
                13, 
                14, 
                15
            ], 
            "gpus": [
                0
            ], 
            "input_size": 40
        }
    ], 
    "clipper_metrics": {
        "histograms": [
            {
                "internal:rpc_request_queueing_delay": {
                    "p99": "0", 
                    "min": "0", 
                    "max": "0", 
                    "p95": "0", 
                    "std_dev": "0", 
                    "size": "0", 
                    "p50": "0", 
                    "unit": "microseconds", 
                    "mean": "0"
                }
            }, 
            {
                "app:nmt:prediction_latency": {
                    "p99": "235954431.520000000106", 
                    "min": "1159511", 
                    "max": "237811835", 
                    "p95": "226300654.799999999872", 
                    "std_dev": "68414613.9714979239579", 
                    "size": "751", 
                    "p50": "119524898", 
                    "unit": "microseconds", 
                    "mean": "119463417.580559254311"
                }
            }, 
            {
                "model:nmt:1:prediction_latency": {
                    "p99": "773167.270000000088203", 
                    "min": "559629", 
                    "max": "1159206", 
                    "p95": "673559.99999999999045", 
                    "std_dev": "39578.5984247060809516", 
                    "size": "376", 
                    "p50": "647730", 
                    "unit": "microseconds", 
                    "mean": "642741.542553191489333"
                }
            }, 
            {
                "model:nmt:1:batch_size": {
                    "p99": "2", 
                    "min": "1", 
                    "max": "2", 
                    "p95": "2", 
                    "std_dev": "0.0515024381144603309541", 
                    "size": "376", 
                    "p50": "2", 
                    "unit": "queries", 
                    "mean": "1.99734042553191488826"
                }
            }
        ], 
        "meters": [
            {
                "internal:aggregate_model_throughput": {
                    "rate": "2.8027277460086162", 
                    "rate_1min": "3.0643700716911795", 
                    "rate_15min": "0.72537410996663809", 
                    "unit": "events per second", 
                    "rate_5min": "1.7095169969559907"
                }
            }, 
            {
                "app:nmt:prediction_throughput": {
                    "rate": "0", 
                    "rate_1min": "0", 
                    "rate_15min": "0", 
                    "unit": "events per second", 
                    "rate_5min": "0"
                }
            }, 
            {
                "model:nmt:1:prediction_throughput": {
                    "rate": "3.0278819220878326", 
                    "rate_1min": "3.0339367138676825", 
                    "rate_15min": "0.72320992995521993", 
                    "unit": "events per second", 
                    "rate_5min": "1.7032390548108178"
                }
            }
        ], 
        "ratio_counters": [
            {
                "app:nmt:default_prediction_ratio": {
                    "ratio": "0"
                }
            }, 
            {
                "model:nmt:1:cache_hit_ratio": {
                    "ratio": "0"
                }
            }
        ], 
        "counters": [
            {
                "internal:aggregate_num_predictions": {
                    "count": "5000"
                }
            }, 
            {
                "app:nmt:num_predictions": {
                    "count": "751"
                }
            }, 
            {
                "model:nmt:1:num_predictions": {
                    "count": "751"
                }
            }
        ]
    }
}