{
    "client_metrics": [
        {
            "thrus": [
                2.661152333247804, 
                2.6468320834374643, 
                2.6599260593754015, 
                2.6716264878087537, 
                2.71820735746971, 
                2.6786218918945703, 
                2.6356611703642883, 
                2.649583564951097, 
                2.740265071320879, 
                2.559609596058283, 
                2.6294109288625496, 
                2.5631792937764364, 
                2.705917918252921, 
                2.6332753310553745, 
                2.687633504834811
            ], 
            "p99_lats": [
                18.38941444, 
                36.96757523, 
                55.55123471, 
                73.95146325, 
                92.07200566, 
                110.55155400000001, 
                129.23162484, 
                147.86044564999997, 
                165.7771477, 
                185.11891746000003, 
                203.83108478000003, 
                223.1254156, 
                241.33416861, 
                260.08062553, 
                278.42248949
            ], 
            "mean_lats": [
                9.84497016, 
                27.95692868, 
                46.540531680000015, 
                65.27647137999999, 
                83.29119588000002, 
                101.88936436, 
                120.27894696, 
                138.64963496000001, 
                157.15958978, 
                176.02796308, 
                194.67950296000004, 
                213.79838026000002, 
                232.77956532000005, 
                251.0991475, 
                269.59262093999996
            ]
        }
    ], 
    "node_configs": [
        {
            "model_image": "model-comp/nmt", 
            "name": "nmt", 
            "cpus_per_replica": 3, 
            "input_type": "strings", 
            "use_nvidia_docker": true, 
            "batch_size": 1, 
            "num_replicas": 1, 
            "slo": 500000, 
            "allocated_cpus": [
                6, 
                7, 
                8, 
                9, 
                10, 
                11, 
                12, 
                13, 
                14, 
                15
            ], 
            "gpus": [
                0
            ], 
            "input_size": 20
        }
    ], 
    "clipper_metrics": {
        "histograms": [
            {
                "internal:rpc_request_queueing_delay": {
                    "p99": "0", 
                    "min": "0", 
                    "max": "0", 
                    "p95": "0", 
                    "std_dev": "0", 
                    "size": "0", 
                    "p50": "0", 
                    "unit": "microseconds", 
                    "mean": "0"
                }
            }, 
            {
                "app:nmt:prediction_latency": {
                    "p99": "276428681.800000007643", 
                    "min": "781135", 
                    "max": "278977964", 
                    "p95": "265611581.999999993845", 
                    "std_dev": "80551706.7353631051592", 
                    "size": "751", 
                    "p50": "138591716", 
                    "unit": "microseconds", 
                    "mean": "139442175.603195738979"
                }
            }, 
            {
                "model:nmt:1:prediction_latency": {
                    "p99": "473052.560000000003129", 
                    "min": "245759", 
                    "max": "780861", 
                    "p95": "470012.799999999999841", 
                    "std_dev": "60813.9529307394776154", 
                    "size": "751", 
                    "p50": "365872", 
                    "unit": "microseconds", 
                    "mean": "376634.507323568575259"
                }
            }, 
            {
                "model:nmt:1:batch_size": {
                    "p99": "1", 
                    "min": "1", 
                    "max": "1", 
                    "p95": "1", 
                    "std_dev": "5.42101086242752217004e-18", 
                    "size": "751", 
                    "p50": "1", 
                    "unit": "queries", 
                    "mean": "0.999999999999999994579"
                }
            }
        ], 
        "meters": [
            {
                "internal:aggregate_model_throughput": {
                    "rate": "2.4320459325715751", 
                    "rate_1min": "2.6411547531004178", 
                    "rate_15min": "0.70877637888491518", 
                    "unit": "events per second", 
                    "rate_5min": "1.6095666521509473"
                }
            }, 
            {
                "app:nmt:prediction_throughput": {
                    "rate": "0", 
                    "rate_1min": "0", 
                    "rate_15min": "0", 
                    "unit": "events per second", 
                    "rate_5min": "0"
                }
            }, 
            {
                "model:nmt:1:prediction_throughput": {
                    "rate": "2.5980220936075593", 
                    "rate_1min": "2.635788741137449", 
                    "rate_15min": "0.70785841571829244", 
                    "unit": "events per second", 
                    "rate_5min": "1.6075444369998648"
                }
            }
        ], 
        "ratio_counters": [
            {
                "app:nmt:default_prediction_ratio": {
                    "ratio": "0"
                }
            }, 
            {
                "model:nmt:1:cache_hit_ratio": {
                    "ratio": "0"
                }
            }
        ], 
        "counters": [
            {
                "internal:aggregate_num_predictions": {
                    "count": "5000"
                }
            }, 
            {
                "app:nmt:num_predictions": {
                    "count": "751"
                }
            }, 
            {
                "model:nmt:1:num_predictions": {
                    "count": "751"
                }
            }
        ]
    }
}