{
    "client_metrics": [
        {
            "thrus": [
                6.573826703409975, 
                10.29506903255589, 
                9.683352438587695, 
                7.57351191472468, 
                10.253341615299135, 
                10.059659818519712, 
                7.67125893797557, 
                10.150876538339961, 
                10.191438009864903, 
                7.648407012732609, 
                10.321851855827676, 
                9.50075255460985, 
                7.292726846832025, 
                10.027553712090082, 
                9.618680863326626
            ], 
            "p99_lats": [
                7.36397351, 
                11.98846423, 
                16.91952032, 
                23.2128397, 
                27.856541059999998, 
                32.593879009999995, 
                38.80296094, 
                43.49605611, 
                48.169909180000005, 
                54.397874869999995, 
                59.00928103, 
                64.03944568, 
                70.58707368, 
                75.34064968, 
                80.30552272
            ], 
            "mean_lats": [
                4.436955080000001, 
                9.545426440000002, 
                14.81947476, 
                20.21068054, 
                25.410986380000004, 
                30.577061959999995, 
                35.8562733, 
                41.01040776, 
                46.17769858, 
                51.4448193, 
                56.58764524, 
                61.80882427999999, 
                67.35053918, 
                72.8390447, 
                78.19208429999999
            ]
        }
    ], 
    "node_configs": [
        {
            "model_image": "model-comp/nmt", 
            "name": "nmt", 
            "cpus_per_replica": 5, 
            "input_type": "strings", 
            "use_nvidia_docker": true, 
            "batch_size": 15, 
            "num_replicas": 1, 
            "slo": 500000, 
            "allocated_cpus": [
                6, 
                7, 
                8, 
                9, 
                10, 
                11, 
                12, 
                13, 
                14, 
                15
            ], 
            "gpus": [
                0
            ], 
            "input_size": 40
        }
    ], 
    "clipper_metrics": {
        "histograms": [
            {
                "internal:rpc_request_queueing_delay": {
                    "p99": "0", 
                    "min": "0", 
                    "max": "0", 
                    "p95": "0", 
                    "std_dev": "0", 
                    "size": "0", 
                    "p50": "0", 
                    "unit": "microseconds", 
                    "mean": "0"
                }
            }, 
            {
                "app:nmt:prediction_latency": {
                    "p99": "80272777.6000000000786", 
                    "min": "1130432", 
                    "max": "80306542", 
                    "p95": "76886844.5999999998749", 
                    "std_dev": "22779713.4289267332078", 
                    "size": "751", 
                    "p50": "40343441", 
                    "unit": "microseconds", 
                    "mean": "41134002.9440745672255"
                }
            }, 
            {
                "model:nmt:1:prediction_latency": {
                    "p99": "1940342", 
                    "min": "1130148", 
                    "max": "1940342", 
                    "p95": "1909537.99999999999693", 
                    "std_dev": "106977.798429410282473", 
                    "size": "51", 
                    "p50": "1635099", 
                    "unit": "microseconds", 
                    "mean": "1648959.98039215686276"
                }
            }, 
            {
                "model:nmt:1:batch_size": {
                    "p99": "15", 
                    "min": "1", 
                    "max": "15", 
                    "p95": "15", 
                    "std_dev": "1.94107743855130692823", 
                    "size": "51", 
                    "p50": "15", 
                    "unit": "queries", 
                    "mean": "14.7254901960784313764"
                }
            }
        ], 
        "meters": [
            {
                "internal:aggregate_model_throughput": {
                    "rate": "6.7796029965592473", 
                    "rate_1min": "6.7844884772017107", 
                    "rate_15min": "0.79724508071629296", 
                    "unit": "events per second", 
                    "rate_5min": "2.1877755921832618"
                }
            }, 
            {
                "app:nmt:prediction_throughput": {
                    "rate": "0", 
                    "rate_1min": "0", 
                    "rate_15min": "0", 
                    "unit": "events per second", 
                    "rate_5min": "0"
                }
            }, 
            {
                "model:nmt:1:prediction_throughput": {
                    "rate": "8.2945816589636028", 
                    "rate_1min": "6.7582973505349413", 
                    "rate_15min": "0.79690241106063386", 
                    "unit": "events per second", 
                    "rate_5min": "2.1851349825601112"
                }
            }
        ], 
        "ratio_counters": [
            {
                "app:nmt:default_prediction_ratio": {
                    "ratio": "0"
                }
            }, 
            {
                "model:nmt:1:cache_hit_ratio": {
                    "ratio": "0"
                }
            }
        ], 
        "counters": [
            {
                "internal:aggregate_num_predictions": {
                    "count": "5000"
                }
            }, 
            {
                "app:nmt:num_predictions": {
                    "count": "751"
                }
            }, 
            {
                "model:nmt:1:num_predictions": {
                    "count": "751"
                }
            }
        ]
    }
}