{
    "client_metrics": [
        {
            "thrus": [
                8.478086773896377, 
                10.407976006701071, 
                10.31213598159985, 
                9.383097026290123, 
                10.355583823998154, 
                10.964808884477623, 
                9.225175651957, 
                10.545835576081032, 
                10.580461020311947, 
                9.167230451339424, 
                10.629378240897426, 
                10.493183837642743, 
                9.468224732480044, 
                10.406251743047168, 
                10.588208885879013
            ], 
            "p99_lats": [
                5.409720259999999, 
                10.196964059999999, 
                14.7978187, 
                19.585672539999997, 
                24.428940490000002, 
                28.74072395, 
                33.61986429, 
                38.37339979, 
                42.853836740000006, 
                47.78622935999999, 
                52.468519400000005, 
                56.98593872, 
                61.7033625, 
                66.54576466, 
                71.02024695
            ], 
            "mean_lats": [
                3.288098280000001, 
                7.85858544, 
                12.589044260000001, 
                17.35194482, 
                22.042097319999996, 
                26.73316434, 
                31.31484184, 
                35.98773802, 
                40.67547048, 
                45.47349128, 
                50.15416601999999, 
                54.79834062, 
                59.476911779999995, 
                64.2109085, 
                68.88447124
            ]
        }
    ], 
    "node_configs": [
        {
            "model_image": "model-comp/nmt", 
            "name": "nmt", 
            "cpus_per_replica": 2, 
            "input_type": "strings", 
            "use_nvidia_docker": true, 
            "batch_size": 6, 
            "num_replicas": 1, 
            "slo": 500000, 
            "allocated_cpus": [
                6, 
                7, 
                8, 
                9, 
                10, 
                11, 
                12, 
                13, 
                14, 
                15
            ], 
            "gpus": [
                0
            ], 
            "input_size": 20
        }
    ], 
    "clipper_metrics": {
        "histograms": [
            {
                "internal:rpc_request_queueing_delay": {
                    "p99": "0", 
                    "min": "0", 
                    "max": "0", 
                    "p95": "0", 
                    "std_dev": "0", 
                    "size": "0", 
                    "p50": "0", 
                    "unit": "microseconds", 
                    "mean": "0"
                }
            }, 
            {
                "app:nmt:prediction_latency": {
                    "p99": "70475250.3200000000797", 
                    "min": "799804", 
                    "max": "71020929", 
                    "p95": "67674815.1999999998952", 
                    "std_dev": "20327841.5356428821779", 
                    "size": "751", 
                    "p50": "36030396", 
                    "unit": "microseconds", 
                    "mean": "36100404.5139813581882"
                }
            }, 
            {
                "model:nmt:1:prediction_latency": {
                    "p99": "758835.500000000596629", 
                    "min": "433069", 
                    "max": "799511", 
                    "p95": "619086.099999999994225", 
                    "std_dev": "40145.2883699028633693", 
                    "size": "126", 
                    "p50": "612954", 
                    "unit": "microseconds", 
                    "mean": "594237.706349206349216"
                }
            }, 
            {
                "model:nmt:1:batch_size": {
                    "p99": "6", 
                    "min": "1", 
                    "max": "6", 
                    "p95": "6", 
                    "std_dev": "0.443664281249958273505", 
                    "size": "126", 
                    "p50": "6", 
                    "unit": "queries", 
                    "mean": "5.96031746031746031359"
                }
            }
        ], 
        "meters": [
            {
                "internal:aggregate_model_throughput": {
                    "rate": "7.4686672750000582", 
                    "rate_1min": "7.1748505241416645", 
                    "rate_15min": "0.79496029005499869", 
                    "unit": "events per second", 
                    "rate_5min": "2.2032510694523646"
                }
            }, 
            {
                "app:nmt:prediction_throughput": {
                    "rate": "0", 
                    "rate_1min": "0", 
                    "rate_15min": "0", 
                    "unit": "events per second", 
                    "rate_5min": "0"
                }
            }, 
            {
                "model:nmt:1:prediction_throughput": {
                    "rate": "9.2961695498532269", 
                    "rate_1min": "7.1002175358113089", 
                    "rate_15min": "0.78848850494316847", 
                    "unit": "events per second", 
                    "rate_5min": "2.1848596561594009"
                }
            }
        ], 
        "ratio_counters": [
            {
                "app:nmt:default_prediction_ratio": {
                    "ratio": "0"
                }
            }, 
            {
                "model:nmt:1:cache_hit_ratio": {
                    "ratio": "0"
                }
            }
        ], 
        "counters": [
            {
                "internal:aggregate_num_predictions": {
                    "count": "5000"
                }
            }, 
            {
                "app:nmt:num_predictions": {
                    "count": "751"
                }
            }, 
            {
                "model:nmt:1:num_predictions": {
                    "count": "751"
                }
            }
        ]
    }
}