{
    "client_metrics": [
        {
            "thrus": [
                15.500338527393438, 
                20.474810863934643, 
                20.42154979958291, 
                20.37354487049149, 
                20.33152586068432, 
                20.32307180791608, 
                20.29275958396596, 
                20.296235738342553, 
                20.373495060853593, 
                20.262849686128458, 
                20.22935230468965, 
                20.152554840139857, 
                20.16625056969658, 
                20.170741290879032, 
                20.20044497540192
            ], 
            "p99_lats": [
                3.0093440300000003, 
                5.19388283, 
                7.384892450000001, 
                9.57938462, 
                11.780826560000001, 
                13.98337525, 
                16.18928041, 
                18.39471623, 
                20.590047480000003, 
                22.79937998, 
                25.0133704, 
                27.236282510000002, 
                29.45794344, 
                31.677868999999998, 
                33.89524984
            ], 
            "mean_lats": [
                2.06201394, 
                4.25597406, 
                6.443831380000001, 
                8.638979979999998, 
                10.83349424, 
                13.04098174, 
                15.24234202, 
                17.44810706, 
                19.647192099999998, 
                21.85134846, 
                24.06393986, 
                26.2831591, 
                28.50374952, 
                30.7262019, 
                32.94042046
            ]
        }
    ], 
    "node_configs": [
        {
            "model_image": "model-comp/nmt", 
            "name": "nmt", 
            "cpus_per_replica": 5, 
            "input_type": "strings", 
            "use_nvidia_docker": true, 
            "batch_size": 10, 
            "num_replicas": 1, 
            "slo": 500000, 
            "allocated_cpus": [
                6, 
                7, 
                8, 
                9, 
                10, 
                11, 
                12, 
                13, 
                14, 
                15
            ], 
            "gpus": [
                0
            ], 
            "input_size": 10
        }
    ], 
    "clipper_metrics": {
        "histograms": [
            {
                "internal:rpc_request_queueing_delay": {
                    "p99": "0", 
                    "min": "0", 
                    "max": "0", 
                    "p95": "0", 
                    "std_dev": "0", 
                    "size": "0", 
                    "p50": "0", 
                    "unit": "microseconds", 
                    "mean": "0"
                }
            }, 
            {
                "app:nmt:prediction_latency": {
                    "p99": "33861836.3600000001024", 
                    "min": "677814", 
                    "max": "33895023", 
                    "p95": "32527632.9999999998672", 
                    "std_dev": "9563034.88531949693242", 
                    "size": "751", 
                    "p50": "17484842", 
                    "unit": "microseconds", 
                    "mean": "17485054.4021304926755"
                }
            }, 
            {
                "model:nmt:1:prediction_latency": {
                    "p99": "677526", 
                    "min": "486234", 
                    "max": "677526", 
                    "p95": "502237.14999999998463", 
                    "std_dev": "22620.9537073680080184", 
                    "size": "76", 
                    "p50": "492642", 
                    "unit": "microseconds", 
                    "mean": "496228.973684210526187"
                }
            }, 
            {
                "model:nmt:1:batch_size": {
                    "p99": "10", 
                    "min": "1", 
                    "max": "10", 
                    "p95": "10", 
                    "std_dev": "1.02555639921841418565", 
                    "size": "76", 
                    "p50": "10", 
                    "unit": "queries", 
                    "mean": "9.88157894736842104966"
                }
            }
        ], 
        "meters": [
            {
                "internal:aggregate_model_throughput": {
                    "rate": "11.823862238622386", 
                    "rate_1min": "8.6933849873704716", 
                    "rate_15min": "0.74272690506919004", 
                    "unit": "events per second", 
                    "rate_5min": "2.14759517932408"
                }
            }, 
            {
                "app:nmt:prediction_throughput": {
                    "rate": "0", 
                    "rate_1min": "0", 
                    "rate_15min": "0", 
                    "unit": "events per second", 
                    "rate_5min": "0"
                }
            }, 
            {
                "model:nmt:1:prediction_throughput": {
                    "rate": "17.276329390542166", 
                    "rate_1min": "8.6825620487272843", 
                    "rate_15min": "0.74266619679861412", 
                    "unit": "events per second", 
                    "rate_5min": "2.1470667062996887"
                }
            }
        ], 
        "ratio_counters": [
            {
                "app:nmt:default_prediction_ratio": {
                    "ratio": "0"
                }
            }, 
            {
                "model:nmt:1:cache_hit_ratio": {
                    "ratio": "0"
                }
            }
        ], 
        "counters": [
            {
                "internal:aggregate_num_predictions": {
                    "count": "5000"
                }
            }, 
            {
                "app:nmt:num_predictions": {
                    "count": "751"
                }
            }, 
            {
                "model:nmt:1:num_predictions": {
                    "count": "751"
                }
            }
        ]
    }
}