{
    "client_metrics": [
        {
            "thrus": [
                6.885077860591494, 
                7.993111855927037, 
                7.697918883025811, 
                8.28805431128838, 
                7.607125442259256, 
                8.273628075266187, 
                7.329523349369353, 
                8.264264740762412, 
                7.526566899513558, 
                7.972696385051895, 
                7.551743032912913, 
                7.965501096132606, 
                7.548779837873346, 
                7.997399885349275, 
                7.635708298228165
            ], 
            "p99_lats": [
                6.817929699999999, 
                13.01324073, 
                19.04068169, 
                25.00892932, 
                31.059593549999995, 
                37.109008259999996, 
                43.42590296, 
                49.46497658, 
                55.58556281999999, 
                61.862917280000005, 
                67.982989, 
                74.24495045, 
                80.34366179, 
                86.60400774000001, 
                92.66525218999999
            ], 
            "mean_lats": [
                4.006455, 
                10.038654339999999, 
                16.12482244, 
                22.21101793999999, 
                28.08059484, 
                34.31712691999999, 
                40.367344859999996, 
                46.4450757, 
                52.62616096, 
                58.88812346, 
                65.01718336, 
                71.22487376, 
                77.45255718000001, 
                83.61912776000001, 
                89.75890366000002
            ]
        }
    ], 
    "node_configs": [
        {
            "model_image": "model-comp/nmt", 
            "name": "nmt", 
            "cpus_per_replica": 5, 
            "input_type": "strings", 
            "use_nvidia_docker": true, 
            "batch_size": 4, 
            "num_replicas": 1, 
            "slo": 500000, 
            "allocated_cpus": [
                6, 
                7, 
                8, 
                9, 
                10, 
                11, 
                12, 
                13, 
                14, 
                15
            ], 
            "gpus": [
                0
            ], 
            "input_size": 20
        }
    ], 
    "clipper_metrics": {
        "histograms": [
            {
                "internal:rpc_request_queueing_delay": {
                    "p99": "0", 
                    "min": "0", 
                    "max": "0", 
                    "p95": "0", 
                    "std_dev": "0", 
                    "size": "0", 
                    "p50": "0", 
                    "unit": "microseconds", 
                    "mean": "0"
                }
            }, 
            {
                "app:nmt:prediction_latency": {
                    "p99": "92420273.4800000001997", 
                    "min": "798369", 
                    "max": "92885154", 
                    "p95": "88469728.6999999997424", 
                    "std_dev": "26655426.8327670280923", 
                    "size": "753", 
                    "p50": "46376607", 
                    "unit": "microseconds", 
                    "mean": "46860821.4501992031983"
                }
            }, 
            {
                "model:nmt:1:prediction_latency": {
                    "p99": "587668.29999999867141", 
                    "min": "346813", 
                    "max": "798082", 
                    "p95": "551009.5", 
                    "std_dev": "51427.3604173872220429", 
                    "size": "189", 
                    "p50": "535847", 
                    "unit": "microseconds", 
                    "mean": "511948.089947089947145"
                }
            }, 
            {
                "model:nmt:1:batch_size": {
                    "p99": "4", 
                    "min": "1", 
                    "max": "4", 
                    "p95": "4", 
                    "std_dev": "0.217639828584160130104", 
                    "size": "189", 
                    "p50": "4", 
                    "unit": "queries", 
                    "mean": "3.98412698412698411963"
                }
            }
        ], 
        "meters": [
            {
                "internal:aggregate_model_throughput": {
                    "rate": "6.142738997393888", 
                    "rate_1min": "6.1837765023328162", 
                    "rate_15min": "0.77348109462351022", 
                    "unit": "events per second", 
                    "rate_5min": "2.0985834465846476"
                }
            }, 
            {
                "app:nmt:prediction_throughput": {
                    "rate": "0", 
                    "rate_1min": "0", 
                    "rate_15min": "0", 
                    "unit": "events per second", 
                    "rate_5min": "0"
                }
            }, 
            {
                "model:nmt:1:prediction_throughput": {
                    "rate": "7.3551499910439082", 
                    "rate_1min": "6.1607029056934586", 
                    "rate_15min": "0.77329323461760302", 
                    "unit": "events per second", 
                    "rate_5min": "2.0970496879780023"
                }
            }
        ], 
        "ratio_counters": [
            {
                "app:nmt:default_prediction_ratio": {
                    "ratio": "0"
                }
            }, 
            {
                "model:nmt:1:cache_hit_ratio": {
                    "ratio": "0"
                }
            }
        ], 
        "counters": [
            {
                "internal:aggregate_num_predictions": {
                    "count": "5000"
                }
            }, 
            {
                "app:nmt:num_predictions": {
                    "count": "753"
                }
            }, 
            {
                "model:nmt:1:num_predictions": {
                    "count": "753"
                }
            }
        ]
    }
}