{
    "client_metrics": [
        {
            "thrus": [
                4.694225211087573, 
                5.672824176941286, 
                5.136933172814445, 
                5.5860766369494845, 
                5.244300494222879, 
                5.635195265714672, 
                5.223477063921152, 
                5.640115297492958, 
                5.2183912388638225, 
                5.676724611643916, 
                5.210174261572423, 
                5.54850032913704, 
                5.127503054709945, 
                5.562420818939643, 
                5.1235051661327295
            ], 
            "p99_lats": [
                10.033359039999997, 
                18.960482040000002, 
                28.091625289999996, 
                37.12642085, 
                46.04588002, 
                55.01658493, 
                63.966712130000005, 
                72.93722523, 
                81.90183540999999, 
                90.80909846, 
                99.79093202, 
                108.90024206999999, 
                118.03942738999999, 
                127.12289543, 
                136.26946097
            ], 
            "mean_lats": [
                5.72879414, 
                14.69285726, 
                23.64607762, 
                32.7474049, 
                41.759546300000004, 
                50.69424889999999, 
                59.65649398000001, 
                68.58657908, 
                77.59474594, 
                86.54579548, 
                95.46654690000001, 
                104.46431965999999, 
                113.58450867999998, 
                122.74280697999998, 
                131.8917133
            ]
        }
    ], 
    "node_configs": [
        {
            "model_image": "model-comp/nmt", 
            "name": "nmt", 
            "cpus_per_replica": 5, 
            "input_type": "strings", 
            "use_nvidia_docker": true, 
            "batch_size": 4, 
            "num_replicas": 1, 
            "slo": 500000, 
            "allocated_cpus": [
                6, 
                7, 
                8, 
                9, 
                10, 
                11, 
                12, 
                13, 
                14, 
                15
            ], 
            "gpus": [
                0
            ], 
            "input_size": 40
        }
    ], 
    "clipper_metrics": {
        "histograms": [
            {
                "internal:rpc_request_queueing_delay": {
                    "p99": "0", 
                    "min": "0", 
                    "max": "0", 
                    "p95": "0", 
                    "std_dev": "0", 
                    "size": "0", 
                    "p50": "0", 
                    "unit": "microseconds", 
                    "mean": "0"
                }
            }, 
            {
                "app:nmt:prediction_latency": {
                    "p99": "135895007.400000000169", 
                    "min": "1139478", 
                    "max": "136613245", 
                    "p95": "130003505.899999999747", 
                    "std_dev": "39110662.1368291657709", 
                    "size": "753", 
                    "p50": "68573885", 
                    "unit": "microseconds", 
                    "mean": "68922452.6015936254989"
                }
            }, 
            {
                "model:nmt:1:prediction_latency": {
                    "p99": "909412.699999998549174", 
                    "min": "680265", 
                    "max": "1139171", 
                    "p95": "769706", 
                    "std_dev": "39668.8325626218840156", 
                    "size": "189", 
                    "p50": "743268", 
                    "unit": "microseconds", 
                    "mean": "743263.285714285714448"
                }
            }, 
            {
                "model:nmt:1:batch_size": {
                    "p99": "4", 
                    "min": "1", 
                    "max": "4", 
                    "p95": "4", 
                    "std_dev": "0.217639828584160130104", 
                    "size": "189", 
                    "p50": "4", 
                    "unit": "queries", 
                    "mean": "3.98412698412698411963"
                }
            }
        ], 
        "meters": [
            {
                "internal:aggregate_model_throughput": {
                    "rate": "4.5119363545898308", 
                    "rate_1min": "4.8539102148920312", 
                    "rate_15min": "0.76737917151329227", 
                    "unit": "events per second", 
                    "rate_5min": "1.9900996151130672"
                }
            }, 
            {
                "app:nmt:prediction_throughput": {
                    "rate": "0", 
                    "rate_1min": "0", 
                    "rate_15min": "0", 
                    "unit": "events per second", 
                    "rate_5min": "0"
                }
            }, 
            {
                "model:nmt:1:prediction_throughput": {
                    "rate": "5.1237354554552743", 
                    "rate_1min": "4.855787350843479", 
                    "rate_15min": "0.76742288373467382", 
                    "unit": "events per second", 
                    "rate_5min": "1.990408325050516"
                }
            }
        ], 
        "ratio_counters": [
            {
                "app:nmt:default_prediction_ratio": {
                    "ratio": "0"
                }
            }, 
            {
                "model:nmt:1:cache_hit_ratio": {
                    "ratio": "0"
                }
            }
        ], 
        "counters": [
            {
                "internal:aggregate_num_predictions": {
                    "count": "5000"
                }
            }, 
            {
                "app:nmt:num_predictions": {
                    "count": "753"
                }
            }, 
            {
                "model:nmt:1:num_predictions": {
                    "count": "753"
                }
            }
        ]
    }
}