{
    "client_metrics": [
        {
            "thrus": [
                2.720238092647392, 
                3.2174206080551726, 
                2.965944726060896, 
                3.212493464182047, 
                2.9637840409120746, 
                3.2086676123251854, 
                2.964823202848697, 
                3.210943511990016, 
                2.9578612438895027, 
                3.207901600569672, 
                2.9635714829741335, 
                3.206254093584914, 
                2.9619438787460743, 
                3.203247939654909, 
                2.962995797346021
            ], 
            "p99_lats": [
                17.50068828, 
                33.41666105, 
                49.381414199999995, 
                65.32101534, 
                81.29907269, 
                97.25772394, 
                113.22923142, 
                129.1777054, 
                145.18692284999997, 
                161.15150807, 
                177.12951269, 
                193.10124119, 
                209.0889728, 
                225.07437067, 
                241.05654427999997
            ], 
            "mean_lats": [
                9.83866724, 
                25.757145140000002, 
                41.70336946, 
                57.656862579999995, 
                73.61571265999999, 
                89.58217821999999, 
                105.55206096, 
                121.51075598000001, 
                137.4879971, 
                153.47570453999998, 
                169.44679476000002, 
                185.42362719999997, 
                201.40327100000002, 
                217.38481936, 
                233.37088801999994
            ]
        }
    ], 
    "node_configs": [
        {
            "model_image": "model-comp/nmt", 
            "name": "nmt", 
            "cpus_per_replica": 2, 
            "input_type": "strings", 
            "use_nvidia_docker": true, 
            "batch_size": 4, 
            "num_replicas": 1, 
            "slo": 500000, 
            "allocated_cpus": [
                6, 
                7, 
                8, 
                9, 
                10, 
                11, 
                12, 
                13, 
                14, 
                15
            ], 
            "gpus": [
                0
            ], 
            "input_size": 80
        }
    ], 
    "clipper_metrics": {
        "histograms": [
            {
                "internal:rpc_request_queueing_delay": {
                    "p99": "0", 
                    "min": "0", 
                    "max": "0", 
                    "p95": "0", 
                    "std_dev": "0", 
                    "size": "0", 
                    "p50": "0", 
                    "unit": "microseconds", 
                    "mean": "0"
                }
            }, 
            {
                "app:nmt:prediction_latency": {
                    "p99": "240389028.160000000207", 
                    "min": "1573549", 
                    "max": "241681273", 
                    "p95": "230182063.399999999747", 
                    "std_dev": "69424045.8243571495914", 
                    "size": "753", 
                    "p50": "121516195", 
                    "unit": "microseconds", 
                    "mean": "122024216.201859229717"
                }
            }, 
            {
                "model:nmt:1:prediction_latency": {
                    "p99": "1335296.99999999849751", 
                    "min": "1285501", 
                    "max": "1573248", 
                    "p95": "1302787.5", 
                    "std_dev": "20293.5402698444769349", 
                    "size": "189", 
                    "p50": "1297980", 
                    "unit": "microseconds", 
                    "mean": "1299161.73015873015856"
                }
            }, 
            {
                "model:nmt:1:batch_size": {
                    "p99": "4", 
                    "min": "1", 
                    "max": "4", 
                    "p95": "4", 
                    "std_dev": "0.217639828584160130104", 
                    "size": "189", 
                    "p50": "4", 
                    "unit": "queries", 
                    "mean": "3.98412698412698411963"
                }
            }
        ], 
        "meters": [
            {
                "internal:aggregate_model_throughput": {
                    "rate": "2.5484200227364417", 
                    "rate_1min": "3.0541022635326724", 
                    "rate_15min": "0.73309319710877874", 
                    "unit": "events per second", 
                    "rate_5min": "1.7196568130068806"
                }
            }, 
            {
                "app:nmt:prediction_throughput": {
                    "rate": "0", 
                    "rate_1min": "0", 
                    "rate_15min": "0", 
                    "unit": "events per second", 
                    "rate_5min": "0"
                }
            }, 
            {
                "model:nmt:1:prediction_throughput": {
                    "rate": "2.7280084200613883", 
                    "rate_1min": "3.0168923086316561", 
                    "rate_15min": "0.72909249312191704", 
                    "unit": "events per second", 
                    "rate_5min": "1.7094549682608087"
                }
            }
        ], 
        "ratio_counters": [
            {
                "app:nmt:default_prediction_ratio": {
                    "ratio": "0"
                }
            }, 
            {
                "model:nmt:1:cache_hit_ratio": {
                    "ratio": "0"
                }
            }
        ], 
        "counters": [
            {
                "internal:aggregate_num_predictions": {
                    "count": "5000"
                }
            }, 
            {
                "app:nmt:num_predictions": {
                    "count": "753"
                }
            }, 
            {
                "model:nmt:1:num_predictions": {
                    "count": "753"
                }
            }
        ]
    }
}