{
    "client_metrics": [
        {
            "thrus": [
                2.8146037403832027, 
                2.9703373204171184, 
                2.9521170162504595, 
                2.9271620794817004, 
                2.968871324782232, 
                2.9675043436844835, 
                2.966072285554457, 
                2.9705053180065555, 
                2.9651766100701433, 
                2.9677188753508807, 
                2.9797965621371914, 
                2.9625716401667597, 
                2.9499899995339014, 
                2.939682420228778, 
                2.9456776392962354
            ], 
            "p99_lats": [
                17.17168537, 
                33.76090541, 
                50.433951410000006, 
                67.21331491, 
                83.80699558999999, 
                100.39597567, 
                116.98733944, 
                133.55606108, 
                150.1686888, 
                166.77300540000002, 
                183.27763850000002, 
                199.88201418, 
                216.61733047, 
                233.32067326, 
                250.05261654
            ], 
            "mean_lats": [
                9.31642622, 
                25.842971860000002, 
                42.348417440000006, 
                59.1063724, 
                75.82131668, 
                92.40838131999999, 
                108.98639572, 
                125.48917193999999, 
                142.16750014000002, 
                158.82259952, 
                175.39780965999998, 
                191.88371526, 
                208.54892792, 
                225.24183304, 
                242.03816907999996
            ]
        }
    ], 
    "node_configs": [
        {
            "model_image": "model-comp/nmt", 
            "name": "nmt", 
            "cpus_per_replica": 2, 
            "input_type": "strings", 
            "use_nvidia_docker": true, 
            "batch_size": 2, 
            "num_replicas": 1, 
            "slo": 500000, 
            "allocated_cpus": [
                6, 
                7, 
                8, 
                9, 
                10, 
                11, 
                12, 
                13, 
                14, 
                15
            ], 
            "gpus": [
                0
            ], 
            "input_size": 40
        }
    ], 
    "clipper_metrics": {
        "histograms": [
            {
                "internal:rpc_request_queueing_delay": {
                    "p99": "0", 
                    "min": "0", 
                    "max": "0", 
                    "p95": "0", 
                    "std_dev": "0", 
                    "size": "0", 
                    "p50": "0", 
                    "unit": "microseconds", 
                    "mean": "0"
                }
            }, 
            {
                "app:nmt:prediction_latency": {
                    "p99": "249057245.780000000159", 
                    "min": "1176626", 
                    "max": "251027500", 
                    "p95": "238925414.69999999975", 
                    "std_dev": "72236070.3078237420195", 
                    "size": "753", 
                    "p50": "125780816", 
                    "unit": "microseconds", 
                    "mean": "126058686.981407702508"
                }
            }, 
            {
                "model:nmt:1:prediction_latency": {
                    "p99": "813620.519999999717129", 
                    "min": "590829", 
                    "max": "1176351", 
                    "p95": "709192.699999999997033", 
                    "std_dev": "40032.5849515094815629", 
                    "size": "377", 
                    "p50": "682271", 
                    "unit": "microseconds", 
                    "mean": "676232.954907161803419"
                }
            }, 
            {
                "model:nmt:1:batch_size": {
                    "p99": "2", 
                    "min": "1", 
                    "max": "2", 
                    "p95": "2", 
                    "std_dev": "0.0514342690442050824284", 
                    "size": "377", 
                    "p50": "2", 
                    "unit": "queries", 
                    "mean": "1.997347480106100805"
                }
            }
        ], 
        "meters": [
            {
                "internal:aggregate_model_throughput": {
                    "rate": "2.6783176210108719", 
                    "rate_1min": "2.9005263775313512", 
                    "rate_15min": "0.72524737571582287", 
                    "unit": "events per second", 
                    "rate_5min": "1.6849888384432821"
                }
            }, 
            {
                "app:nmt:prediction_throughput": {
                    "rate": "0", 
                    "rate_1min": "0", 
                    "rate_15min": "0", 
                    "unit": "events per second", 
                    "rate_5min": "0"
                }
            }, 
            {
                "model:nmt:1:prediction_throughput": {
                    "rate": "2.884767988665168", 
                    "rate_1min": "2.8947147869325067", 
                    "rate_15min": "0.7251199184824656", 
                    "unit": "events per second", 
                    "rate_5min": "1.6841254805631185"
                }
            }
        ], 
        "ratio_counters": [
            {
                "app:nmt:default_prediction_ratio": {
                    "ratio": "0"
                }
            }, 
            {
                "model:nmt:1:cache_hit_ratio": {
                    "ratio": "0"
                }
            }
        ], 
        "counters": [
            {
                "internal:aggregate_num_predictions": {
                    "count": "5000"
                }
            }, 
            {
                "app:nmt:num_predictions": {
                    "count": "753"
                }
            }, 
            {
                "model:nmt:1:num_predictions": {
                    "count": "753"
                }
            }
        ]
    }
}