{
    "client_metrics": [
        {
            "thrus": [
                4.550142847184544, 
                5.515166763751986, 
                4.984874395621366, 
                5.427984058662178, 
                5.076976611688764, 
                5.474660152259058, 
                5.0644235186966355, 
                5.46883741594807, 
                5.061222572728757, 
                5.500345531706302, 
                5.047183086364571, 
                5.397239527871076, 
                4.977462547331935, 
                5.394236711189977, 
                4.968883361723877
            ], 
            "p99_lats": [
                10.35764815, 
                19.519200259999998, 
                28.935319389999997, 
                38.24232794, 
                47.463592129999995, 
                56.70409369, 
                65.94309529, 
                75.20090895000001, 
                84.45334449, 
                93.65171007000001, 
                102.92807955, 
                112.30265374999999, 
                121.72741400999999, 
                131.09777656, 
                140.53833308
            ], 
            "mean_lats": [
                5.913472479999999, 
                15.128032179999998, 
                24.34595336, 
                33.73031854, 
                43.02990714, 
                52.25754765999999, 
                61.498163399999996, 
                70.71350576, 
                80.00690078, 
                89.2487199, 
                98.46698016, 
                107.74003602, 
                117.13175869999999, 
                126.57662667999999, 
                136.02615306
            ]
        }
    ], 
    "node_configs": [
        {
            "model_image": "model-comp/nmt", 
            "name": "nmt", 
            "cpus_per_replica": 2, 
            "input_type": "strings", 
            "use_nvidia_docker": true, 
            "batch_size": 4, 
            "num_replicas": 1, 
            "slo": 500000, 
            "allocated_cpus": [
                6, 
                7, 
                8, 
                9, 
                10, 
                11, 
                12, 
                13, 
                14, 
                15
            ], 
            "gpus": [
                0
            ], 
            "input_size": 40
        }
    ], 
    "clipper_metrics": {
        "histograms": [
            {
                "internal:rpc_request_queueing_delay": {
                    "p99": "0", 
                    "min": "0", 
                    "max": "0", 
                    "p95": "0", 
                    "std_dev": "0", 
                    "size": "0", 
                    "p50": "0", 
                    "unit": "microseconds", 
                    "mean": "0"
                }
            }, 
            {
                "app:nmt:prediction_latency": {
                    "p99": "140153806.120000000199", 
                    "min": "1180232", 
                    "max": "140892520", 
                    "p95": "134078639.199999999742", 
                    "std_dev": "40344848.7526286240682", 
                    "size": "753", 
                    "p50": "70702031", 
                    "unit": "microseconds", 
                    "mean": "71065070.6095617529791"
                }
            }, 
            {
                "model:nmt:1:prediction_latency": {
                    "p99": "936036.299999998460407", 
                    "min": "704474", 
                    "max": "1179948", 
                    "p95": "794859", 
                    "std_dev": "40986.0520863334525181", 
                    "size": "189", 
                    "p50": "766677", 
                    "unit": "microseconds", 
                    "mean": "766128.973544973545074"
                }
            }, 
            {
                "model:nmt:1:batch_size": {
                    "p99": "4", 
                    "min": "1", 
                    "max": "4", 
                    "p95": "4", 
                    "std_dev": "0.217639828584160130104", 
                    "size": "189", 
                    "p50": "4", 
                    "unit": "queries", 
                    "mean": "3.98412698412698411963"
                }
            }
        ], 
        "meters": [
            {
                "internal:aggregate_model_throughput": {
                    "rate": "4.4041036092219796", 
                    "rate_1min": "4.7529861116782763", 
                    "rate_15min": "0.76943052882468699", 
                    "unit": "events per second", 
                    "rate_5min": "1.9855889751321696"
                }
            }, 
            {
                "app:nmt:prediction_throughput": {
                    "rate": "0", 
                    "rate_1min": "0", 
                    "rate_15min": "0", 
                    "unit": "events per second", 
                    "rate_5min": "0"
                }
            }, 
            {
                "model:nmt:1:prediction_throughput": {
                    "rate": "4.9958298421682672", 
                    "rate_1min": "4.7353235319806286", 
                    "rate_15min": "0.76924721068452107", 
                    "unit": "events per second", 
                    "rate_5min": "1.9841593184140527"
                }
            }
        ], 
        "ratio_counters": [
            {
                "app:nmt:default_prediction_ratio": {
                    "ratio": "0"
                }
            }, 
            {
                "model:nmt:1:cache_hit_ratio": {
                    "ratio": "0"
                }
            }
        ], 
        "counters": [
            {
                "internal:aggregate_num_predictions": {
                    "count": "5000"
                }
            }, 
            {
                "app:nmt:num_predictions": {
                    "count": "753"
                }
            }, 
            {
                "model:nmt:1:num_predictions": {
                    "count": "753"
                }
            }
        ]
    }
}