{
    "client_metrics": [
        {
            "thrus": [
                53.130875181738034, 
                55.956470063026224, 
                54.862384566113974, 
                52.91013747762273, 
                52.56560104877135, 
                53.37645261096756, 
                56.09257050397889, 
                53.76241414744487, 
                56.31838614032676
            ], 
            "p99_lats": [
                1.419592, 
                1.3917889999999999, 
                1.382606, 
                1.4018200000000001, 
                1.5148360000000001, 
                1.4330069999999999, 
                1.3803460000000001, 
                1.433049, 
                1.3672679999999999
            ], 
            "mean_lats": [
                0.40023762499999999, 
                0.37630521666666655, 
                0.38425040520833337, 
                0.410669540625, 
                0.40643241041666667, 
                0.40645204374999999, 
                0.38013020729166663, 
                0.3929662447916667, 
                0.36352257708333335
            ]
        }
    ], 
    "node_configs": [
        {
            "batch_size": 64, 
            "input_type": "bytes", 
            "model_name": "tf-nmt", 
            "gpus": [
                0
            ], 
            "allocated_cpus": [
                0, 
                16, 
                1, 
                17, 
                2, 
                18, 
                3, 
                19
            ]
        }
    ]
}