{
    "client_metrics": {
        "thrus": [
            23.251844917634987, 
            158.51276978873418, 
            190.5326244249487, 
            168.10268384339892, 
            158.25439076807186, 
            181.5997668258994, 
            162.6448657488617, 
            161.9868661048962, 
            199.19902073761403, 
            157.74823854373136, 
            164.23894138147944, 
            190.87575706097147, 
            156.5833512751757, 
            161.50040334725736, 
            192.78762226350017, 
            156.83445339272131, 
            173.37001842923294, 
            180.59000560731968, 
            154.6137516562998, 
            151.9592870678088, 
            187.6077572055449, 
            175.87720956736845, 
            161.7704154264268, 
            203.6583142997667, 
            72.26195827016434
        ], 
        "p99_lats": [
            7.57876768, 
            7.4882474, 
            7.360791030000001, 
            7.398859160000001, 
            7.35584469, 
            7.33426849, 
            7.133094239999999, 
            7.082527819999999, 
            7.0220717, 
            6.835197099999999, 
            6.73913783, 
            6.63487107, 
            6.59171735, 
            6.592615070000001, 
            6.5209611899999995, 
            6.3720496, 
            6.20662926, 
            6.1674156, 
            6.0660935700000005, 
            6.03348571, 
            5.96310431, 
            6.046720720000001, 
            5.82495231, 
            5.567127879999999, 
            6.8766506
        ], 
        "mean_lats": [
            7.380902734999999, 
            7.33486432, 
            7.231277435000001, 
            7.190152534999999, 
            7.108622895000001, 
            7.11247621, 
            7.01342161, 
            6.9510571699999995, 
            6.842700600000001, 
            6.69741263, 
            6.6138005049999995, 
            6.525637314999999, 
            6.43571332, 
            6.4181561149999995, 
            6.336140765, 
            6.216120989999999, 
            6.030991295, 
            6.014540050000001, 
            5.938190625, 
            5.9112822099999995, 
            5.8438837349999995, 
            5.736506155, 
            5.595934605, 
            5.4328652449999995, 
            5.428111985
        ]
    }, 
    "node_configs": [
        {
            "request_delay": 0.00575
        }, 
        {
            "model_image": "model-comp/vgg-feats", 
            "name": "vgg", 
            "cpus_per_replica": 1, 
            "input_type": "floats", 
            "use_nvidia_docker": false, 
            "batch_size": 30, 
            "num_replicas": 3, 
            "slo": 500000, 
            "allocated_cpus": [
                14, 
                19, 
                21
            ], 
            "gpus": [
                0, 
                3, 
                4
            ]
        }, 
        {
            "model_image": "model-comp/kernel-svm", 
            "name": "kernel-svm", 
            "cpus_per_replica": 1, 
            "input_type": "floats", 
            "use_nvidia_docker": false, 
            "batch_size": 30, 
            "num_replicas": 2, 
            "slo": 500000, 
            "allocated_cpus": [
                15, 
                20
            ], 
            "gpus": []
        }, 
        {
            "model_image": "model-comp/inception-feats", 
            "name": "inception", 
            "cpus_per_replica": 1, 
            "input_type": "floats", 
            "use_nvidia_docker": false, 
            "batch_size": 30, 
            "num_replicas": 3, 
            "slo": 500000, 
            "allocated_cpus": [
                16, 
                18, 
                22
            ], 
            "gpus": [
                1, 
                2, 
                5
            ]
        }, 
        {
            "model_image": "model-comp/lgbm", 
            "name": "lgbm", 
            "cpus_per_replica": 1, 
            "input_type": "floats", 
            "use_nvidia_docker": false, 
            "batch_size": 30, 
            "num_replicas": 1, 
            "slo": 500000, 
            "allocated_cpus": [
                17
            ], 
            "gpus": []
        }
    ], 
    "clipper_metrics": {
        "histograms": [
            {
                "model:lgbm:1:batch_size": {
                    "p99": "30", 
                    "min": "1", 
                    "max": "30", 
                    "p95": "30", 
                    "std_dev": "12.8804811535597223768", 
                    "size": "341", 
                    "p50": "11", 
                    "unit": "queries", 
                    "mean": "14.6627565982404691964"
                }
            }, 
            {
                "model:inception:1:prediction_latency": {
                    "p99": "2356072.25", 
                    "min": "428185", 
                    "max": "2446265", 
                    "p95": "1309837.25", 
                    "std_dev": "323132.596920738184309", 
                    "size": "174", 
                    "p50": "458146.5", 
                    "unit": "microseconds", 
                    "mean": "552387.563218390804593"
                }
            }, 
            {
                "model:inception:1:batch_size": {
                    "p99": "30", 
                    "min": "1", 
                    "max": "30", 
                    "p95": "30", 
                    "std_dev": "4.8789007856489124749", 
                    "size": "174", 
                    "p50": "30", 
                    "unit": "queries", 
                    "mean": "28.7356321839080459425"
                }
            }, 
            {
                "internal:rpc_request_queueing_delay": {
                    "p99": "0", 
                    "min": "0", 
                    "max": "0", 
                    "p95": "0", 
                    "std_dev": "0", 
                    "size": "0", 
                    "p50": "0", 
                    "unit": "microseconds", 
                    "mean": "0"
                }
            }, 
            {
                "model:lgbm:1:prediction_latency": {
                    "p99": "44798.1999999999493411", 
                    "min": "1258", 
                    "max": "54355", 
                    "p95": "27905.399999999998272", 
                    "std_dev": "8633.66407575013367381", 
                    "size": "341", 
                    "p50": "14299", 
                    "unit": "microseconds", 
                    "mean": "13670.3196480938416375"
                }
            }, 
            {
                "app:lgbm:prediction_latency": {
                    "p99": "85667.4699999999875217", 
                    "min": "1571", 
                    "max": "99871", 
                    "p95": "65747.5999999999985448", 
                    "std_dev": "14760.7611174052399026", 
                    "size": "4096", 
                    "p50": "31801", 
                    "unit": "microseconds", 
                    "mean": "35724.369140625"
                }
            }, 
            {
                "model:kernel-svm:1:batch_size": {
                    "p99": "30", 
                    "min": "1", 
                    "max": "30", 
                    "p95": "30", 
                    "std_dev": "12.6390229405025091612", 
                    "size": "236", 
                    "p50": "29", 
                    "unit": "queries", 
                    "mean": "21.1864406779661017047"
                }
            }, 
            {
                "model:kernel-svm:1:prediction_latency": {
                    "p99": "370569.999999999953616", 
                    "min": "11315", 
                    "max": "375976", 
                    "p95": "342935.449999999969918", 
                    "std_dev": "133686.586325175435448", 
                    "size": "236",