{
    "client_metrics": {
        "thrus": [
            23.327638667940512, 
            224.73122145913487, 
            237.05923280520489, 
            241.80580575739623, 
            204.18664292656632, 
            233.19998181040143, 
            208.01719054062627, 
            209.75067985439105, 
            261.9995808006707, 
            211.88954621734783, 
            214.86154322154803, 
            260.3607297911256, 
            205.11411010730544, 
            198.30626618055192, 
            244.4163094114944, 
            189.3431968516013, 
            250.28657813196108, 
            222.69879764919148, 
            209.6317399224782, 
            256.7097511198963, 
            212.64719172802424, 
            211.85991822207157, 
            246.7405572388745, 
            258.65023375514875, 
            219.53511244588458, 
            213.87171974249844, 
            247.77743639553208, 
            240.7355916739188, 
            208.56840730907126, 
            64.75882840917996
        ], 
        "p99_lats": [
            7.90870678, 
            7.7729422, 
            7.76754737, 
            7.7873215, 
            7.7708126, 
            7.76493171, 
            7.87390634, 
            7.91060307, 
            7.75891164, 
            7.69691909, 
            7.7211484399999994, 
            7.75790105, 
            7.70469013, 
            7.748427629999999, 
            7.76716908, 
            7.594747089999999, 
            7.5701209700000005, 
            7.52567395, 
            7.554129189999999, 
            7.43476712, 
            7.42702151, 
            7.357821479999999, 
            7.25752667, 
            7.1928705299999995, 
            7.09458884, 
            7.08388359, 
            7.06772497, 
            6.99050124, 
            6.87133396, 
            8.85726151
        ], 
        "mean_lats": [
            7.52369675, 
            7.668150445000001, 
            7.635758894999999, 
            7.6356413199999995, 
            7.65222444, 
            7.672369249999999, 
            7.76137737, 
            7.697951284999999, 
            7.642075385000001, 
            7.559349269999999, 
            7.592025404999999, 
            7.604765365, 
            7.575430260000001, 
            7.58642519, 
            7.55570635, 
            7.472177039999999, 
            7.42253512, 
            7.39251314, 
            7.370024570000001, 
            7.335736154999999, 
            7.303869930000001, 
            7.237189375000001, 
            7.08323832, 
            7.028058515000001, 
            6.962075355, 
            6.9126353300000005, 
            6.848545859999999, 
            6.799681095, 
            6.673283955, 
            6.800931284999999
        ]
    }, 
    "node_configs": [
        {
            "request_delay": 0.004
        }, 
        {
            "model_image": "model-comp/vgg-feats", 
            "name": "vgg", 
            "cpus_per_replica": 1, 
            "input_type": "floats", 
            "use_nvidia_docker": false, 
            "batch_size": 30, 
            "num_replicas": 4, 
            "slo": 500000, 
            "allocated_cpus": [
                14, 
                19, 
                21, 
                23, 
                25
            ], 
            "gpus": [
                0, 
                3, 
                4, 
                6
            ]
        }, 
        {
            "model_image": "model-comp/kernel-svm", 
            "name": "kernel-svm", 
            "cpus_per_replica": 1, 
            "input_type": "floats", 
            "use_nvidia_docker": false, 
            "batch_size": 30, 
            "num_replicas": 3, 
            "slo": 500000, 
            "allocated_cpus": [
                15, 
                20, 
                6
            ], 
            "gpus": []
        }, 
        {
            "model_image": "model-comp/inception-feats", 
            "name": "inception", 
            "cpus_per_replica": 1, 
            "input_type": "floats", 
            "use_nvidia_docker": false, 
            "batch_size": 30, 
            "num_replicas": 4, 
            "slo": 500000, 
            "allocated_cpus": [
                16, 
                18, 
                22, 
                24
            ], 
            "gpus": [
                1, 
                2, 
                5, 
                7
            ]
        }, 
        {
            "model_image": "model-comp/lgbm", 
            "name": "lgbm", 
            "cpus_per_replica": 1, 
            "input_type": "floats", 
            "use_nvidia_docker": false, 
            "batch_size": 30, 
            "num_replicas": 1, 
            "slo": 500000, 
            "allocated_cpus": [
                17
            ], 
            "gpus": []
        }
    ], 
    "clipper_metrics": {
        "histograms": [
            {
                "model:vgg:1:prediction_latency": {
                    "p99": "4240519.19999999651918", 
                    "min": "490887", 
                    "max": "4388605", 
                    "p95": "582784.5", 
                    "std_dev": "652234.556256630678433", 
                    "size": "204", 
                    "p50": "527692", 
                    "unit": "microseconds", 
                    "mean": "666613.019607843136953"
                }
            }, 
            {
                "model:lgbm:1:batch_size": {
                    "p99": "30", 
                    "min": "1", 
                    "max": "30", 
                    "p95": "30", 
                    "std_dev": "11.9687097171444594285", 
                    "size": "494", 
                    "p50": "6", 
                    "unit": "queries", 
                    "mean": "12.1457489878542510059"
                }
            }, 
            {
                "internal:rpc_request_queueing_delay": {
                    "p99": "0", 
                    "min": "0", 
                    "max": "0", 
                    "p95": "0", 
                    "std_dev": "0", 
                    "size": "0", 
                    "p50": "0", 
                    "unit": "microseconds", 
                    "mean": "0"
                }
            }, 
            {
                "app:vgg:prediction_latency": {
                    "p99": "7384116.19999999917491", 
                    "min": "3929501", 
                    "max": "8631078", 
                    "p95": "7330433.49999999997453", 
                    "std_dev": "359577.630309830188907", 
                    "size": "4096", 
                    "p50": "7088963", 
                    "unit": "microseconds", 
                    "mean": "6969581.21875"
                }
            }, 
            {
                "model:lgbm:1:prediction_latency": {
                    "p99": "63281.1500000000070827", 
                    "min": "1040", 
                    "max": "70269", 
                    "p95": "38840.5", 
                    "std_dev": "12557.1928689863758963", 
                    "size": "494", 
                    "p50": "13732", 
                    "unit": "microseconds", 
                    "mean": "13692.9919028340080978"
                }
            }, 
            {
                "model:inception:1:batch_size": {
                    "p99": "30", 
                    "min": "1", 
                    "max": "30", 
                    "p95": "30", 
                    "std_dev": "4.74634169118954068198", 
                    "size": "206", 
                    "p50": "30", 
                    "unit": "queries", 
                    "mean": "29.1262135922330096822"
                }
            }, 
            {
                "app:kernel-svm:prediction_latency": {
                    "p99": "586041.409999999911633", 
                    "min": "11522", 
                    "max": "607638", 
                    "p95": "505123.199999999786087",