{
    "process_path": "CONFIGS_COST/untagged/slo_1000/cv_4.0/peak_provision/lambda_609/609_4.0.deltas", 
    "batch_size": 175, 
    "gpu_affinities": [
        "0 1", 
        "2 3"
    ], 
    "num_trials": 30, 
    "cpu_affinities": [
        "0 1 2 3 16 17 18 19", 
        "4 5 6 7 20 21 22 23"
    ], 
    "trial_length": 3045, 
    "replica_nums": [
        2, 
        3
    ], 
    "slo_millis": 1000, 
    "cv": 4.0, 
    "process_mean_thru": 601.1336109345822, 
    "max_estimated_thru": 997.9711471704666, 
    "process_peak_thru": 976.0, 
    "lambda": 609
}