{
    "client_metrics": {
        "thrus": [
            9.769309479805763, 
            31.737870579311352, 
            29.01431972735824, 
            31.615095069752385, 
            29.337007108943563, 
            31.74431856058562, 
            29.352731183578438, 
            31.70786152035391, 
            29.17428601769829, 
            31.72423769829235, 
            28.966263572142797, 
            31.251425846304237, 
            29.123222100098847, 
            31.45103105915121, 
            28.96956978450696, 
            31.50306808380068, 
            29.491652387791635, 
            31.407567841916915, 
            29.248643301680453, 
            31.193539693155387, 
            28.77222582514428, 
            31.368238654578604, 
            29.076816879441118, 
            31.65376353752332, 
            28.877913998106763, 
            31.57983160370596, 
            29.313409595099735, 
            31.62223321270505, 
            29.136714124546632, 
            31.616174581986748, 
            29.300852361795204, 
            31.604184141146817, 
            29.328282612023774, 
            31.539214597862397, 
            29.322280006662023, 
            31.41325073742606, 
            29.35393744910761, 
            31.68365015927371, 
            29.190228045737587, 
            31.478573793961402, 
            29.117760960653168, 
            31.628594273453235, 
            29.24790760468996, 
            31.55274862303805, 
            29.072235201360115, 
            31.965446630809957, 
            29.12527479696771, 
            31.556432684133362, 
            29.2553860628511, 
            31.340220660225626, 
            29.255865362167132, 
            31.645729851796716, 
            29.321764138075014, 
            31.822466279323606, 
            29.27474169431666, 
            31.73049891132658, 
            28.96117985529836, 
            31.68933299024349, 
            28.92442222020394, 
            31.626553654448273, 
            29.201923121849113, 
            31.65697013671379, 
            29.22233521525172, 
            31.764888997595396, 
            29.27162250847267, 
            31.734023188685423, 
            28.973531520015204, 
            31.65025706338787, 
            29.267715894769683, 
            31.170262572057855
        ], 
        "p99_lats": [
            4.8111421199999995, 
            6.18967831, 
            7.59109263, 
            8.97698264, 
            10.36079694, 
            11.74010797, 
            13.12185835, 
            14.50392439, 
            15.89776342, 
            17.27760034, 
            18.68204191, 
            20.087288920000002, 
            21.485184089999997, 
            22.877489689999997, 
            24.28160844, 
            25.67425145, 
            27.044646059999998, 
            28.442894529999997, 
            29.830795020000004, 
            31.23809865, 
            32.65616328, 
            34.05231014, 
            35.451383660000005, 
            36.83389398, 
            38.24279006, 
            39.62960745, 
            41.016489039999996, 
            42.40043371, 
            43.79730475, 
            45.18157316, 
            46.56627038, 
            47.95231554, 
            49.33492817, 
            50.722898740000005, 
            52.10746485, 
            53.50157488, 
            54.88386289, 
            56.2637936, 
            57.62796187, 
            59.021607489999994, 
            60.416390719999995, 
            61.798666850000004, 
            63.18706409000001, 
            64.57419201, 
            65.97009248, 
            67.34124135, 
            68.73539152000001, 
            70.12653391, 
            71.51568111, 
            72.91248920999999, 
            74.30230159999999, 
            75.68475776, 
            77.0706542, 
            78.44463268, 
            79.83145526, 
            81.21008108999999, 
            82.61367412000001, 
            83.99595541, 
            85.40285917, 
            86.79059454, 
            88.18215105, 
            89.56454292, 
            90.95497563, 
            92.33252051, 
            93.72040184, 
            95.09874196000001, 
            96.50441310000001, 
            97.88671302, 
            99.27266208, 
            100.67746564
        ], 
        "mean_lats": [
            4.1175647, 
            5.523183240000001, 
            6.90695728, 
            8.30539162, 
            9.689665640000001, 
            11.07202804, 
            12.45081062, 
            13.83565218, 
            15.220877039999998, 
            16.60734226, 
            18.003229460000004, 
            19.402367260000002, 
            20.8076509, 
            22.201403100000004, 
            23.59909602, 
            25.006108940000004, 
            26.37653328, 
            27.766079559999998, 
            29.156135159999998, 
            30.559560779999998, 
            31.968540519999998, 
            33.37634502, 
            34.77931224, 
            36.16690742, 
            37.555634299999994, 
            38.9606473, 
            40.34369866, 
            41.72899038, 
            43.12107449999999, 
            44.51176192, 
            45.893078800000005, 
            47.28325731999999, 
            48.664521539999996, 
            50.05276103999999, 
            51.4331256, 
            52.82775642000001, 
            54.2145061, 
            55.59414820000001, 
            56.957560660000006, 
            58.34903793999999, 
            59.74536, 
            61.128804840000015, 
            62.51656239999999, 
            63.898211440000004, 
            65.29506594, 
            66.67898911999998, 
            68.05623132, 
            69.45190878, 
            70.83941842, 
            72.2338261, 
            73.62620479999998, 
            75.015451, 
            76.4003036, 
            77.77322656, 
            79.15872706, 
            80.54261773999998, 
            81.93104624000001, 
            83.3286002, 
            84.72173552, 
            86.11865191999999, 
            87.50927691999998, 
            88.89574268, 
            90.28180116, 
            91.66335182, 
            93.04955788, 
            94.43124918000001, 
            95.82455956000001, 
            97.21166962, 
            98.60061608, 
            99.9913452
        ]
    }, 
    "node_configs": [
        {
            "model_image": "model-comp/inception-feats", 
            "name": "inception", 
            "cpus_per_replica": 4, 
            "input_type": "strings", 
            "batch_size": 4, 
            "num_replicas": 1, 
            "slo": 500000, 
            "allocated_cpus": [
                11, 
                12, 
                13, 
                14
            ], 
            "gpus": [
                0
            ]
        }
    ], 
    "clipper_metrics": {
        "histograms": [
            {
                "internal:rpc_request_queueing_delay": {
                    "p99": "0", 
                    "min": "0", 
                    "max": "0", 
                    "p95": "0", 
                    "std_dev": "0", 
                    "size": "0", 
                    "p50": "0", 
                    "unit": "microseconds", 
                    "mean": "0"
                }
            }, 
            {
                "app:inception:prediction_latency": {
                    "p99": "100779066.859999999382", 
                    "min": "3286268", 
                    "max": "101683455", 
                    "p95": "96785147.3999999914013", 
                    "std_dev": "28369955.2999404388611", 
                    "size": "3537", 
                    "p50": "52608022", 
                    "unit": "microseconds", 
                    "mean": "52601969.647441334444"
                }
            }, 
            {
                "model:inception:1:prediction_latency": {
                    "p99": "138041.999999999995907",