{
    "client_metrics": {
        "thrus": [
            10.127224267583951, 
            30.18769501250978, 
            30.207154624987236, 
            30.26641710996879, 
            30.1313727853441, 
            30.212137544985872, 
            30.322491829604576, 
            29.758999716694323, 
            30.349050499606072, 
            30.069074678351107, 
            30.224318849638248, 
            30.277065425710678, 
            30.14127214253205, 
            30.491448978048595, 
            29.947203080968254, 
            29.713055084438558, 
            30.951051531024717, 
            30.6480342963763, 
            30.45842364255943, 
            29.966102345027306, 
            30.35680784808482, 
            30.402825273747037, 
            29.89951371430895, 
            29.797644198249685, 
            29.66498149795104, 
            30.035640290769024, 
            29.918567642590396, 
            29.51449250125289, 
            29.806667990082722, 
            29.893757585540985, 
            30.0646269220316, 
            29.747279016388372, 
            29.9579510199484, 
            29.73388765228954, 
            29.702976178807166, 
            30.080254117986787, 
            30.198853409933733, 
            29.952172371157737, 
            30.095788876837197, 
            30.142453233983808, 
            29.428261843256838, 
            29.87196874197191, 
            30.107096965325052, 
            30.297429869024214, 
            29.908814007852857, 
            29.87585982724583, 
            29.667692179893017, 
            29.909672788179698, 
            29.936928878239325, 
            30.04280498854768, 
            30.181062228521345, 
            30.2711446972825, 
            30.040765318537257, 
            29.972389434852616, 
            30.10832977051431, 
            29.90650628006725, 
            29.875020837827034, 
            30.004206589763886, 
            30.001398065149836, 
            29.824536288109794, 
            29.857305963340007, 
            29.91618681103022, 
            30.00842036275379, 
            29.82791678249841, 
            29.906989263390855, 
            30.072420402814057, 
            30.130065466606244, 
            29.964306518075666, 
            30.090282884767454, 
            29.24787338712602
        ], 
        "p99_lats": [
            4.65629687, 
            6.054872909999999, 
            7.45143434, 
            8.84389402, 
            10.244550180000001, 
            11.64168429, 
            13.03183272, 
            14.451352069999999, 
            15.84212404, 
            17.24656283, 
            18.64340802, 
            20.036310640000004, 
            21.435708509999998, 
            22.81745013, 
            24.228661520000003, 
            25.65289361, 
            27.00955964, 
            28.38267139, 
            29.76703851, 
            31.177434830000003, 
            32.56611039, 
            33.95257109, 
            35.364425589999996, 
            36.78404235000001, 
            38.21237925, 
            39.61893885, 
            41.031217170000005, 
            42.46567311, 
            43.86114161, 
            45.27479582, 
            46.68044191, 
            48.10222254, 
            49.51349508, 
            50.9359257, 
            52.3612154, 
            53.76576029, 
            55.16297423, 
            56.573641890000005, 
            57.97782552, 
            59.3764132, 
            60.8172804, 
            62.23117728, 
            63.63668817999999, 
            65.02935113000001, 
            66.44082584, 
            67.85673715000001, 
            69.28417311999999, 
            70.69753119, 
            72.10980159, 
            73.51478237, 
            74.91277351, 
            76.30584923, 
            77.7141173, 
            79.12095902, 
            80.52665676, 
            81.93633146, 
            83.35321085, 
            84.7604834, 
            86.16794542, 
            87.58583740999998, 
            89.00121791000001, 
            90.41323716, 
            91.82077931, 
            93.23821183999999, 
            94.65031703, 
            96.05394884, 
            97.45408334999999, 
            98.8620746, 
            100.26825117000001, 
            101.71733762
        ], 
        "mean_lats": [
            3.9770376999999995, 
            5.382985940000001, 
            6.77792598, 
            8.17495632, 
            9.569519960000001, 
            10.96545306, 
            12.360484820000002, 
            13.75996476, 
            15.173009420000001, 
            16.571785339999998, 
            17.97033554, 
            19.364854880000003, 
            20.76214318, 
            22.152564700000003, 
            23.54518402, 
            24.96942594, 
            26.361436179999995, 
            27.716469540000002, 
            29.1000055, 
            30.50130658, 
            31.895674440000004, 
            33.28342434, 
            34.68246526, 
            36.091901580000005, 
            37.527617920000004, 
            38.94245578, 
            40.350407960000005, 
            41.7730548, 
            43.196348799999996, 
            44.59656586, 
            46.002303000000005, 
            47.41607518000001, 
            48.83907434, 
            50.246243959999994, 
            51.67747817999999, 
            53.08540844, 
            54.48904957999999, 
            55.89470074, 
            57.30060966, 
            58.70147724000001, 
            60.12016100000001, 
            61.55526948, 
            62.961014399999996, 
            64.35893594, 
            65.75679642, 
            67.176721, 
            68.59081936000001, 
            70.02071989999999, 
            71.4280642, 
            72.8336415, 
            74.23996264, 
            75.63371366, 
            77.03476935999998, 
            78.44124280000001, 
            79.85031192000001, 
            81.2590886, 
            82.67214392, 
            84.08340768, 
            85.48587818, 
            86.9022597, 
            88.3221886, 
            89.73433852, 
            91.14127833999999, 
            92.55300541999999, 
            93.9666488, 
            95.37710104, 
            96.77818084, 
            98.18494232, 
            99.59113205999998, 
            101.01929444
        ]
    }, 
    "node_configs": [
        {
            "model_image": "model-comp/inception-feats", 
            "name": "inception", 
            "cpus_per_replica": 6, 
            "input_type": "strings", 
            "batch_size": 2, 
            "num_replicas": 1, 
            "slo": 500000, 
            "allocated_cpus": [
                10, 
                11, 
                12, 
                13, 
                14, 
                15
            ], 
            "gpus": [
                0
            ]
        }
    ], 
    "clipper_metrics": {
        "histograms": [
            {
                "internal:rpc_request_queueing_delay": {
                    "p99": "0", 
                    "min": "0", 
                    "max": "0", 
                    "p95": "0", 
                    "std_dev": "0", 
                    "size": "0", 
                    "p50": "0", 
                    "unit": "microseconds", 
                    "mean": "0"
                }
            }, 
            {
                "app:inception:prediction_latency": {
                    "p99": "100817778.360000000161", 
                    "min": "3237148", 
                    "max": "101804354", 
                    "p95": "96860758.1999999987383", 
                    "std_dev": "28463428.0658243475209", 
                    "size": "3503", 
                    "p50": "52437435", 
                    "unit": "microseconds",