{
    "client_metrics": [
        {
            "thrus": [
                46.1373744013791, 
                65.89986462849808, 
                66.0311825656548, 
                65.71326359140859, 
                66.01976103487296, 
                69.35255231263021, 
                67.20293714468967, 
                66.97820462243381, 
                67.10614030578657, 
                67.19263267722863, 
                66.66490671312944, 
                70.0818092992674, 
                67.03623294983691, 
                67.11995006275716, 
                67.20684843162066, 
                66.98278970994309, 
                66.9055014654312, 
                70.58238941151227, 
                67.23135627428564, 
                67.06897319548244, 
                66.96958348669368, 
                67.09488410901953, 
                67.05186622777197, 
                70.20153878964965, 
                66.9869625954179, 
                66.99439431105041, 
                66.97740610973257, 
                67.11843638742802, 
                66.91004974226918, 
                70.02990416967853, 
                67.03903723361536
            ], 
            "p99_lats": [
                10.2664805, 
                17.26447674, 
                24.25020876, 
                31.27044351, 
                37.892170709999995, 
                44.875312459999996, 
                51.726876080000004, 
                58.603696750000005, 
                65.46663081, 
                72.27804676999999, 
                78.8643708, 
                85.76032471, 
                92.62941682, 
                99.49107778999999, 
                106.34300426, 
                113.15602156000001, 
                119.71482579, 
                126.56113976, 
                133.40866622, 
                140.27364457, 
                147.06549987000002, 
                153.92907805, 
                160.47641132, 
                167.35784227999997, 
                174.23377380000002, 
                181.10893001000002, 
                187.87192284, 
                194.72151677000002, 
                201.2713618, 
                208.17554564999998, 
                215.04478075
            ], 
            "mean_lats": [
                6.878132806, 
                13.830299506, 
                20.770241394, 
                27.721491479999997, 
                34.646402179999995, 
                41.564373720000006, 
                48.412859811999994, 
                55.223925228, 
                62.04123113199999, 
                68.826945592, 
                75.63010722, 
                82.485693232, 
                89.312980074, 
                96.122333652, 
                102.922558816, 
                109.666996684, 
                116.49853025, 
                123.30808280599999, 
                130.09996262800001, 
                136.90505565200002, 
                143.664908036, 
                150.453682712, 
                157.253788156, 
                164.07889427400002, 
                170.91653078, 
                177.737069308, 
                184.480939618, 
                191.25611393, 
                198.04959816599998, 
                204.893461102, 
                211.73707178200002
            ]
        }
    ], 
    "node_configs": [
        {
            "model_image": "model-comp/inception-feats", 
            "name": "inception", 
            "cpus_per_replica": 1, 
            "input_type": "floats", 
            "use_nvidia_docker": true, 
            "batch_size": 24, 
            "num_replicas": 1, 
            "slo": 500000, 
            "allocated_cpus": [
                17
            ], 
            "gpus": [
                0
            ], 
            "input_size": -1
        }
    ], 
    "clipper_metrics": {
        "histograms": [
            {
                "internal:rpc_request_queueing_delay": {
                    "p99": "0", 
                    "min": "0", 
                    "max": "0", 
                    "p95": "0", 
                    "std_dev": "0", 
                    "size": "0", 
                    "p50": "0", 
                    "unit": "microseconds", 
                    "mean": "0"
                }
            }, 
            {
                "app:inception:prediction_latency": {
                    "p99": "217996556.339999921285", 
                    "min": "3543452", 
                    "max": "220935123", 
                    "p95": "209800148.549999997776", 
                    "std_dev": "63024727.4569923340932", 
                    "size": "4096", 
                    "p50": "109198352.5", 
                    "unit": "microseconds", 
                    "mean": "110369806.9033203125"
                }
            }, 
            {
                "model:inception:1:prediction_latency": {
                    "p99": "367704.470000000039249", 
                    "min": "345301", 
                    "max": "2330956", 
                    "p95": "362987.99999999999045", 
                    "std_dev": "83841.3943017731685643", 
                    "size": "666", 
                    "p50": "354386", 
                    "unit": "microseconds", 
                    "mean": "359264.471471471471489"
                }
            }, 
            {
                "model:inception:1:batch_size": {
                    "p99": "24", 
                    "min": "1", 
                    "max": "24", 
                    "p95": "24", 
                    "std_dev": "0.890562552670376613763", 
                    "size": "666", 
                    "p50": "24", 
                    "unit": "queries", 
                    "mean": "23.9654654654654653365"
                }
            }
        ], 
        "meters": [
            {
                "internal:aggregate_model_throughput": {
                    "rate": "58.805966130014355", 
                    "rate_1min": "66.3392121594256", 
                    "rate_15min": "15.536774563849276", 
                    "unit": "events per second", 
                    "rate_5min": "36.717964905196432"
                }
            }, 
            {
                "app:inception:prediction_throughput": {
                    "rate": "0", 
                    "rate_1min": "0", 
                    "rate_15min": "0", 
                    "unit": "events per second", 
                    "rate_5min": "0"
                }
            }, 
            {
                "model:inception:1:prediction_throughput": {
                    "rate": "63.004516712640878", 
                    "rate_1min": "66.022382808027203", 
                    "rate_15min": "15.409389436826814", 
                    "unit": "events per second", 
                    "rate_5min": "36.469332187512805"
                }
            }
        ], 
        "ratio_counters": [
            {
                "app:inception:default_prediction_ratio": {
                    "ratio": "0"
                }
            }, 
            {
                "model:inception:1:cache_hit_ratio": {
                    "ratio": "0"
                }
            }
        ], 
        "counters": [
            {
                "internal:aggregate_num_predictions": {
                    "count": "40000"
                }
            }, 
            {
                "app:inception:num_predictions": {
                    "count": "15937"
                }
            }, 
            {
                "model:inception:1:num_predictions": {
                    "count": "15937"
                }
            }
        ]
    }
}