{
    "client_metrics": {
        "thrus": [
            10.029625507825013, 
            31.84431442057041, 
            29.38721773577365, 
            32.299261703475985, 
            29.830301381500917, 
            32.129277933033585, 
            29.608995449689576, 
            31.991891974897882, 
            29.2807077029929, 
            32.02594870467848, 
            29.571870290679655, 
            31.769914653301274, 
            29.67882172703438, 
            32.01546987504362, 
            29.08864123466156, 
            31.851962271987727, 
            28.884920742665976, 
            32.18669311983685, 
            28.741066557987114, 
            31.041401780038143, 
            29.4847133555137, 
            31.83383248782674, 
            29.511618133826925, 
            31.69535941903674, 
            29.452166147915847, 
            31.679554965611842, 
            29.827311795628034, 
            32.28645576723273, 
            29.560523694237766, 
            31.89404034340951, 
            29.369834947401564, 
            32.2702022760819, 
            29.69239274959277, 
            31.900389120946496, 
            29.392849542706045, 
            31.940105913391207, 
            29.508622419470967, 
            31.294947368157516, 
            29.379257421641114, 
            32.23631020614476, 
            29.81784872570442, 
            32.11881391643969, 
            29.46152001409439, 
            32.17629520849918, 
            29.488034640184054, 
            32.059954680048065, 
            29.822721812458024, 
            31.498066963630443, 
            29.645809653742873, 
            32.210040384948634, 
            29.24840376836434, 
            31.541144476735568, 
            29.171800903625705, 
            31.623253210550782, 
            29.466659358935146, 
            32.115698731622594, 
            29.80858713854852, 
            32.44463161391926, 
            29.525019206024993, 
            31.65767166689038, 
            29.77846016773611, 
            31.972171421994297, 
            29.38312480129662, 
            32.022830997588045, 
            29.28410324169166, 
            32.218217855722955, 
            29.370749318304906, 
            32.23387870907184, 
            29.584538410197908, 
            32.32183236346288, 
            29.53169814351933
        ], 
        "p99_lats": [
            4.67709982, 
            6.04975347, 
            7.4298309, 
            8.780959939999999, 
            10.137203329999998, 
            11.496362640000001, 
            12.86609794, 
            14.23032371, 
            15.617742369999998, 
            16.981866580000002, 
            18.35377402, 
            19.72894704, 
            21.093631199999997, 
            22.45804411, 
            23.856526869999996, 
            25.22944871, 
            26.638130330000003, 
            27.99374145, 
            29.41181829, 
            30.827462920000002, 
            32.20324512, 
            33.577155950000005, 
            34.95073432, 
            36.33051426, 
            37.70732669, 
            39.08912461, 
            40.44634744, 
            41.796347389999994, 
            43.14236284, 
            44.51112205, 
            45.89310459, 
            47.24576491, 
            48.610260589999996, 
            49.97991743, 
            51.36135375, 
            52.73027945, 
            54.104108350000004, 
            55.50577474, 
            56.88527813, 
            58.23927053, 
            59.59541694, 
            60.95571733, 
            62.332873899999996, 
            63.68993621, 
            65.06321911, 
            66.42737702, 
            67.78153671999999, 
            69.17338785000001, 
            70.53757058, 
            71.89375551, 
            73.27969522000001, 
            74.6711777, 
            76.06419045999999, 
            77.44858399, 
            78.82593389, 
            80.18371407000001, 
            81.5425379, 
            82.88407146, 
            84.254833, 
            85.63773398999999, 
            86.99497573000001, 
            88.36119721, 
            89.74317439000001, 
            91.10772341, 
            92.4951829, 
            93.84840192, 
            95.23255608, 
            96.58567887999999, 
            97.95783868000001, 
            99.30491019, 
            100.67838201
        ], 
        "mean_lats": [
            4.00302584, 
            5.38373136, 
            6.7618596, 
            8.126279, 
            9.478004380000002, 
            10.837907580000001, 
            12.203951240000004, 
            13.562621199999999, 
            14.944005860000003, 
            16.3165973, 
            17.69469862, 
            19.06650154, 
            20.43207058, 
            21.795038060000003, 
            23.171149319999994, 
            24.561502639999993, 
            25.96324914, 
            27.335711939999996, 
            28.726115500000002, 
            30.138336900000002, 
            31.53635036, 
            32.9155619, 
            34.284983659999995, 
            35.662834440000005, 
            37.0354826, 
            38.42542214, 
            39.78758518, 
            41.141149000000006, 
            42.47819921999999, 
            43.84557897999999, 
            45.22444715999999, 
            46.591094780000006, 
            47.94832368, 
            49.314143859999994, 
            50.69252996, 
            52.064899879999984, 
            53.436997160000004, 
            54.827413240000006, 
            56.21927871999999, 
            57.58596048, 
            58.93588022000001, 
            60.296603700000006, 
            61.6634309, 
            63.03386796000001, 
            64.39821927999999, 
            65.7674313, 
            67.12495793999999, 
            68.50068926, 
            69.87657062, 
            71.23814996, 
            72.60588552, 
            74.00116454, 
            75.384933, 
            76.78046886000001, 
            78.15626018, 
            79.5245806, 
            80.88446872, 
            82.23243099999999, 
            83.58724432, 
            84.97658510000001, 
            86.33489982, 
            87.69720522, 
            89.06985895999998, 
            90.45225504000001, 
            91.81747008, 
            93.19411912, 
            94.56225970000001, 
            95.92685843999999, 
            97.28913996, 
            98.65257989999998, 
            100.01143376
        ]
    }, 
    "node_configs": [
        {
            "model_image": "model-comp/inception-feats", 
            "name": "inception", 
            "cpus_per_replica": 6, 
            "input_type": "strings", 
            "batch_size": 4, 
            "num_replicas": 1, 
            "slo": 500000, 
            "allocated_cpus": [
                10, 
                11, 
                12, 
                13, 
                14, 
                15
            ], 
            "gpus": [
                0
            ]
        }
    ], 
    "clipper_metrics": {
        "histograms": [
            {
                "internal:rpc_request_queueing_delay": {
                    "p99": "0", 
                    "min": "0", 
                    "max": "0", 
                    "p95": "0", 
                    "std_dev": "0", 
                    "size": "0", 
                    "p50": "0", 
                    "unit": "microseconds", 
                    "mean": "0"
                }
            }, 
            {
                "app:inception:prediction_latency": {
                    "p99": "100496964.379999998877", 
                    "min": "3207200", 
                    "max": "101388455", 
                    "p95": "96576879.9999999994834", 
                    "std_dev": "28337113.4880099684451", 
                    "size": "3577", 
                    "p50": "52400018", 
                    "unit": "microseconds",