{
    "client_metrics": {
        "thrus": [
            9.937836842979793, 
            29.671829565010977, 
            29.59240019815071, 
            29.66167302514064, 
            29.761745323983384, 
            29.492626548436625, 
            29.40199286707653, 
            29.35164562936386, 
            29.152598108696044, 
            29.202980573009203, 
            29.776739959134403, 
            29.712843198195362, 
            29.6775709976531, 
            29.262234686633654, 
            28.94872139287352, 
            29.428071319519404, 
            29.624977410954724, 
            29.603543425733886, 
            29.058076634284344, 
            29.383642831243275, 
            29.37426931505079, 
            29.69997677461816, 
            29.51733257768962, 
            29.507995486457013, 
            29.328678285515853, 
            29.298173962009646, 
            29.66725210044145, 
            29.561327634697665, 
            29.46009659376471, 
            29.903555054239067, 
            29.850478950934768, 
            29.36422920072917, 
            29.717770335127295, 
            29.15380497970312, 
            29.280896323373536, 
            29.64145107945272, 
            29.664277505756353, 
            29.301075583882533, 
            29.678927427305922, 
            29.814381622892196, 
            29.117048789109294, 
            29.41936182343558, 
            29.416765556026878, 
            29.311725510932686, 
            29.508744326206184, 
            29.802777141985196, 
            29.491913317368375, 
            29.292458246530014, 
            29.3567294724537, 
            29.339279427297267, 
            29.709788840646794, 
            29.320973174828065, 
            29.71522709268001, 
            28.98693558813043, 
            29.583698198944454, 
            29.756945271026257, 
            29.1876720613268, 
            29.112267967946227, 
            29.590561321112038, 
            29.633703715118166, 
            29.65971996478798, 
            29.470671377258782, 
            29.160112931285358, 
            29.296834945733472, 
            29.892292093130035, 
            29.829731890369768, 
            29.660142226314004, 
            29.581037844796576
        ], 
        "p99_lats": [
            4.76315323, 
            6.18997626, 
            7.62082706, 
            9.04846791, 
            10.469052770000001, 
            11.90613334, 
            13.347372609999999, 
            14.79364416, 
            16.24966807, 
            17.70257217, 
            19.1246211, 
            20.548820149999997, 
            21.97585858, 
            23.42542684, 
            24.89224413, 
            26.33265361, 
            27.76148988, 
            29.19232755, 
            30.65310195, 
            32.09384411, 
            33.5356027, 
            34.96134429, 
            36.39681744000001, 
            37.83088721, 
            39.27559907, 
            40.72505314, 
            42.15131296, 
            43.583706789999994, 
            45.021962630000004, 
            46.41081418, 
            47.82754317999999, 
            49.27202835999999, 
            50.69547761, 
            52.15092247, 
            53.599259450000005, 
            55.02701219, 
            56.45441239, 
            57.90237148, 
            59.32783306, 
            60.74621622, 
            62.204606330000004, 
            63.64501353, 
            65.08651936, 
            66.53270520999999, 
            67.9690544, 
            69.38712334, 
            70.82245069000001, 
            72.27082448, 
            73.71486983, 
            75.16046284000001, 
            76.58479120999999, 
            78.03076567, 
            79.45513102999999, 
            80.92049902, 
            82.35259073, 
            83.77302655, 
            85.22549566, 
            86.68343586, 
            88.11474852999999, 
            89.54273679, 
            90.96918657, 
            92.40649331, 
            93.86107021999999, 
            95.30954206999999, 
            96.72461497, 
            98.14201477, 
            99.56996062, 
            101.00048188
        ], 
        "mean_lats": [
            4.06310116, 
            5.5055876, 
            6.93486098, 
            8.36358494, 
            9.7863274, 
            11.210022960000002, 
            12.65430294, 
            14.09788074, 
            15.55309994, 
            17.003102639999998, 
            18.441219659999998, 
            19.86524644, 
            21.28980126, 
            22.7304196, 
            24.1868354, 
            25.643034380000003, 
            27.07520392, 
            28.507820260000003, 
            29.952140999999997, 
            31.403580740000002, 
            32.84196958, 
            34.274725939999996, 
            35.70647584, 
            37.141332399999996, 
            38.5753973, 
            40.03311714, 
            41.466173520000005, 
            42.89481366000001, 
            44.332220359999994, 
            45.7472392, 
            47.14711652000001, 
            48.58160508, 
            50.012303460000005, 
            51.44557849999999, 
            52.90528818000001, 
            54.34054434000001, 
            55.769148799999996, 
            57.20862562, 
            58.64334761999999, 
            60.06043176000001, 
            61.50256100000001, 
            62.95129732, 
            64.3928871, 
            65.83945130000001, 
            67.28279721999999, 
            68.70375748, 
            70.1321061, 
            71.57416595999999, 
            73.02038517999999, 
            74.46102678, 
            75.89935014000001, 
            77.3401544, 
            78.7708042, 
            80.21129114, 
            81.67036972, 
            83.08899885999999, 
            84.52564596, 
            85.98702739999999, 
            87.4289894, 
            88.85917439999999, 
            90.28302443999999, 
            91.71644906, 
            93.16347051999999, 
            94.61392231999999, 
            96.04721881999998, 
            97.45992470000002, 
            98.88487366000001, 
            100.31073882000001
        ]
    }, 
    "node_configs": [
        {
            "model_image": "model-comp/inception-feats", 
            "name": "inception", 
            "cpus_per_replica": 6, 
            "input_type": "strings", 
            "batch_size": 1, 
            "num_replicas": 1, 
            "slo": 500000, 
            "allocated_cpus": [
                10, 
                11, 
                12, 
                13, 
                14, 
                15
            ], 
            "gpus": [
                0
            ]
        }
    ], 
    "clipper_metrics": {
        "histograms": [
            {
                "internal:rpc_request_queueing_delay": {
                    "p99": "0", 
                    "min": "0", 
                    "max": "0", 
                    "p95": "0", 
                    "std_dev": "0", 
                    "size": "0", 
                    "p50": "0", 
                    "unit": "microseconds", 
                    "mean": "0"
                }
            }, 
            {
                "app:inception:prediction_latency": {
                    "p99": "101203257.080000004134", 
                    "min": "3280557", 
                    "max": "102167503", 
                    "p95": "97271938.5999999948108", 
                    "std_dev": "28536291.8371815102491", 
                    "size": "3440", 
                    "p50": "52758717", 
                    "unit": "microseconds", 
                    "mean": "52771552.8860465116377"
                }
            }, 
            {
                "model:inception:1:prediction_latency": {
                    "p99": "35759.180000000000291", 
                    "min": "32216", 
                    "max": "3280182", 
                    "p95": "35384.8999999999996362",