{
    "client_metrics": {
        "thrus": [
            9.7486581459495, 
            30.512047071545258, 
            30.565112247318215, 
            30.57946870007902, 
            30.61174511436548, 
            30.614650334771202, 
            30.650063323030825, 
            30.518733008695396, 
            30.565018824995096, 
            30.66068251905715, 
            30.55831259442519, 
            30.59344553785419, 
            30.65650914330385, 
            30.501791065171346, 
            30.494870762737705, 
            30.66203629035967, 
            30.667320902845926, 
            30.5399462496946, 
            30.58491197356485, 
            30.586464877562378, 
            30.629409869285933, 
            30.742971541846103, 
            30.60666698905689, 
            30.524359659983052, 
            30.590637918808774, 
            30.555380710877042, 
            30.530398507185634, 
            30.58878517251463, 
            30.558966275735994, 
            30.73078419429723, 
            30.516013583287965, 
            30.664631352868337, 
            30.650514254328158, 
            30.808438061483784, 
            30.35408034725068, 
            30.498981639003073, 
            30.58509906207735, 
            30.64157326093751, 
            30.758857935908384, 
            30.53961048559202, 
            30.63483339858553, 
            30.710870665467716, 
            30.63672927180171, 
            30.597470690682822, 
            30.666831858667614, 
            30.68363758205572, 
            30.751158549898367, 
            30.699198812309398, 
            30.600841400735156, 
            30.50672276649605, 
            30.527863391474668, 
            30.563991217131484, 
            30.662863653897222, 
            30.546009927453223, 
            30.649311800352834, 
            30.67377398459072, 
            30.673604627051912, 
            30.528366653010313, 
            30.601815299683576, 
            30.574756502639215, 
            30.549257317005367, 
            30.612551023469422, 
            30.745712664097553, 
            30.544796999279143, 
            30.661302982731556, 
            30.711587481956943, 
            30.62455096752144, 
            30.44994668214336, 
            30.576813235601684, 
            30.419028197222378, 
            30.730198689172642
        ], 
        "p99_lats": [
            4.846192049999999, 
            6.22713031, 
            7.60503638, 
            8.981501530000001, 
            10.35641892, 
            11.73098148, 
            13.103532770000001, 
            14.483954959999998, 
            15.86079955, 
            17.23296516, 
            18.61093046, 
            19.98727332, 
            21.35942342, 
            22.737731590000003, 
            24.11876178, 
            25.49345609, 
            26.866001339999997, 
            28.24393041, 
            29.62136041, 
            30.99664588, 
            32.36843585, 
            33.73958802, 
            35.1134634, 
            36.49085438, 
            37.86730369, 
            39.24469124, 
            40.62157847, 
            42.00073404, 
            43.37833253, 
            44.7480458, 
            46.12740223, 
            47.49941038, 
            48.87261495, 
            50.23673429, 
            51.625413710000004, 
            53.006685270000006, 
            54.38185014, 
            55.75599061, 
            57.123792370000004, 
            58.502819990000006, 
            59.87591582, 
            61.24572153, 
            62.619058370000005, 
            63.99540743, 
            65.36751263, 
            66.73708002000001, 
            68.06878214, 
            69.44231909999999, 
            70.81720256, 
            72.1980736, 
            73.57787723999999, 
            74.95610448, 
            76.32787851, 
            77.70395691, 
            79.07734692, 
            80.45214038, 
            81.82197253999999, 
            83.20058745, 
            84.57656750000001, 
            85.95432407000001, 
            87.33238123000001, 
            88.70784531, 
            90.07405747000001, 
            91.45386259, 
            92.82475237, 
            94.19512424, 
            95.5690374, 
            96.95304376, 
            98.32908485, 
            99.71421839, 
            101.08093446999999
        ], 
        "mean_lats": [
            4.17404166, 
            5.558266080000001, 
            6.940225079999999, 
            8.31654956, 
            9.6942697, 
            11.069169439999998, 
            12.440692679999998, 
            13.81835066, 
            15.19720828, 
            16.57075888, 
            17.9460491, 
            19.32289296, 
            20.696837899999995, 
            22.076257059999993, 
            23.45618982, 
            24.832061219999996, 
            26.20364756, 
            27.578085919999992, 
            28.95634074, 
            30.330652179999998, 
            31.70870184, 
            33.079774719999996, 
            34.4498918, 
            35.825862779999994, 
            37.207353319999996, 
            38.581183499999995, 
            39.958129299999996, 
            41.337263979999996, 
            42.71511988, 
            44.08907875999999, 
            45.459202839999996, 
            46.83778554, 
            48.210645400000004, 
            49.579854340000004, 
            50.95572938, 
            52.34178742000001, 
            53.715294240000006, 
            55.094935480000004, 
            56.465044, 
            57.836873239999996, 
            59.213745939999995, 
            60.5839267, 
            61.95722897999999, 
            63.33302662000001, 
            64.70507104, 
            66.07885838, 
            67.43584234000001, 
            68.78115426000001, 
            70.1541334, 
            71.53285734, 
            72.91243564, 
            74.29295882000001, 
            75.66622094, 
            77.04024266, 
            78.41707104000002, 
            79.79170208000001, 
            81.1610536, 
            82.53518178, 
            83.91197194, 
            85.28970662, 
            86.66780245999999, 
            88.04545653999999, 
            89.41770231999999, 
            90.78978576000002, 
            92.16340692000001, 
            93.53377054000002, 
            94.90412922, 
            96.2840373, 
            97.66371752, 
            99.04867878, 
            100.42433754000001
        ]
    }, 
    "node_configs": [
        {
            "model_image": "model-comp/inception-feats", 
            "name": "inception", 
            "cpus_per_replica": 1, 
            "input_type": "strings", 
            "batch_size": 2, 
            "num_replicas": 1, 
            "slo": 500000, 
            "allocated_cpus": [
                10, 
                11, 
                12, 
                13, 
                14, 
                15
            ], 
            "gpus": [
                0
            ]
        }
    ], 
    "clipper_metrics": {
        "histograms": [
            {
                "internal:rpc_request_queueing_delay": {
                    "p99": "0", 
                    "min": "0", 
                    "max": "0", 
                    "p95": "0", 
                    "std_dev": "0", 
                    "size": "0", 
                    "p50": "0", 
                    "unit": "microseconds", 
                    "mean": "0"
                }
            }, 
            {
                "app:inception:prediction_latency": {
                    "p99": "101374928.159999999792", 
                    "min": "3423081", 
                    "max": "102310249", 
                    "p95": "97410792.5999999989726", 
                    "std_dev": "28526576.4820704284994", 
                    "size": "3595", 
                    "p50": "52971438", 
                    "unit": "microseconds",