{
    "client_metrics": {
        "thrus": [
            10.055103980835776, 
            30.05407328866096, 
            30.170535937332176, 
            30.288638610502645, 
            30.238302010484222, 
            30.2084503910786, 
            29.91566773266163, 
            30.03360159346277, 
            30.03022842793556, 
            30.053856510867472, 
            30.180406397280382, 
            29.899263401746833, 
            29.890969698926195, 
            29.96364211665565, 
            30.103272285904023, 
            30.071642681524466, 
            29.865438281279864, 
            30.182428635156615, 
            29.969712608437913, 
            30.294896582311534, 
            29.788075714139328, 
            30.01605859134637, 
            30.17281176208617, 
            30.139854954962015, 
            30.068459869430722, 
            30.122278376842957, 
            30.036704853330768, 
            29.997510206652848, 
            29.62692589831802, 
            30.022474824653735, 
            30.220701785136853, 
            30.2178891112254, 
            29.93415085494928, 
            30.0909166957044, 
            29.98592460698948, 
            30.245856468893045, 
            30.189827597970517, 
            30.0687672707482, 
            30.04874507425946, 
            30.099992174002036, 
            30.27382065304264, 
            30.36250400785053, 
            30.145924361464104, 
            29.881662639614596, 
            30.197394327238293, 
            30.030084138289737, 
            30.080181732425956, 
            29.978391575352486, 
            30.18131728170155, 
            30.31001079036384, 
            30.195807734837327, 
            29.886699522111677, 
            30.26522628401736, 
            30.214803078042422, 
            30.120246046265905, 
            30.050930316700743, 
            29.974599524363054, 
            29.927808141201794, 
            30.131717791152244, 
            30.09131510481708, 
            30.365657170515917, 
            30.172702514653373, 
            29.991464429223445, 
            29.97339561405297, 
            30.14125397261727, 
            30.17605312916618, 
            30.107405157157647, 
            30.065603146064714, 
            30.214401392279616, 
            30.089178306665296
        ], 
        "p99_lats": [
            4.6919339, 
            6.09673114, 
            7.49301776, 
            8.886480899999999, 
            10.282305019999999, 
            11.67883025, 
            13.0915243, 
            14.497993609999998, 
            15.900429030000002, 
            17.30561387, 
            18.70635329, 
            20.120350690000002, 
            21.53388448, 
            22.94428613, 
            24.347518960000002, 
            25.75245155, 
            27.16850609, 
            28.56516972, 
            29.974632839999998, 
            31.366473290000002, 
            32.786912619999995, 
            34.19206409, 
            35.58970965, 
            36.98942262, 
            38.39302531, 
            39.79485793, 
            41.200859030000004, 
            42.60559157, 
            44.0343197, 
            45.439143849999994, 
            46.836805319999996, 
            48.232764630000005, 
            49.64277287, 
            51.04609778, 
            52.45337128, 
            53.848468679999996, 
            55.24680597, 
            56.65060451, 
            58.05447844, 
            59.43159944, 
            60.825228030000005, 
            62.21326015999999, 
            63.611728799999995, 
            65.02754585, 
            66.42220611, 
            67.82658477, 
            69.23068640999999, 
            70.63900691, 
            72.03913499999999, 
            73.42934259, 
            74.82441612, 
            76.24079319, 
            77.63257173, 
            79.02850747, 
            80.42918445000001, 
            81.83492022, 
            83.2452805, 
            84.65769915999999, 
            86.05821487, 
            87.46029494, 
            88.84894654000001, 
            90.24707209, 
            91.6532554, 
            93.06493968000001, 
            94.46430705, 
            95.86224329999999, 
            97.26289971, 
            98.66619989, 
            100.06195036, 
            101.46391479
        ], 
        "mean_lats": [
            4.0037669, 
            5.4197728, 
            6.8210308600000005, 
            8.21175066, 
            9.611485640000001, 
            11.004726440000002, 
            12.410210540000001, 
            13.81949466, 
            15.224900400000001, 
            16.6309302, 
            18.030607900000003, 
            19.44166906, 
            20.85309098, 
            22.26463178, 
            23.672420820000003, 
            25.074760059999996, 
            26.48365878, 
            27.891172140000002, 
            29.295289820000004, 
            30.694348759999993, 
            32.09903266, 
            33.51477693999999, 
            34.917159119999994, 
            36.31624476, 
            37.71781814, 
            39.1174156, 
            40.5229758, 
            41.92478566, 
            43.34650009999999, 
            44.767581719999995, 
            46.16381252000001, 
            47.5599751, 
            48.96144889999999, 
            50.370859919999994, 
            51.77710977999999, 
            53.17448574, 
            54.57606708000001, 
            55.974317759999984, 
            57.38164124, 
            58.7577663, 
            60.153021720000005, 
            61.5464748, 
            62.936010859999996, 
            64.34912762, 
            65.7498478, 
            67.14574062000001, 
            68.55524044, 
            69.95328948, 
            71.36509992, 
            72.75809074, 
            74.15423408, 
            75.55589653999999, 
            76.9605019, 
            78.35528848000001, 
            79.7546883, 
            81.15850142, 
            82.56116514, 
            83.97581708, 
            85.37906630000002, 
            86.7844982, 
            88.18105102, 
            89.57078496, 
            90.97579554, 
            92.38331066, 
            93.78814414, 
            95.18756837999999, 
            96.58506935999999, 
            97.99308237999999, 
            99.38416347999998, 
            100.78637884000001
        ]
    }, 
    "node_configs": [
        {
            "model_image": "model-comp/inception-feats", 
            "name": "inception", 
            "cpus_per_replica": 4, 
            "input_type": "strings", 
            "batch_size": 2, 
            "num_replicas": 1, 
            "slo": 500000, 
            "allocated_cpus": [
                11, 
                12, 
                13, 
                14
            ], 
            "gpus": [
                0
            ]
        }
    ], 
    "clipper_metrics": {
        "histograms": [
            {
                "internal:rpc_request_queueing_delay": {
                    "p99": "0", 
                    "min": "0", 
                    "max": "0", 
                    "p95": "0", 
                    "std_dev": "0", 
                    "size": "0", 
                    "p50": "0", 
                    "unit": "microseconds", 
                    "mean": "0"
                }
            }, 
            {
                "app:inception:prediction_latency": {
                    "p99": "100811841.080000000504", 
                    "min": "3204662", 
                    "max": "101768215", 
                    "p95": "96895335.5999999983542", 
                    "std_dev": "28431148.7931479588296", 
                    "size": "3511", 
                    "p50": "52640140", 
                    "unit": "microseconds", 
                    "mean": "52577854.7274280830898"
                }
            }, 
            {
                "model:inception:1:prediction_latency": {
                    "p99": "69492",