{
    "client_metrics": {
        "thrus": [
            9.64595673325399, 
            32.00514130589938, 
            32.03411505116489, 
            32.24123667066673, 
            27.416263876056554, 
            31.64230525585019, 
            31.530006160963204, 
            32.128844376873914, 
            27.18462437645268, 
            31.5289722879251, 
            31.749378029684397, 
            31.61993345901203, 
            27.152633642547524, 
            31.984729210885558, 
            32.24325342165405, 
            31.355471968835168, 
            26.930122257369025, 
            32.26485054275932, 
            32.156408772268314, 
            32.13745575475779, 
            26.48300876640556, 
            32.85567749392663, 
            32.22666950261358, 
            31.897051627929827, 
            27.744699929972377, 
            32.177599756994766, 
            31.277622049972884, 
            31.86911735929944, 
            27.627713248648867, 
            32.33759413473653, 
            31.990643376625208, 
            32.639184908163124, 
            28.160462822838586, 
            32.835223000417, 
            32.295047554457526, 
            31.693249908248042, 
            28.54901351738692, 
            32.896684672118745, 
            32.23545810131862, 
            32.3588152531689, 
            27.347465409558378, 
            32.43545506619103, 
            32.321247341577404, 
            32.02869771315098, 
            27.45438042876055, 
            31.51098977279316, 
            31.732633522988703, 
            31.892656970873713, 
            27.789480236677445, 
            32.055987705887595, 
            32.504152405469796, 
            32.32210398796583, 
            27.529477187698728, 
            31.699800354657366, 
            32.043127486146155, 
            32.48774237480199, 
            28.042734884545254, 
            31.41181008670916, 
            32.067809306847884, 
            32.49694853653242, 
            27.724977099168914, 
            31.51019543883619, 
            32.31786298777351, 
            32.38096595011906, 
            27.716585715758654, 
            31.254336539194814, 
            31.800486293036393, 
            31.73501012664173, 
            27.421466291614134, 
            32.20977064066522, 
            32.07686129195333
        ], 
        "p99_lats": [
            4.82391714, 
            6.23934053, 
            7.55202275, 
            8.85409624, 
            10.28367509, 
            11.7206324, 
            13.05683752, 
            14.36481518, 
            15.8099742, 
            17.25184978, 
            18.577884509999997, 
            19.91015418, 
            21.354067190000002, 
            22.77720867, 
            24.080136080000003, 
            25.42604301, 
            26.88906084, 
            28.292912879999996, 
            29.60002102, 
            30.90770327, 
            32.3842495, 
            33.776150189999996, 
            35.079812919999995, 
            36.39829745, 
            37.80797297, 
            39.21649022, 
            40.53412826, 
            41.853892619999996, 
            43.27013767, 
            44.67337989, 
            45.98785287, 
            47.27110417, 
            48.65463194, 
            50.030198080000005, 
            51.330023929999996, 
            52.660408309999994, 
            54.02410811, 
            55.39400648, 
            56.695727, 
            57.991997909999995, 
            59.42476273, 
            60.82520383000001, 
            62.12394406999999, 
            63.43585691, 
            64.86380863, 
            66.30661183999999, 
            67.63236203, 
            68.95258184, 
            70.3568764, 
            71.77302358, 
            73.06362606, 
            74.36300001, 
            75.78508116, 
            77.21880819, 
            78.53035782, 
            79.81871899000001, 
            81.21105219, 
            82.65444403000001, 
            83.96451589, 
            85.25285015, 
            86.65917099, 
            88.10434605, 
            89.40335060999999, 
            90.69923076, 
            92.11016278, 
            93.56414366999999, 
            94.88753947000001, 
            96.21346134, 
            97.64496543, 
            99.04881632, 
            100.35813584
        ], 
        "mean_lats": [
            4.135094040000001, 
            5.513802579999999, 
            6.8784643999999995, 
            8.23963164, 
            9.60688022, 
            10.98746178, 
            12.36993596, 
            13.747239479999998, 
            15.123279420000001, 
            16.515158440000004, 
            17.90235056, 
            19.28019204, 
            20.67383944, 
            22.052950600000003, 
            23.412929979999994, 
            24.791892339999993, 
            26.20025698, 
            27.57222232, 
            28.930239240000002, 
            30.29105802, 
            31.678161259999996, 
            33.06719668, 
            34.4096105, 
            35.780107640000004, 
            37.13848022, 
            38.49666866, 
            39.87118764, 
            41.23552592, 
            42.59822774, 
            43.95022932, 
            45.3190889, 
            46.66696158, 
            47.9985135, 
            49.32732912, 
            50.656510399999995, 
            52.03364210000001, 
            53.37925021999999, 
            54.688432840000004, 
            56.030130820000004, 
            57.377616360000005, 
            58.74402168, 
            60.11054013999999, 
            61.45928218, 
            62.80978882, 
            64.19231216, 
            65.56632892, 
            66.95279443999999, 
            68.33113858, 
            69.69069612, 
            71.04958472000001, 
            72.403572, 
            73.750613, 
            75.10777308, 
            76.48713756000001, 
            77.8648219, 
            79.21113896, 
            80.55197276, 
            81.91592999999999, 
            83.29931236, 
            84.64684604000001, 
            85.98640498, 
            87.36982950000001, 
            88.74030004000002, 
            90.08737339999998, 
            91.43956329999999, 
            92.82078440000004, 
            94.21427078, 
            95.59443712000001, 
            96.9687199, 
            98.32955692, 
            99.69012182
        ]
    }, 
    "node_configs": [
        {
            "model_image": "model-comp/inception-feats", 
            "name": "inception", 
            "cpus_per_replica": 6, 
            "input_type": "strings", 
            "batch_size": 8, 
            "num_replicas": 1, 
            "slo": 500000, 
            "allocated_cpus": [
                10, 
                11, 
                12, 
                13, 
                14, 
                15
            ], 
            "gpus": [
                0
            ]
        }
    ], 
    "clipper_metrics": {
        "histograms": [
            {
                "internal:rpc_request_queueing_delay": {
                    "p99": "0", 
                    "min": "0", 
                    "max": "0", 
                    "p95": "0", 
                    "std_dev": "0", 
                    "size": "0", 
                    "p50": "0", 
                    "unit": "microseconds", 
                    "mean": "0"
                }
            }, 
            {
                "app:inception:prediction_latency": {
                    "p99": "100344294.059999999416", 
                    "min": "3261520", 
                    "max": "101220586", 
                    "p95": "96413979.2999999991807", 
                    "std_dev": "28197644.993116731388", 
                    "size": "3585", 
                    "p50": "52445052", 
                    "unit": "microseconds",