{
    "client_metrics": {
        "thrus": [
            10.010076142645186, 
            29.155334959812286, 
            30.367243219146424, 
            29.349112981758353, 
            30.9937014599893, 
            28.061384840566436, 
            29.520120914415266, 
            28.850936443695087, 
            29.72026101522034, 
            29.06427564559022, 
            29.88477030266698, 
            30.084887518622544, 
            29.172924258920204, 
            29.265574553465864, 
            29.19934803695703, 
            29.182816923932652, 
            29.217895376560236, 
            29.200149504765463, 
            29.263553414764047, 
            29.21675148289622, 
            29.160027900314695, 
            29.113522357729497, 
            29.19114830971575, 
            29.246316572659257, 
            29.259991409266522, 
            29.156321032087117, 
            29.111115380741367, 
            29.094700923931324, 
            28.125265432192517, 
            28.67076046898483, 
            29.192375418618663, 
            29.15519895507767, 
            29.286075759563662, 
            29.361866804001902, 
            29.101711646272186, 
            29.323088237277737, 
            29.2065798919707, 
            29.211084554989576, 
            29.205368647686292, 
            28.84289792671481, 
            29.240210669869832, 
            29.12754836920682, 
            29.387787728482703, 
            29.296680451731376, 
            29.194949273775634, 
            29.51832586224506, 
            29.3604012744763, 
            29.236158579263027, 
            29.4043444330813, 
            29.227955253169625, 
            29.240090971771032, 
            29.35324814237969, 
            29.20975348720642, 
            29.32007909384536, 
            29.348251636605255, 
            29.37760028484521, 
            29.244263883860498, 
            29.32042296469352, 
            29.20519805797115, 
            29.431379854926845, 
            29.13213052592818, 
            29.199092258619864, 
            28.964954721982778, 
            29.280038977587886, 
            29.51511971037403, 
            29.475344758369964, 
            29.31787851140231, 
            29.525088944330445
        ], 
        "p99_lats": [
            4.72805903, 
            6.18124903, 
            7.57215588, 
            9.017773219999999, 
            10.37344229, 
            11.89672463, 
            13.33210218, 
            14.80705244, 
            16.23081093, 
            17.693178510000003, 
            19.10823197, 
            20.50970244, 
            21.96650072, 
            23.41639084, 
            24.871205680000003, 
            26.32636206, 
            27.778268500000003, 
            29.233302780000002, 
            30.681956810000003, 
            32.135160230000004, 
            33.59216139, 
            35.05027341, 
            36.50544768, 
            37.95680188, 
            39.40731880999999, 
            40.86377494, 
            42.322636790000004, 
            43.78238548, 
            45.301798520000006, 
            46.787575739999994, 
            48.24210455, 
            49.69906181, 
            51.14770334, 
            52.59247358, 
            54.05243306, 
            55.499703960000005, 
            56.95280872, 
            58.40598371, 
            59.85968486, 
            61.334930369999995, 
            62.78638687, 
            64.24480806, 
            65.68790213, 
            67.10671919, 
            68.56084476999999, 
            69.99655435, 
            71.44071281999999, 
            72.89315181, 
            74.33458612, 
            75.78723156999999, 
            77.23798493000001, 
            78.68401634, 
            80.13816223, 
            81.58485622, 
            83.0284264, 
            84.47343140000001, 
            85.92502408, 
            87.37156415999999, 
            88.82586832999999, 
            90.26574785, 
            91.72326050000001, 
            93.17704616, 
            94.64630493, 
            96.09569751000001, 
            97.52977815, 
            98.96856548, 
            100.41590596, 
            101.85081801999999
        ], 
        "mean_lats": [
            4.0209109, 
            5.47880144, 
            6.905011659999999, 
            8.31727736, 
            9.71745488, 
            11.150838080000002, 
            12.641199980000001, 
            14.08933702, 
            15.554069179999999, 
            17.00207036, 
            18.4410361, 
            19.844726639999998, 
            21.26837524, 
            22.72214692, 
            24.170778459999998, 
            25.625791800000002, 
            27.084380179999997, 
            28.533819560000005, 
            29.986439819999998, 
            31.436864540000002, 
            32.89227707999999, 
            34.35140886, 
            35.80632128, 
            37.259800999999996, 
            38.709633540000006, 
            40.16344196000001, 
            41.622863200000005, 
            43.07841745999999, 
            44.57384316, 
            46.075224500000004, 
            47.5451422, 
            48.99981239999999, 
            50.45065861999999, 
            51.89861648, 
            53.35361449999999, 
            54.80414290000001, 
            56.25647226, 
            57.705842360000005, 
            59.162693740000016, 
            60.62654074000001, 
            62.088682500000004, 
            63.543059080000006, 
            64.99422821999998, 
            66.42896622, 
            67.86519426000001, 
            69.30643404, 
            70.74970682, 
            72.19593536000001, 
            73.64267994, 
            75.09059738, 
            76.5384539, 
            77.99144226, 
            79.44026420000002, 
            80.88980376, 
            82.33485654, 
            83.78049346, 
            85.23108964000001, 
            86.67414939999999, 
            88.12913759999999, 
            89.57719372, 
            91.02215243999999, 
            92.47712051999999, 
            93.94403294, 
            95.39997798, 
            96.8420593, 
            98.27676994, 
            99.72167212000001, 
            101.16191228
        ]
    }, 
    "node_configs": [
        {
            "model_image": "model-comp/inception-feats", 
            "name": "inception", 
            "cpus_per_replica": 3, 
            "input_type": "strings", 
            "batch_size": 1, 
            "num_replicas": 1, 
            "slo": 500000, 
            "allocated_cpus": [
                11, 
                12, 
                13, 
                14
            ], 
            "gpus": [
                0
            ]
        }
    ], 
    "clipper_metrics": {
        "histograms": [
            {
                "internal:rpc_request_queueing_delay": {
                    "p99": "0", 
                    "min": "0", 
                    "max": "0", 
                    "p95": "0", 
                    "std_dev": "0", 
                    "size": "0", 
                    "p50": "0", 
                    "unit": "microseconds", 
                    "mean": "0"
                }
            }, 
            {
                "app:inception:prediction_latency": {
                    "p99": "102107178.330000004615", 
                    "min": "3226189", 
                    "max": "103067397", 
                    "p95": "98141233.1499999973166", 
                    "std_dev": "28859273.4346698255686", 
                    "size": "3442", 
                    "p50": "53235915.5", 
                    "unit": "microseconds", 
                    "mean": "53175955.6783846600883"
                }
            }, 
            {
                "model:inception:1:prediction_latency": {
                    "p99": "44811.9500000000057298", 
                    "min": "31558", 
                    "max": "3225835", 
                    "p95": "35518.6999999999998181",