{
    "client_metrics": {
        "thrus": [
            9.917315374794192, 
            29.966389697315492, 
            29.597602830951512, 
            30.42089745297994, 
            30.539815673888516, 
            30.88375724378526, 
            30.788556509316617, 
            29.680583496527074, 
            30.155596848619506, 
            30.235760317499675, 
            29.663397562499295, 
            29.906059087195302, 
            29.901373310273396, 
            29.826920346612674, 
            29.879501944557983, 
            29.947651505168963, 
            29.814310511273685, 
            29.72888446523088, 
            30.08352992920142, 
            29.889629553909238, 
            29.80084097973245, 
            29.755298377205538, 
            29.911139985331577, 
            29.756290033368703, 
            30.038473276572635, 
            29.858857182100213, 
            29.897171667765885, 
            30.090138017445057, 
            29.668466751439365, 
            29.962474996314615, 
            29.942522334127407, 
            29.95782537343927, 
            29.800059480918726, 
            30.286161828654222, 
            29.994648954626495, 
            29.947382449037043, 
            29.818488894401998, 
            29.666741624633836, 
            29.974905009526026, 
            29.7479161584731, 
            29.758415233451792, 
            29.792335504598743, 
            29.97501282930549, 
            29.984414101550016, 
            30.09499183221922, 
            30.21756039130532, 
            29.780730437931595, 
            29.87048754012353, 
            30.131118575593554, 
            29.9659586709498, 
            29.894776366146438, 
            30.13562235484575, 
            29.904789132360392, 
            30.2285033021617, 
            30.161163159225, 
            30.303893504845288, 
            29.922703671874814, 
            30.16458400323847, 
            30.29315289923649, 
            29.98592460698948, 
            30.199911333060324, 
            29.587304442711286, 
            29.484052665594234, 
            29.851441317141116, 
            29.94881747094216, 
            29.678680794510154, 
            30.192288647941005, 
            29.596656761652202, 
            29.94173338682923
        ], 
        "p99_lats": [
            4.7600808, 
            6.1659720799999995, 
            7.58660786, 
            8.98367392, 
            10.36464899, 
            11.72529999, 
            13.09064146, 
            14.51521768, 
            15.91526845, 
            17.310947730000002, 
            18.737398250000002, 
            20.15109733, 
            21.56241617, 
            22.98301347, 
            24.39736999, 
            25.808079059999997, 
            27.224881930000002, 
            28.647746310000002, 
            30.05335315, 
            31.466577289999996, 
            32.884405259999994, 
            34.30630294, 
            35.7183333, 
            37.14048564, 
            38.54647018, 
            39.959282009999995, 
            41.37492904, 
            42.77441527, 
            44.20130709, 
            45.61155371, 
            47.022973140000005, 
            48.43276, 
            49.83008728, 
            51.22252953, 
            52.630180100000004, 
            54.04150182, 
            55.45666372, 
            56.883140600000004, 
            58.29479836, 
            59.71418284, 
            61.13897691, 
            62.55895497, 
            63.96875702, 
            65.37677367, 
            66.77826462, 
            68.1751074, 
            69.59431896, 
            71.01155494, 
            72.41082477, 
            73.81954526999999, 
            75.23319404, 
            76.63435910999999, 
            78.04521636000001, 
            79.44379953, 
            80.84084492, 
            82.23093252999999, 
            83.64463931, 
            85.04228255999999, 
            86.43346524, 
            87.84273045, 
            89.23653250000001, 
            90.66933716, 
            92.10838288, 
            93.52450832, 
            94.93511949, 
            96.36091145, 
            97.75593499, 
            99.18823535000001, 
            100.60132903
        ], 
        "mean_lats": [
            4.062558420000001, 
            5.490259119999999, 
            6.898026259999999, 
            8.3048726, 
            9.70245642, 
            11.06974234, 
            12.432640179999998, 
            13.82573928, 
            15.242178660000002, 
            16.6374468, 
            18.04872632, 
            19.46837172, 
            20.880161160000004, 
            22.298517320000002, 
            23.71578304, 
            25.130035680000002, 
            26.54339688, 
            27.960931579999997, 
            29.37614342, 
            30.783851619999997, 
            32.19376784000001, 
            33.6245633, 
            35.03510852, 
            36.45621122, 
            37.869920500000006, 
            39.276400759999994, 
            40.69147294, 
            42.10296122, 
            43.514872260000004, 
            44.933348020000004, 
            46.341936620000006, 
            47.75180409999998, 
            49.153945220000004, 
            50.552628299999995, 
            51.95326406, 
            53.35983186000001, 
            54.776256999999994, 
            56.194641940000004, 
            57.61524778000001, 
            59.03295322000001, 
            60.45550682000001, 
            61.87499984, 
            63.28903759999999, 
            64.69844602, 
            66.10096184, 
            67.49962876, 
            68.90914294, 
            70.33051332, 
            71.7353446, 
            73.14161602, 
            74.55100135999999, 
            75.95883296000001, 
            77.36400898000001, 
            78.7747141, 
            80.16269434, 
            81.56038063999999, 
            82.96265401999999, 
            84.36415764000002, 
            85.76395096, 
            87.16352296, 
            88.56196203999998, 
            89.97926245999999, 
            91.4175332, 
            92.84634848, 
            94.2568397, 
            95.67838119999999, 
            97.08518016000002, 
            98.50374577999999, 
            99.91938798
        ]
    }, 
    "node_configs": [
        {
            "model_image": "model-comp/inception-feats", 
            "name": "inception", 
            "cpus_per_replica": 5, 
            "input_type": "strings", 
            "batch_size": 2, 
            "num_replicas": 1, 
            "slo": 500000, 
            "allocated_cpus": [
                10, 
                11, 
                12, 
                13, 
                14, 
                15
            ], 
            "gpus": [
                0
            ]
        }
    ], 
    "clipper_metrics": {
        "histograms": [
            {
                "internal:rpc_request_queueing_delay": {
                    "p99": "0", 
                    "min": "0", 
                    "max": "0", 
                    "p95": "0", 
                    "std_dev": "0", 
                    "size": "0", 
                    "p50": "0", 
                    "unit": "microseconds", 
                    "mean": "0"
                }
            }, 
            {
                "app:inception:prediction_latency": {
                    "p99": "100907584.279999998158", 
                    "min": "3261183", 
                    "max": "101859986", 
                    "p95": "96951772.1999999905529", 
                    "std_dev": "28457329.9421525871821", 
                    "size": "3495", 
                    "p50": "52594602", 
                    "unit": "microseconds", 
                    "mean": "52592419.0131616595063"
                }
            }, 
            {
                "model:inception:1:prediction_latency": {
                    "p99": "70422.5499999999999545", 
                    "min": "63679",