{
    "client_metrics": [
        {
            "thrus": [
                42.021460864320936, 
                66.30850349532014, 
                67.48675673629185, 
                67.05006789489875, 
                66.51907414495385, 
                76.02842124854482, 
                68.75346259626001, 
                68.60211527762247, 
                68.66419979084885, 
                68.34921472903706, 
                78.18344212298693, 
                68.33230766539528, 
                68.31750917640782, 
                68.22561282292206, 
                68.20921348228771, 
                77.87670715476672, 
                68.30263312114893, 
                68.43606750478949, 
                68.16698566543725, 
                68.30053382331226, 
                68.52366718383762, 
                78.42540606714626, 
                68.73333130799116, 
                68.48569231159073, 
                68.21921781754989, 
                68.58146105944641, 
                78.2125002346375, 
                68.64037017477074, 
                68.58764190611642, 
                68.24179651715707, 
                68.42166410518763, 
                78.3308633001106
            ], 
            "p99_lats": [
                11.3595298, 
                18.303904189999997, 
                25.1193898, 
                31.98244981, 
                38.00684722, 
                44.90943809, 
                51.57593372, 
                58.28088164, 
                64.96621590999999, 
                71.64649564, 
                77.50883507, 
                84.22740191, 
                90.94988465999998, 
                97.68246363, 
                104.35128601000001, 
                110.23838496, 
                116.96266853, 
                123.67207599999999, 
                130.40788264999998, 
                137.04533834, 
                142.91511348999998, 
                149.587265, 
                156.26479973000002, 
                162.967345, 
                169.69938567, 
                176.28200072, 
                182.14314736, 
                188.83125246, 
                195.52723043, 
                202.25751016, 
                208.9677614, 
                214.8201685
            ], 
            "mean_lats": [
                8.175725176, 
                14.94202558, 
                21.675456975999996, 
                28.374827268, 
                35.061667252, 
                41.83404892, 
                48.445621026, 
                54.967373370000004, 
                61.502237120000004, 
                68.00758117, 
                74.55982276, 
                81.11827902600001, 
                87.680874856, 
                94.254272622, 
                100.77489345800001, 
                107.32004303, 
                113.90595428799999, 
                120.45901610599999, 
                127.02564901, 
                133.553259544, 
                140.063122658, 
                146.609598382, 
                153.12264890199998, 
                159.662541104, 
                166.21379904800003, 
                172.69727244999999, 
                179.193990346, 
                185.739747692, 
                192.270299906, 
                198.83033553799999, 
                205.384930366, 
                211.92361146000002
            ]
        }
    ], 
    "node_configs": [
        {
            "model_image": "model-comp/inception-feats", 
            "name": "inception", 
            "cpus_per_replica": 1, 
            "input_type": "floats", 
            "use_nvidia_docker": true, 
            "batch_size": 64, 
            "num_replicas": 1, 
            "slo": 500000, 
            "allocated_cpus": [
                17
            ], 
            "gpus": [
                0
            ], 
            "input_size": -1
        }
    ], 
    "clipper_metrics": {
        "histograms": [
            {
                "internal:rpc_request_queueing_delay": {
                    "p99": "0", 
                    "min": "0", 
                    "max": "0", 
                    "p95": "0", 
                    "std_dev": "0", 
                    "size": "0", 
                    "p50": "0", 
                    "unit": "microseconds", 
                    "mean": "0"
                }
            }, 
            {
                "app:inception:prediction_latency": {
                    "p99": "218160668.759999996968", 
                    "min": "5071476", 
                    "max": "220528109", 
                    "p95": "209909146.299999717987", 
                    "std_dev": "61779512.3064872654068", 
                    "size": "4096", 
                    "p50": "113585667.5", 
                    "unit": "microseconds", 
                    "mean": "113669437.0869140625"
                }
            }, 
            {
                "model:inception:1:prediction_latency": {
                    "p99": "1640998.50000002956949", 
                    "min": "899480", 
                    "max": "2797663", 
                    "p95": "943858.999999999987722", 
                    "std_dev": "147625.354129055750903", 
                    "size": "258", 
                    "p50": "910080", 
                    "unit": "microseconds", 
                    "mean": "926989.205426356589101"
                }
            }, 
            {
                "model:inception:1:batch_size": {
                    "p99": "64", 
                    "min": "1", 
                    "max": "64", 
                    "p95": "64", 
                    "std_dev": "3.91460012069196911671", 
                    "size": "258", 
                    "p50": "64", 
                    "unit": "queries", 
                    "mean": "63.7558139534883720999"
                }
            }
        ], 
        "meters": [
            {
                "internal:aggregate_model_throughput": {
                    "rate": "60.630905318495913", 
                    "rate_1min": "68.165850972983165", 
                    "rate_15min": "15.969185884825281", 
                    "unit": "events per second", 
                    "rate_5min": "37.775449517423539"
                }
            }, 
            {
                "app:inception:prediction_throughput": {
                    "rate": "0", 
                    "rate_1min": "0", 
                    "rate_15min": "0", 
                    "unit": "events per second", 
                    "rate_5min": "0"
                }
            }, 
            {
                "model:inception:1:prediction_throughput": {
                    "rate": "64.959866736742811", 
                    "rate_1min": "68.209475613589362", 
                    "rate_15min": "15.860424795532651", 
                    "unit": "events per second", 
                    "rate_5min": "37.586999495414538"
                }
            }
        ], 
        "ratio_counters": [
            {
                "app:inception:default_prediction_ratio": {
                    "ratio": "0"
                }
            }, 
            {
                "model:inception:1:cache_hit_ratio": {
                    "ratio": "0"
                }
            }
        ], 
        "counters": [
            {
                "internal:aggregate_num_predictions": {
                    "count": "40000"
                }
            }, 
            {
                "app:inception:num_predictions": {
                    "count": "16449"
                }
            }, 
            {
                "model:inception:1:num_predictions": {
                    "count": "16449"
                }
            }
        ]
    }
}