{
    "client_metrics": {
        "thrus": [
            9.696251351657438, 
            31.37294271928118, 
            31.579691984316263, 
            31.448914383475483, 
            27.105574586680646, 
            31.565098596741976, 
            31.66575152644755, 
            31.69758977866841, 
            26.569923802772518, 
            31.42869175556272, 
            31.783485809309255, 
            30.848677979905172, 
            27.05529615538831, 
            31.462648173341574, 
            31.381015740717494, 
            31.50298868853688, 
            26.973299131190036, 
            31.537125819886427, 
            31.473877625786926, 
            31.102805970743457, 
            27.05346630653092, 
            31.315351223584717, 
            30.55117994767194, 
            32.49443532795009, 
            26.751873166159097, 
            31.290893286163353, 
            31.456789067130046, 
            31.361627793929014, 
            26.892332780785534, 
            31.44802427787474, 
            31.55535724766601, 
            31.400920674994193, 
            27.03250658917348, 
            31.453088661853506, 
            31.45380097167082, 
            31.341595813765732, 
            26.946536992744914, 
            31.559181354835655, 
            31.632356104412082, 
            31.278815608879682, 
            27.42803979479438, 
            32.1356794093205, 
            31.380011309356075, 
            31.701126848254948, 
            26.8419193475481, 
            31.69110050515614, 
            31.467103346148836, 
            30.84551885555722, 
            26.360074398673984, 
            30.630591997451535, 
            30.90909203305789, 
            30.39598675707649, 
            26.225738569249586, 
            30.51659095500451, 
            30.998351507666822, 
            31.254512370223452, 
            26.91293074818486, 
            31.490707092337054, 
            31.66292410903698, 
            30.974213347903603, 
            27.116379160737218, 
            31.779627352089673, 
            31.569403439297087, 
            31.487058189343013, 
            26.996018087332118, 
            31.70345853029107, 
            31.590406372669495, 
            31.455304842795822, 
            27.230015755287116, 
            31.472887051991318
        ], 
        "p99_lats": [
            4.793183169999999, 
            6.2434115199999995, 
            7.5778250499999995, 
            8.91781601, 
            10.363704639999998, 
            11.80633594, 
            13.136101270000001, 
            14.46427018, 
            15.94730384, 
            17.39594601, 
            18.71942318, 
            20.090895860000003, 
            21.542706449999997, 
            22.98656673, 
            24.33047368, 
            25.667586630000002, 
            27.122737989999997, 
            28.567250989999998, 
            29.90708223, 
            31.2668057, 
            32.721084409999996, 
            34.17502286, 
            35.56346077, 
            36.852408530000005, 
            38.318228160000004, 
            39.77956795, 
            41.11933725, 
            42.46582485, 
            43.929005489999994, 
            45.37758321, 
            46.71232906, 
            48.05703509, 
            49.512785169999994, 
            50.95961323, 
            52.30088386, 
            53.64672566, 
            55.10673108, 
            56.549576630000004, 
            57.88042004, 
            59.2298646, 
            60.62282675, 
            62.04539964999999, 
            63.39137542, 
            64.72055804, 
            66.18511176999999, 
            67.62436908, 
            68.96360612, 
            70.33592423, 
            71.83549614, 
            73.32875646, 
            74.69744861, 
            76.09235788000001, 
            77.59975814, 
            79.0991781, 
            80.46286616, 
            81.81300486, 
            83.27506058999998, 
            84.71905448000001, 
            86.04955291, 
            87.41406982000001, 
            88.86123219, 
            90.29446304, 
            91.62892901000001, 
            92.96817390000001, 
            94.42363463999999, 
            95.85835979999999, 
            97.19276752, 
            98.53302936, 
            99.97460206, 
            101.42181564
        ], 
        "mean_lats": [
            4.11996944, 
            5.5023469, 
            6.89421554, 
            8.286889279999999, 
            9.677454820000001, 
            11.072684099999998, 
            12.456459460000001, 
            13.838955519999999, 
            15.244001700000002, 
            16.65874792, 
            18.0427432, 
            19.448151680000002, 
            20.85576286, 
            22.25131818, 
            23.645807340000005, 
            25.03610356, 
            26.42873274, 
            27.83246526, 
            29.219746740000005, 
            30.625544019999992, 
            32.0331252, 
            33.42893496, 
            34.83481572000001, 
            36.224976240000004, 
            37.62175582, 
            39.033594640000004, 
            40.43265692000001, 
            41.83072067999999, 
            43.23681938000001, 
            44.642217, 
            46.02941930000001, 
            47.41982506, 
            48.82094046, 
            50.220131439999996, 
            51.614501119999986, 
            53.008514399999996, 
            54.41711452, 
            55.813191800000006, 
            57.19920098000001, 
            58.590257300000005, 
            59.96653076, 
            61.321001059999986, 
            62.70075488, 
            64.09131928, 
            65.49352658, 
            66.89207962, 
            68.27798158, 
            69.67474384, 
            71.12670996, 
            72.5657953, 
            73.99971316, 
            75.4354649, 
            76.89326996, 
            78.33720004, 
            79.77103942, 
            81.17734958, 
            82.59406043999999, 
            83.98321310000001, 
            85.36772634, 
            86.7721743, 
            88.17536845999999, 
            89.56450838, 
            90.94701348000001, 
            92.33371314000001, 
            93.73568167999998, 
            95.12575364, 
            96.5103268, 
            97.90107352, 
            99.29255254, 
            100.68582933999998
        ]
    }, 
    "node_configs": [
        {
            "model_image": "model-comp/inception-feats", 
            "name": "inception", 
            "cpus_per_replica": 3, 
            "input_type": "strings", 
            "batch_size": 8, 
            "num_replicas": 1, 
            "slo": 500000, 
            "allocated_cpus": [
                11, 
                12, 
                13, 
                14
            ], 
            "gpus": [
                0
            ]
        }
    ], 
    "clipper_metrics": {
        "histograms": [
            {
                "internal:rpc_request_queueing_delay": {
                    "p99": "0", 
                    "min": "0", 
                    "max": "0", 
                    "p95": "0", 
                    "std_dev": "0", 
                    "size": "0", 
                    "p50": "0", 
                    "unit": "microseconds", 
                    "mean": "0"
                }
            }, 
            {
                "app:inception:prediction_latency": {
                    "p99": "100743402.920000000573", 
                    "min": "3270669", 
                    "max": "101642281", 
                    "p95": "96939108.6999999987529", 
                    "std_dev": "28411020.3748320960749", 
                    "size": "3513", 
                    "p50": "52501348", 
                    "unit": "microseconds",