{
    "client_metrics": {
        "thrus": [
            9.633341534518093, 
            31.7516563251522, 
            31.991482587675858, 
            32.06564992903871, 
            27.75235353834182, 
            31.378810015112034, 
            31.37731344932062, 
            31.357851410193934, 
            27.078564121227483, 
            31.68248573179255, 
            31.7932472414589, 
            32.17091247645893, 
            27.287065385266075, 
            31.81724176331154, 
            31.71596702300613, 
            31.526626442894877, 
            27.556468715692194, 
            31.7832635690698, 
            31.731868251821567, 
            31.68375054496051, 
            27.054168939216858, 
            31.702895679085536, 
            31.52288971590941, 
            31.816695110792097, 
            27.267363038762195, 
            31.625373416596613, 
            32.137331817308265, 
            31.583402290428335, 
            27.32241930186847, 
            31.565118523863543, 
            31.921080873335235, 
            32.535667225195624, 
            27.990630975999714, 
            32.63624489977083, 
            32.64775230019739, 
            32.26780731214328, 
            27.548452217760598, 
            31.617234174941952, 
            31.27897214795204, 
            30.83769995164649, 
            26.9070506697434, 
            31.28408009475322, 
            32.036906516306786, 
            31.832839393775405, 
            27.274219916399062, 
            31.47835579733731, 
            31.884115270004255, 
            31.89621736379039, 
            27.280321122115993, 
            31.36353600032116, 
            31.455898515721973, 
            31.516352574696906, 
            27.471229381468785, 
            31.924627232090124, 
            31.977671910365306, 
            32.815095468957246, 
            28.104002796910358, 
            31.45473098026782, 
            32.138571234821754, 
            31.87909407265628, 
            27.490547375285008, 
            31.92935693636543, 
            31.58114807579223, 
            32.130661261861036, 
            27.030942860911743, 
            31.215195057510872, 
            31.991155085441978, 
            31.903544100907084, 
            27.92718823483414, 
            32.165759163381466, 
            31.527322207971874
        ], 
        "p99_lats": [
            4.828509969999999, 
            6.26047988, 
            7.57555629, 
            8.88701476, 
            10.29730473, 
            11.74525848, 
            13.09007944, 
            14.43702341, 
            15.888144220000001, 
            17.32403338, 
            18.64860347, 
            19.954830450000003, 
            21.39401024, 
            22.822504340000002, 
            24.15091278, 
            25.48914383, 
            26.910485350000002, 
            28.33940113, 
            29.66709368, 
            30.99560142, 
            32.44898842, 
            33.884991209999995, 
            35.22260024, 
            36.54659804, 
            37.98669207, 
            39.42344022, 
            40.73114905, 
            42.06645037, 
            43.50337705, 
            44.943307110000006, 
            46.23804372, 
            47.52696505, 
            48.92358951, 
            50.309302200000005, 
            51.59294193, 
            52.89297748999999, 
            54.316169900000006, 
            55.75348359, 
            57.102466469999996, 
            58.475799210000005, 
            59.9362867, 
            61.39363085, 
            62.70527755, 
            64.02908251, 
            65.46964606, 
            66.91233506, 
            68.23124439, 
            69.55029348, 
            70.98526205, 
            72.43535892, 
            73.78140904, 
            75.11776531, 
            76.54256307, 
            77.9631808, 
            79.27821371, 
            80.55380517, 
            81.94321496, 
            83.38290873, 
            84.69002917, 
            86.01009008, 
            87.43486559, 
            88.85778054, 
            90.19231887999999, 
            91.50022363, 
            92.95384294, 
            94.41183297, 
            95.71594653, 
            97.04470255000001, 
            98.44075512, 
            99.85045423, 
            101.18586047
        ], 
        "mean_lats": [
            4.1385873, 
            5.53170258, 
            6.902147579999999, 
            8.27010842, 
            9.630592779999999, 
            11.003575939999998, 
            12.4008572, 
            13.802704960000002, 
            15.198971800000002, 
            16.59619856, 
            17.97633592, 
            19.34069462, 
            20.72108322, 
            22.09085756, 
            23.47326225999999, 
            24.8637414, 
            26.23642182, 
            27.60829488, 
            28.988165520000003, 
            30.372625199999998, 
            31.76192178, 
            33.160125560000004, 
            34.54027814, 
            35.920104220000006, 
            37.30843726, 
            38.68742532, 
            40.061408539999995, 
            41.43669223999999, 
            42.818031680000004, 
            44.20642615999999, 
            45.58049020000001, 
            46.92061078, 
            48.26272426, 
            49.60100174000001, 
            50.934974579999995, 
            52.27611453999999, 
            53.64037112, 
            55.0118442, 
            56.41197324000001, 
            57.82873343999999, 
            59.24514186, 
            60.65099393999999, 
            62.0379324, 
            63.40483464, 
            64.7858165, 
            66.17363128, 
            67.5576975, 
            68.92464820000001, 
            70.30660074000001, 
            71.69739402, 
            73.10253782, 
            74.48930530000001, 
            75.86404326, 
            77.23468556, 
            78.60919386, 
            79.95330782, 
            81.28573636, 
            82.64540161999999, 
            84.01827788, 
            85.38947168, 
            86.76001147999999, 
            88.13436648000001, 
            89.50706888, 
            90.88546781999999, 
            92.26236494000001, 
            93.66927869999999, 
            95.05402285999999, 
            96.42514188, 
            97.77973229999999, 
            99.12775286000002, 
            100.50260209999999
        ]
    }, 
    "node_configs": [
        {
            "model_image": "model-comp/inception-feats", 
            "name": "inception", 
            "cpus_per_replica": 5, 
            "input_type": "strings", 
            "batch_size": 8, 
            "num_replicas": 1, 
            "slo": 500000, 
            "allocated_cpus": [
                10, 
                11, 
                12, 
                13, 
                14, 
                15
            ], 
            "gpus": [
                0
            ]
        }
    ], 
    "clipper_metrics": {
        "histograms": [
            {
                "internal:rpc_request_queueing_delay": {
                    "p99": "0", 
                    "min": "0", 
                    "max": "0", 
                    "p95": "0", 
                    "std_dev": "0", 
                    "size": "0", 
                    "p50": "0", 
                    "unit": "microseconds", 
                    "mean": "0"
                }
            }, 
            {
                "app:inception:prediction_latency": {
                    "p99": "100504504.200000000492", 
                    "min": "3256279", 
                    "max": "101410994", 
                    "p95": "96604935.8999999979496", 
                    "std_dev": "28304106.7010992938249", 
                    "size": "3561", 
                    "p50": "52435980", 
                    "unit": "microseconds",