{
    "client_metrics": {
        "thrus": [
            9.906845927741447, 
            27.94651261058435, 
            28.388847725059687, 
            27.89983957592244, 
            28.454521138863754, 
            28.916075140156217, 
            28.211068443437373, 
            28.810390179114197, 
            28.63380117146607, 
            27.43832002849195, 
            26.69284701101507, 
            27.715003295313892, 
            28.608767099460096, 
            28.08121086181236, 
            28.8851042983346, 
            28.15448478419024, 
            28.92042371891199, 
            28.081747089046097, 
            28.190995119574925, 
            27.30590146064728, 
            28.976839391810913, 
            28.36567209056138, 
            28.03388287219465, 
            28.257495865928355, 
            28.35870586747296, 
            26.848736901172487, 
            27.5133136924958, 
            28.65457596385397, 
            27.216897992155, 
            28.19876974407361, 
            28.891880803656555, 
            27.48031859582167, 
            28.278143822639482, 
            27.928186578160382, 
            28.835362766164817, 
            28.511050312880265, 
            27.704591481946302, 
            27.64590680233066, 
            28.633096079499218, 
            28.80020091020155, 
            29.390793510277664, 
            29.04038937354072, 
            27.782871304183544, 
            29.260573600876413, 
            27.99823275154872, 
            28.733964292877253, 
            28.123382905482938, 
            27.84866810959899, 
            27.923398299911817, 
            28.018079506343852, 
            28.43351788582009, 
            28.175966801948874, 
            28.6382292868279, 
            28.472166464229563, 
            27.887157406271264, 
            28.147273289194658, 
            27.369366016005607, 
            27.33202285394423, 
            28.90674683471122, 
            28.203493848817992, 
            28.808165847458458, 
            28.20810813860336, 
            28.86157813954804, 
            28.76512470256861, 
            28.07436787753287, 
            28.548002895909413
        ], 
        "p99_lats": [
            4.77798948, 
            6.3085742499999995, 
            7.81172057, 
            9.34622443, 
            10.84863691, 
            12.315785739999999, 
            13.829982309999998, 
            15.30712761, 
            16.79529029, 
            18.3460756, 
            19.96794744, 
            21.52108209, 
            23.01007671, 
            24.532853779999996, 
            26.00417532, 
            27.51881398, 
            28.99268469, 
            30.51516246, 
            32.03093091, 
            33.5974643, 
            35.069645359999996, 
            36.57429693, 
            38.09925258, 
            39.60988911, 
            41.114201969999996, 
            42.71643236, 
            44.27615051, 
            45.7612166, 
            47.33985253, 
            48.85323531, 
            50.32457748, 
            51.88578153, 
            53.394945899999996, 
            54.92737574, 
            56.40300925, 
            57.89860926, 
            59.444420320000006, 
            60.993678689999996, 
            62.48202931, 
            63.96109113999999, 
            65.40177758, 
            66.86486377, 
            68.40640239999999, 
            69.85663285999999, 
            71.38391184999999, 
            72.86617827, 
            74.35756323, 
            75.88867682, 
            77.4262942, 
            78.95302412999999, 
            80.45329689, 
            81.96874981, 
            83.45532926000001, 
            84.95220739999999, 
            86.48753651000001, 
            88.00554979, 
            89.57377819, 
            91.14334066999999, 
            92.61413328, 
            94.12685262, 
            95.60635295, 
            97.12078897, 
            98.59419387, 
            100.07400224, 
            101.59794808000001, 
            103.08797332
        ], 
        "mean_lats": [
            4.0595194, 
            5.5805928, 
            7.096549020000001, 
            8.62193392, 
            10.12464724, 
            11.61809184, 
            13.102869479999999, 
            14.59649428, 
            16.082052660000002, 
            17.59247404, 
            19.19737302, 
            20.792026699999997, 
            22.300339719999997, 
            23.81164002, 
            25.29795442, 
            26.782060880000003, 
            28.28779798, 
            29.776474320000002, 
            31.309291320000003, 
            32.8656809, 
            34.36781448, 
            35.85075508, 
            37.38407464, 
            38.89025956, 
            40.40224248, 
            41.950898020000004, 
            43.51792454, 
            45.04731778, 
            46.59090414, 
            48.13750304, 
            49.626672799999994, 
            51.12878489999999, 
            52.66668718, 
            54.187397900000015, 
            55.68665797999999, 
            57.179616239999994, 
            58.69589038, 
            60.254713439999996, 
            61.77589502, 
            63.24646920000001, 
            64.71004750000002, 
            66.17069622, 
            67.66299101999999, 
            69.16115685999999, 
            70.63490972000001, 
            72.15207514000001, 
            73.63977492, 
            75.12775920000001, 
            76.69468979999999, 
            78.2125456, 
            79.73415788, 
            81.24053482000001, 
            82.74274825999998, 
            84.23092591999999, 
            85.74308140000001, 
            87.26868840000002, 
            88.81888858, 
            90.38164716, 
            91.89601416, 
            93.39355280000001, 
            94.88685366000001, 
            96.39213888, 
            97.87955964000001, 
            99.36346114, 
            100.86811637999998, 
            102.36549584000001
        ]
    }, 
    "node_configs": [
        {
            "model_image": "model-comp/inception-feats", 
            "name": "inception", 
            "cpus_per_replica": 2, 
            "input_type": "strings", 
            "batch_size": 1, 
            "num_replicas": 1, 
            "slo": 500000, 
            "allocated_cpus": [
                11, 
                12, 
                13, 
                14
            ], 
            "gpus": [
                0
            ]
        }
    ], 
    "clipper_metrics": {
        "histograms": [
            {
                "internal:rpc_request_queueing_delay": {
                    "p99": "0", 
                    "min": "0", 
                    "max": "0", 
                    "p95": "0", 
                    "std_dev": "0", 
                    "size": "0", 
                    "p50": "0", 
                    "unit": "microseconds", 
                    "mean": "0"
                }
            }, 
            {
                "app:inception:prediction_latency": {
                    "p99": "102754146.879999992707", 
                    "min": "3235234", 
                    "max": "103744464", 
                    "p95": "98782708.8999999895168", 
                    "std_dev": "29012671.5006982365303", 
                    "size": "3321", 
                    "p50": "53723242", 
                    "unit": "microseconds", 
                    "mean": "53601120.3471845829445"
                }
            }, 
            {
                "model:inception:1:prediction_latency": {
                    "p99": "52858.2599999999956708", 
                    "min": "32189", 
                    "max": "3234873", 
                    "p95": "45829.0999999999894499", 
                    "std_dev": "55663.6196600826232554", 
                    "size": "3321", 
                    "p50": "34252", 
                    "unit": "microseconds",