{
    "client_metrics": {
        "thrus": [
            9.767036642014666, 
            28.348399562754285, 
            27.867511163724973, 
            27.588474859450514, 
            28.136803389021697, 
            28.263166254683913, 
            28.214554760218608, 
            27.89689753023187, 
            28.824607452083413, 
            27.689463771382496, 
            27.687577802093625, 
            27.511315404025677, 
            26.980853307259036, 
            29.074838634645577, 
            28.299670874827726, 
            28.716900182926654, 
            28.332207600284683, 
            27.84041871989755, 
            28.42031370342266, 
            28.08742604580722, 
            28.391684870468616, 
            28.61826440528957, 
            28.044323492393257, 
            26.72232035252085, 
            27.739928186873907, 
            28.959770823957605, 
            28.413853458392172, 
            27.805351417933895, 
            28.088088740384045, 
            28.05349689644164, 
            27.75087484632953, 
            28.33076278878963, 
            27.65011107049617, 
            28.164666412058082, 
            28.102107320823773, 
            28.998417846322305, 
            28.42978326839023, 
            28.35373668224988, 
            29.06846612099342, 
            28.36448131574887, 
            27.355230648362735, 
            28.5137981120444, 
            28.85906272690438, 
            27.984004343117476, 
            27.643201458676455, 
            28.25056670636813, 
            27.923912922069942, 
            27.534859131660685, 
            29.163310455688393, 
            28.435959659610187, 
            28.546161140795945, 
            27.975048494746567, 
            28.39979643025919, 
            27.703271368502822, 
            27.99088169038054, 
            28.709595550701717, 
            27.73740444464169, 
            27.49992162522337, 
            27.813549092304825, 
            28.49577635602851, 
            28.187816549179846, 
            28.34004425581311, 
            28.254461944630293, 
            27.86258840102735, 
            28.20069418828814, 
            28.089145960752724
        ], 
        "p99_lats": [
            4.85117951, 
            6.357059249999999, 
            7.88957214, 
            9.446016610000001, 
            10.96554913, 
            12.47539769, 
            13.9911131, 
            15.5237664, 
            16.9997583, 
            18.54718844, 
            20.09522764, 
            21.653420759999996, 
            23.21864738, 
            24.709437530000002, 
            26.21731955, 
            27.70019283, 
            29.20574641, 
            30.74273586, 
            32.24325725, 
            33.762093590000006, 
            35.26731945, 
            36.75070210999999, 
            38.26912781, 
            39.885719980000005, 
            41.435488219999996, 
            42.90285288, 
            44.40431267, 
            45.94331502, 
            47.464243, 
            48.988566070000005, 
            50.530476179999994, 
            52.03815114, 
            53.58638758, 
            55.103800220000004, 
            56.623605819999995, 
            58.089606520000004, 
            59.58929089, 
            61.093240359999996, 
            62.55479286, 
            64.06007728, 
            65.62717204, 
            67.12389834, 
            68.59869906, 
            70.09795868, 
            71.64820438, 
            73.15991726, 
            74.69160385, 
            76.24791501, 
            77.70527388, 
            79.20294618000001, 
            80.69864326, 
            82.22139301000001, 
            83.72958809, 
            85.27668124, 
            86.80055657, 
            88.28512123000002, 
            89.8292439, 
            91.38889687, 
            92.92884769, 
            94.42362360999999, 
            95.93886034, 
            97.44536293, 
            98.94996813, 
            100.48592029, 
            102.00598979, 
            103.52529501999999
        ], 
        "mean_lats": [
            4.11472388, 
            5.6287451, 
            7.1505304999999995, 
            8.692014879999999, 
            10.242660660000002, 
            11.75275178, 
            13.26688244, 
            14.77559596, 
            16.28704106, 
            17.8035951, 
            19.36337638, 
            20.887460419999996, 
            22.44943782, 
            23.975882580000007, 
            25.4925569, 
            26.99000196, 
            28.47698888, 
            30.00639206, 
            31.5338505, 
            33.03185908, 
            34.53533524, 
            36.0307939, 
            37.53663638, 
            39.104609960000005, 
            40.69136378, 
            42.19799126, 
            43.685117399999996, 
            45.198942939999995, 
            46.73005883999999, 
            48.25758887999999, 
            49.777456660000006, 
            51.31152092, 
            52.84362907999999, 
            54.38172468, 
            55.887762599999995, 
            57.3866082, 
            58.8737, 
            60.37846853999999, 
            61.853875200000004, 
            63.34205682000001, 
            64.87565932, 
            66.41184505999999, 
            67.89048802, 
            69.36798313999999, 
            70.90331716, 
            72.42995253999999, 
            73.95653081999998, 
            75.49888676, 
            77.0043738, 
            78.48179818, 
            79.9804265, 
            81.4782199, 
            83.00326422, 
            84.5293361, 
            86.07505556000002, 
            87.57126388, 
            89.07739828, 
            90.64235221999999, 
            92.19287068, 
            93.70915667999998, 
            95.21340319999999, 
            96.71535854000001, 
            98.22683124000001, 
            99.74300756000001, 
            101.26854676, 
            102.78959267999998
        ]
    }, 
    "node_configs": [
        {
            "model_image": "model-comp/inception-feats", 
            "name": "inception", 
            "cpus_per_replica": 2, 
            "input_type": "strings", 
            "batch_size": 1, 
            "num_replicas": 1, 
            "slo": 500000, 
            "allocated_cpus": [
                10, 
                11, 
                12, 
                13, 
                14, 
                15
            ], 
            "gpus": [
                0
            ]
        }
    ], 
    "clipper_metrics": {
        "histograms": [
            {
                "internal:rpc_request_queueing_delay": {
                    "p99": "0", 
                    "min": "0", 
                    "max": "0", 
                    "p95": "0", 
                    "std_dev": "0", 
                    "size": "0", 
                    "p50": "0", 
                    "unit": "microseconds", 
                    "mean": "0"
                }
            }, 
            {
                "app:inception:prediction_latency": {
                    "p99": "102807954.109999992099", 
                    "min": "3297823", 
                    "max": "103798617", 
                    "p95": "98763241.7499999924694", 
                    "std_dev": "28967688.4661650592188", 
                    "size": "3308", 
                    "p50": "53752692", 
                    "unit": "microseconds", 
                    "mean": "53619091.6206166867414"
                }
            }, 
            {
                "model:inception:1:prediction_latency": {
                    "p99": "54006.3299999999908323", 
                    "min": "32820", 
                    "max": "3297432", 
                    "p95": "45907.8999999999950887", 
                    "std_dev": "56851.4045437036006589", 
                    "size": "3308", 
                    "p50": "34432", 
                    "unit": "microseconds",