{
    "client_metrics": {
        "thrus": [
            9.870288615135337, 
            31.249121118468544, 
            28.92196276008075, 
            31.001465129242007, 
            29.07531203624877, 
            31.58735292928476, 
            29.070037860817312, 
            31.326377624445602, 
            29.028503087181303, 
            31.365621522336717, 
            29.088945851509077, 
            31.408850260190913, 
            29.244674398568648, 
            31.5035841627702, 
            28.762212435400073, 
            31.177628928848907, 
            29.109369723926736, 
            31.515081226970356, 
            29.037151292850123, 
            31.12185575891268, 
            28.963058777052222, 
            31.626913744550684, 
            28.993423711633728, 
            31.590286618670493, 
            29.09202622471612, 
            31.35081245630481, 
            28.83933777959017, 
            31.441083183044956, 
            29.67831085300214, 
            32.808614229752166, 
            30.139854954962015, 
            31.48983445164232, 
            26.72143491967804, 
            27.23480651848753, 
            24.85490946599227, 
            26.932182072323684, 
            26.561158661487596, 
            31.32559257057186, 
            29.154382953315668, 
            31.578854293903134, 
            29.130569036535558, 
            31.513194259304427, 
            29.159364675762443, 
            31.47657230200134, 
            29.152377143137006, 
            31.1818481730867, 
            28.935051226614693, 
            31.42404995669766, 
            29.045011635431663, 
            31.477246043152785, 
            29.032413528407925, 
            31.14694255382503, 
            28.977309607484955, 
            31.440865705372676, 
            29.147737640047595, 
            31.518875709095905, 
            29.080638866739136, 
            31.38574333994526, 
            29.081027886379264, 
            31.444325934273813, 
            28.847723828046796, 
            31.41092208018203, 
            29.26096744951459, 
            31.475740073338475, 
            28.91102574006444, 
            31.49745185614484, 
            28.71784032651036, 
            28.347676312624976, 
            27.701859293392054, 
            28.599210661785737
        ], 
        "p99_lats": [
            4.7556427800000005, 
            6.16084254, 
            7.567542939999999, 
            8.98657391, 
            10.3854361, 
            11.771782089999999, 
            13.17120217, 
            14.5715057, 
            15.97361183, 
            17.370193460000003, 
            18.76779744, 
            20.164437470000003, 
            21.55490887, 
            22.94476737, 
            24.36029779, 
            25.769098210000003, 
            27.167605209999998, 
            28.55716584, 
            29.958668359999997, 
            31.36741077, 
            32.77260507, 
            34.158235250000004, 
            35.55800164, 
            36.947490689999995, 
            38.345179449999996, 
            39.74253584, 
            41.15493568, 
            42.54735804, 
            43.91378023, 
            45.237983740000004, 
            46.579062570000005, 
            47.96643177999999, 
            49.50254209, 
            51.15690505, 
            52.83539978, 
            54.50515584, 
            56.06676766, 
            57.46773648999999, 
            58.86207407, 
            60.249086250000005, 
            61.64388413, 
            63.0084846, 
            64.40182962, 
            65.79542021, 
            67.18998102, 
            68.59717265, 
            70.00467314, 
            71.39827475999999, 
            72.79878467, 
            74.19228344999999, 
            75.59381693, 
            77.00368437, 
            78.40770245, 
            79.80167051000001, 
            81.19566985, 
            82.58693110000002, 
            83.98666650999999, 
            85.38049158999999, 
            86.77665637000001, 
            88.17189995999999, 
            89.58068057, 
            90.97512614000001, 
            92.36901481999999, 
            93.75989152, 
            95.16734016000001, 
            96.55942543, 
            97.97647103, 
            99.54597399000001, 
            101.0296374, 
            102.58106732000002
        ], 
        "mean_lats": [
            4.066764060000001, 
            5.47673588, 
            6.884761840000001, 
            8.29399994, 
            9.708870860000001, 
            11.09796078, 
            12.491181439999998, 
            13.89253592, 
            15.29459024, 
            16.693347099999997, 
            18.09165678, 
            19.4874223, 
            20.88145802, 
            22.271252759999996, 
            23.67528396, 
            25.082276099999994, 
            26.48885216, 
            27.884071300000006, 
            29.280580599999997, 
            30.68225484, 
            32.09158815999999, 
            33.48769176, 
            34.87416226, 
            36.280498300000005, 
            37.66804096, 
            39.065448780000004, 
            40.47061076, 
            41.8728949, 
            43.26190052000001, 
            44.59303148, 
            45.935560080000016, 
            47.29257688, 
            48.74543332000001, 
            50.34353534000001, 
            52.021782140000006, 
            53.711603499999995, 
            55.334885240000006, 
            56.79159947999999, 
            58.184533959999996, 
            59.57605248, 
            60.96901342, 
            62.348786819999994, 
            63.72463649999999, 
            65.12226276, 
            66.51418319999999, 
            67.9159877, 
            69.32178954, 
            70.72072104, 
            72.11706984, 
            73.52006416, 
            74.91509142, 
            76.32477402, 
            77.7278029, 
            79.12489360000001, 
            80.51967624000001, 
            81.91357752, 
            83.30845122000001, 
            84.70334354, 
            86.09808862000001, 
            87.49524430000001, 
            88.89820994, 
            90.30354964000001, 
            91.6955032, 
            93.08673882, 
            94.48412300000001, 
            95.88509909999998, 
            97.28093829999997, 
            98.79894053999999, 
            100.29690734, 
            101.82357768
        ]
    }, 
    "node_configs": [
        {
            "model_image": "model-comp/inception-feats", 
            "name": "inception", 
            "cpus_per_replica": 3, 
            "input_type": "strings", 
            "batch_size": 4, 
            "num_replicas": 1, 
            "slo": 500000, 
            "allocated_cpus": [
                11, 
                12, 
                13, 
                14
            ], 
            "gpus": [
                0
            ]
        }
    ], 
    "clipper_metrics": {
        "histograms": [
            {
                "internal:rpc_request_queueing_delay": {
                    "p99": "0", 
                    "min": "0", 
                    "max": "0", 
                    "p95": "0", 
                    "std_dev": "0", 
                    "size": "0", 
                    "p50": "0", 
                    "unit": "microseconds", 
                    "mean": "0"
                }
            }, 
            {
                "app:inception:prediction_latency": {
                    "p99": "101815945.300000000512", 
                    "min": "3242542", 
                    "max": "102811645", 
                    "p95": "97553024", 
                    "std_dev": "28737190.3356270949535", 
                    "size": "3509", 
                    "p50": "53030168", 
                    "unit": "microseconds",