{
    "client_metrics": {
        "thrus": [
            9.942306782204225, 
            29.246111290812216, 
            29.388875957783466, 
            29.328231003224932, 
            29.32616680019848, 
            29.320216641216717, 
            29.377583023987384, 
            29.329934189493667, 
            29.316348613600557, 
            29.53133185716049, 
            29.314767314034444, 
            29.400903666175083, 
            29.31607359272586, 
            29.38250318947072, 
            29.44729199758061, 
            29.40109383829516, 
            29.21369584803269, 
            29.436508688774268, 
            29.420331214088808, 
            29.314131404698, 
            29.349336939779857, 
            29.46407209976299, 
            29.307378718740015, 
            29.367161170504563, 
            29.514562189838845, 
            29.203526384217948, 
            29.37632303614874, 
            29.411038080235663, 
            29.260642095530145, 
            29.3186693076924, 
            29.24857486318979, 
            29.314921998855546, 
            29.44018314149129, 
            29.386509593813788, 
            29.41659248782594, 
            29.464540898255994, 
            29.44614741330318, 
            29.49398352230129, 
            29.240706572433616, 
            29.48234891770297, 
            29.150932450876304, 
            29.319322606370502, 
            29.283365759780352, 
            29.426685766547507, 
            29.224914356388478, 
            29.22172038787743, 
            29.383539223792674, 
            29.526867382437302, 
            29.355471272735812, 
            29.54637451211549, 
            29.570820933302425, 
            29.38138090139726, 
            29.541294594061252, 
            29.30827202531297, 
            29.39146730434394, 
            29.371077125511423, 
            29.38018964324811, 
            29.48417436940722, 
            29.427014823564445, 
            29.392849542706045, 
            28.71220038818895, 
            28.88128348423804, 
            28.571477551104373, 
            28.96450168602364, 
            29.29759027320003, 
            29.106810935545298, 
            29.46992446858359, 
            29.4228415403446
        ], 
        "p99_lats": [
            4.759848659999999, 
            6.211211389999999, 
            7.65393457, 
            9.09731183, 
            10.54132362, 
            11.98533939, 
            13.42578495, 
            14.86987216, 
            16.312612360000003, 
            17.74514346, 
            19.18948872, 
            20.62958544, 
            22.07341481, 
            23.51552415, 
            24.95350988, 
            26.395381479999998, 
            27.847754879999997, 
            29.28846942, 
            30.72737853, 
            32.17588758, 
            33.61980332, 
            35.05798385, 
            36.504432969999996, 
            37.94596452, 
            39.38210762, 
            40.835857690000005, 
            42.27947504000001, 
            43.72029407, 
            45.16784262, 
            46.613786579999996, 
            48.06489997, 
            49.51128724, 
            50.94931953, 
            52.39364097000001, 
            53.8335605, 
            55.2718579, 
            56.711924780000004, 
            58.147394520000006, 
            59.598653309999996, 
            61.000751640000004, 
            62.45729786, 
            63.904280650000004, 
            65.35372676, 
            66.79393019, 
            68.24604812000001, 
            69.69669984000001, 
            71.13986487, 
            72.57501886, 
            74.01916922, 
            75.45222684, 
            76.88409580000001, 
            78.3264544, 
            79.76089152, 
            81.20732932, 
            82.64908069, 
            84.09221527, 
            85.53531731, 
            86.97246558, 
            88.41162596, 
            89.85440741, 
            91.33477375999999, 
            92.80692238, 
            94.29865618, 
            95.76645730999999, 
            97.21470617, 
            98.67282503999999, 
            100.11045697, 
            101.55000776
        ], 
        "mean_lats": [
            4.05066848, 
            5.516832140000002, 
            6.96111728, 
            8.40276776, 
            9.849317939999999, 
            11.2926385, 
            12.736099959999999, 
            14.1760771, 
            15.616400520000003, 
            17.05832362, 
            18.497140140000003, 
            19.94035616, 
            21.38273546, 
            22.821692900000002, 
            24.263432899999998, 
            25.701778000000004, 
            27.153106699999995, 
            28.59736728, 
            30.03790876, 
            31.480251319999997, 
            32.92427198, 
            34.367885120000004, 
            35.809959840000005, 
            37.25588294, 
            38.6924001, 
            40.134839359999994, 
            41.58529426, 
            43.0279825, 
            44.47370154, 
            45.91908944, 
            47.36656849999999, 
            48.81586698000001, 
            50.258121839999994, 
            51.698604180000004, 
            53.14265888, 
            54.58460962, 
            56.021849759999995, 
            57.45659215999999, 
            58.90202327999999, 
            60.34178314, 
            61.75479452, 
            63.207448299999996, 
            64.65824411999999, 
            66.10238988, 
            67.54503942000001, 
            69.00092541999999, 
            70.44725729999999, 
            71.88609922000002, 
            73.3270153, 
            74.76379247999999, 
            76.19682144000001, 
            77.63361848, 
            79.07058167999999, 
            80.51102838000001, 
            81.95465078, 
            83.39999664000001, 
            84.84571262000001, 
            86.28048878, 
            87.72052744000001, 
            89.15987372000001, 
            90.62101816000002, 
            92.10179241999998, 
            93.5867096, 
            95.06252024000001, 
            96.52007985999998, 
            97.9744844, 
            99.42296041999998, 
            100.85682916
        ]
    }, 
    "node_configs": [
        {
            "model_image": "model-comp/inception-feats", 
            "name": "inception", 
            "cpus_per_replica": 4, 
            "input_type": "strings", 
            "batch_size": 1, 
            "num_replicas": 1, 
            "slo": 500000, 
            "allocated_cpus": [
                11, 
                12, 
                13, 
                14
            ], 
            "gpus": [
                0
            ]
        }
    ], 
    "clipper_metrics": {
        "histograms": [
            {
                "internal:rpc_request_queueing_delay": {
                    "p99": "0", 
                    "min": "0", 
                    "max": "0", 
                    "p95": "0", 
                    "std_dev": "0", 
                    "size": "0", 
                    "p50": "0", 
                    "unit": "microseconds", 
                    "mean": "0"
                }
            }, 
            {
                "app:inception:prediction_latency": {
                    "p99": "101294804", 
                    "min": "3263486", 
                    "max": "102257093", 
                    "p95": "97338350", 
                    "std_dev": "28533778.462375007759", 
                    "size": "3424", 
                    "p50": "52766853.5", 
                    "unit": "microseconds", 
                    "mean": "52756031.1124415888153"
                }
            }, 
            {
                "model:inception:1:prediction_latency": {
                    "p99": "35884.75", 
                    "min": "32722", 
                    "max": "3263125", 
                    "p95": "35514", 
                    "std_dev": "55181.4939989341302322",