{
    "client_metrics": {
        "thrus": [
            10.04083204760479, 
            29.465495904296066, 
            29.428209881992878, 
            29.235423510192053, 
            29.105404640798557, 
            29.444777497594362, 
            29.396374839054847, 
            29.566309545069107, 
            29.00156318425563, 
            29.389601488759652, 
            29.613818044410067, 
            29.494192298594484, 
            29.07054490992201, 
            29.430790846553155, 
            29.256532983815287, 
            29.154620949111195, 
            29.15064352960656, 
            28.899612571793863, 
            29.452079405162245, 
            29.722752112841835, 
            29.587899732525386, 
            29.4391431089737, 
            29.120457354255024, 
            29.71595116599449, 
            29.43377077803464, 
            28.853050835036143, 
            29.619905524349342, 
            29.445228341856748, 
            29.35824634974244, 
            29.33198171561588, 
            29.480749660086957, 
            29.53667007126017, 
            29.451593655184276, 
            29.881751931257625, 
            29.18814914443697, 
            28.93004541438529, 
            29.10770900208295, 
            29.159789816235005, 
            29.142182376440058, 
            28.85811331426774, 
            29.030222203126787, 
            29.490382596427654, 
            29.69694269974906, 
            28.730942765663535, 
            29.359866823644087, 
            29.54948267720677, 
            29.58705933033833, 
            29.315214185749404, 
            28.897591559129097, 
            28.922046408315666, 
            29.83450205022698, 
            30.099539176055217, 
            29.68824962830311, 
            29.62831281572671, 
            29.580092834163352, 
            29.703840825434092, 
            29.3103852557038, 
            29.808835935147897, 
            29.692992275664988, 
            29.051002521045998, 
            29.047255818601048, 
            29.646055740514, 
            29.583033065547717, 
            29.656711699394826, 
            29.482505376134856, 
            29.170116032887556, 
            28.835179842133158, 
            29.428452369461272
        ], 
        "p99_lats": [
            4.71199771, 
            6.15063262, 
            7.58948498, 
            9.040849099999999, 
            10.500737519999998, 
            11.94024869, 
            13.382676159999999, 
            14.81348242, 
            16.280347380000002, 
            17.723394419999998, 
            19.15346298, 
            20.58889491, 
            22.0507705, 
            23.49150507, 
            24.941625430000002, 
            26.396896299999998, 
            27.85232079, 
            29.32422998, 
            30.76387056, 
            32.188067309999994, 
            33.61937929, 
            35.0591019, 
            36.516999010000006, 
            37.94031604, 
            39.38042014, 
            40.85572157, 
            42.28427678999999, 
            43.72243619, 
            45.16737321, 
            46.613460180000004, 
            48.05058178, 
            49.48517968, 
            50.923176420000004, 
            52.31419665999999, 
            53.768300010000004, 
            55.2378551, 
            56.696386419999996, 
            58.15207646, 
            59.60752262, 
            61.081786629999996, 
            62.546066929999995, 
            63.98329913, 
            65.40755725, 
            66.88936604, 
            68.33324200999999, 
            69.76740063, 
            71.19810245, 
            72.64460074, 
            74.11566046, 
            75.58593703, 
            77.0038011, 
            78.40580906, 
            79.83087558, 
            81.25955427999999, 
            82.69070501, 
            84.11547034, 
            85.5619566, 
            86.98175262999999, 
            88.40640383, 
            89.86816752000001, 
            91.33073519999999, 
            92.75804658999999, 
            94.19075846, 
            95.61755676, 
            97.05468375000001, 
            98.50890091, 
            99.98372008999999, 
            101.42391613999999
        ], 
        "mean_lats": [
            4.0040716000000005, 
            5.45826508, 
            6.898212979999999, 
            8.34629546, 
            9.803724540000001, 
            11.24860136, 
            12.692305059999999, 
            14.12350004, 
            15.58195514, 
            17.02807116, 
            18.46454328, 
            19.898739600000003, 
            21.353279739999998, 
            22.798767660000003, 
            24.23972986, 
            25.699145559999998, 
            27.15218208, 
            28.61717376, 
            30.075134880000004, 
            31.504480440000002, 
            32.931568000000006, 
            34.36628658, 
            35.822742139999995, 
            37.256554019999996, 
            38.68805918, 
            40.1458772, 
            41.59675748000001, 
            43.033652540000006, 
            44.47286768000001, 
            45.91918513999999, 
            47.36020388, 
            48.795604399999995, 
            50.23133494, 
            51.64199884000001, 
            53.065225340000005, 
            54.53896268, 
            55.99776226, 
            57.45149521999999, 
            58.90859906, 
            60.3677318, 
            61.84474099999999, 
            63.29893035999999, 
            64.71832067999999, 
            66.17763506000001, 
            67.64262887999999, 
            69.08256006, 
            70.51122636, 
            71.94626934, 
            73.41553680000001, 
            74.8786645, 
            76.32804746, 
            77.72974289999999, 
            79.14568012, 
            80.57225188000001, 
            82.00306266, 
            83.42817948, 
            84.8633931, 
            86.29943466, 
            87.72262743999998, 
            89.16702350000001, 
            90.62429175999999, 
            92.07187532, 
            93.50322078, 
            94.93378184, 
            96.36337028, 
            97.81295828, 
            99.27290794000001, 
            100.73595928
        ]
    }, 
    "node_configs": [
        {
            "model_image": "model-comp/inception-feats", 
            "name": "inception", 
            "cpus_per_replica": 5, 
            "input_type": "strings", 
            "batch_size": 1, 
            "num_replicas": 1, 
            "slo": 500000, 
            "allocated_cpus": [
                10, 
                11, 
                12, 
                13, 
                14, 
                15
            ], 
            "gpus": [
                0
            ]
        }
    ], 
    "clipper_metrics": {
        "histograms": [
            {
                "internal:rpc_request_queueing_delay": {
                    "p99": "0", 
                    "min": "0", 
                    "max": "0", 
                    "p95": "0", 
                    "std_dev": "0", 
                    "size": "0", 
                    "p50": "0", 
                    "unit": "microseconds", 
                    "mean": "0"
                }
            }, 
            {
                "app:inception:prediction_latency": {
                    "p99": "101254961.319999994383", 
                    "min": "3214289", 
                    "max": "102215988", 
                    "p95": "97260295.1999999972104", 
                    "std_dev": "28563360.7517562217236", 
                    "size": "3427", 
                    "p50": "52727889", 
                    "unit": "microseconds", 
                    "mean": "52794715.9559381383078"
                }
            }, 
            {
                "model:inception:1:prediction_latency": {
                    "p99": "36082.7199999999997999", 
                    "min": "32441", 
                    "max": "3213941",