{
    "client_metrics": {
        "thrus": [
            9.805157787540663, 
            29.83523194804373, 
            29.730705218273922, 
            29.970071886214427, 
            29.969119818938562, 
            29.920644466745298, 
            29.905307833276712, 
            29.71526241251084, 
            29.77617251123306, 
            29.91174837758677, 
            29.969730572122156, 
            29.836763069248143, 
            29.780091889451533, 
            29.780517585395636, 
            29.62567953902443, 
            29.08126468603867, 
            29.334614669302088, 
            29.71095401279116, 
            29.558321820366984, 
            29.606032525187334, 
            29.67665503737478, 
            28.96084435920946, 
            29.21989313700682, 
            29.83241936744531, 
            29.814986085345993, 
            29.769843386807914, 
            29.759477947334055, 
            29.932699318851494, 
            29.85914248125891, 
            29.943777563247245, 
            29.86222762662182, 
            29.86349396906739, 
            29.98169917082613, 
            30.069110844364687, 
            29.958848525665143, 
            30.036199627791415, 
            29.58921295652457, 
            29.86106839319383, 
            29.868310618483108, 
            29.902213780495025, 
            29.709629960616915, 
            29.99060094566363, 
            29.992633809136475, 
            29.851245274547875, 
            29.62743500481446, 
            29.74973924353553, 
            29.900014352006888, 
            30.042389812024766, 
            29.749438330604317, 
            29.890773136803492, 
            29.810915326268542, 
            29.924709431071424, 
            29.88853965790773, 
            30.08950423931025, 
            29.697277828725106, 
            30.059674465749406, 
            29.819787098648032, 
            29.88164478135003, 
            29.897404068199567, 
            29.891595141061426, 
            29.910656867935476, 
            29.834448644471824, 
            29.947525945039104, 
            30.01971695009282, 
            29.81356385975938, 
            29.79238875968923, 
            29.770995548045327, 
            29.830675121873224, 
            30.07231188114941, 
            29.858732365432665
        ], 
        "p99_lats": [
            4.81780614, 
            6.233568999999999, 
            7.657374709999999, 
            9.0686942, 
            10.47735555, 
            11.89051397, 
            13.30464769, 
            14.72873882, 
            16.149115119999998, 
            17.563908329999997, 
            18.97299219, 
            20.391452559999998, 
            21.809958190000003, 
            23.231123959999998, 
            24.65798128, 
            26.12208598, 
            27.56750744, 
            28.99193258, 
            30.424714039999998, 
            31.854648010000002, 
            33.281368529999995, 
            34.74776327, 
            36.20119293, 
            37.61924188, 
            39.03905759, 
            40.45948094, 
            41.88131425, 
            43.292013049999994, 
            44.70798359, 
            46.11971566, 
            47.535404, 
            48.95073696, 
            50.35966694, 
            51.764015549999996, 
            53.1720757, 
            54.582367860000005, 
            56.01056443, 
            57.42827751, 
            58.84384722, 
            60.2593315, 
            61.68138276, 
            63.09239625, 
            64.4766495, 
            65.89279006000001, 
            67.32164661, 
            68.74491269, 
            70.15899704, 
            71.56465144, 
            72.98588928, 
            74.40062054, 
            75.81953295, 
            77.23314662, 
            78.64672449, 
            80.04910746, 
            81.47144666, 
            82.87990903, 
            84.29858012, 
            85.71317066, 
            87.12442051, 
            88.54115824, 
            89.95385612, 
            91.37182497, 
            92.78010164, 
            94.19019963, 
            95.60743658999999, 
            97.02378182999999, 
            98.44760831, 
            99.86581126, 
            101.26973382, 
            102.68418665
        ], 
        "mean_lats": [
            4.0926648, 
            5.551380859999999, 
            6.97129666, 
            8.3889339, 
            9.796521700000001, 
            11.2106944, 
            12.62195016, 
            14.04560514, 
            15.464421159999999, 
            16.88206838, 
            18.296345000000002, 
            19.707988620000002, 
            21.12447444, 
            22.54637848, 
            23.96974426, 
            25.401238239999998, 
            26.86956348, 
            28.30208856, 
            29.73848602, 
            31.170194699999996, 
            32.599060820000005, 
            34.039937259999995, 
            35.50658602, 
            36.93451486, 
            38.35370096, 
            39.77387246, 
            41.1972057, 
            42.61010978, 
            44.02518324, 
            45.4353826, 
            46.85207434, 
            48.26754262, 
            49.68008328, 
            51.087119120000004, 
            52.493769699999994, 
            53.906252380000005, 
            55.32250937999999, 
            56.743105259999986, 
            58.16345834, 
            59.57772172000001, 
            60.9970942, 
            62.41671586000001, 
            63.80865576, 
            65.20849934, 
            66.6326529, 
            68.05797968, 
            69.47705832000001, 
            70.88659593999999, 
            72.29982505999999, 
            73.72133714, 
            75.13647308, 
            76.55337726, 
            77.96753026, 
            79.37492264000001, 
            80.78760204, 
            82.20432482, 
            83.61278998, 
            85.0322679, 
            86.44542669999997, 
            87.85728366, 
            89.27278764000002, 
            90.68965653999997, 
            92.10386040000002, 
            93.51036522, 
            94.92343132000002, 
            96.33817776, 
            97.76194191999998, 
            99.18403305999999, 
            100.59053409999999, 
            102.00167304
        ]
    }, 
    "node_configs": [
        {
            "model_image": "model-comp/inception-feats", 
            "name": "inception", 
            "cpus_per_replica": 3, 
            "input_type": "strings", 
            "batch_size": 2, 
            "num_replicas": 1, 
            "slo": 500000, 
            "allocated_cpus": [
                11, 
                12, 
                13, 
                14
            ], 
            "gpus": [
                0
            ]
        }
    ], 
    "clipper_metrics": {
        "histograms": [
            {
                "internal:rpc_request_queueing_delay": {
                    "p99": "0", 
                    "min": "0", 
                    "max": "0", 
                    "p95": "0", 
                    "std_dev": "0", 
                    "size": "0", 
                    "p50": "0", 
                    "unit": "microseconds", 
                    "mean": "0"
                }
            }, 
            {
                "app:inception:prediction_latency": {
                    "p99": "101802490.000000000204", 
                    "min": "3239684", 
                    "max": "102766257", 
                    "p95": "97846242.5999999987689", 
                    "std_dev": "28695595.3303003590518", 
                    "size": "3503", 
                    "p50": "53251731", 
                    "unit": "microseconds", 
                    "mean": "53177463.0565229802814"
                }
            }, 
            {
                "model:inception:1:prediction_latency": {
                    "p99": "77322.0500000000195087", 
                    "min": "64509", 
                    "max": "3239313",