{
    "client_metrics": {
        "thrus": [
            9.797862263219962, 
            31.72135957747149, 
            28.884370089657086, 
            31.932211746327955, 
            29.323380586983703, 
            31.594738085940218, 
            29.098764699240988, 
            31.442368339798932, 
            29.593853948411994, 
            31.972498535659568, 
            29.405243660670546, 
            31.18091478567798, 
            28.891663772685014, 
            31.398948763195406, 
            29.05415927722549, 
            31.452455524655264, 
            29.756077530055126, 
            31.824836102094075, 
            29.253297870535434, 
            31.249218769530763, 
            28.98508717264967, 
            31.529409687474185, 
            29.38552516047435, 
            31.782172616607202, 
            28.865777023418808, 
            31.053740360918994, 
            28.807999866330878, 
            30.852161379017566, 
            28.6254406886594, 
            31.195116092624538, 
            29.29745293803647, 
            31.506839819856495, 
            29.229185458597154, 
            31.640242845191885, 
            29.12011815779144, 
            31.779102189516582, 
            29.444257309831322, 
            31.99221949221949, 
            28.62367085984362, 
            31.09468206309484, 
            28.893183057962037, 
            30.975268725943835, 
            28.81483987305334, 
            31.156394507252273, 
            28.777972188967674, 
            31.543591982375965, 
            28.676301904106445, 
            31.986693535489234, 
            29.36467758171309, 
            32.137476411092315, 
            29.720614336986593, 
            31.788133362663185, 
            28.812050351939195, 
            31.19180778360371, 
            29.561537365487617, 
            31.651419123027804, 
            29.345909033551177, 
            31.659315373636908, 
            29.29518709371237, 
            31.30919394480189, 
            29.286041452634514, 
            31.65693005021422, 
            29.268041406083537, 
            31.208745938961936, 
            29.272633600299752, 
            31.78766854616555, 
            29.383867316559456, 
            31.64576990993614, 
            29.52060892750447, 
            32.33065204459044
        ], 
        "p99_lats": [
            4.793109589999999, 
            6.17291444, 
            7.583714929999999, 
            8.95086879, 
            10.331294329999999, 
            11.71522292, 
            13.10818707, 
            14.500741649999998, 
            15.86828864, 
            17.23248655, 
            18.607971499999998, 
            20.01318087, 
            21.4219885, 
            22.817369900000003, 
            24.214458450000002, 
            25.60965591, 
            26.97097151, 
            28.34390526, 
            29.73401585, 
            31.13713767, 
            32.54083427, 
            33.930783919999996, 
            35.31235341, 
            36.688565139999994, 
            38.09890942, 
            39.513016570000005, 
            40.92502467, 
            42.352047510000006, 
            43.77555803999999, 
            45.18389570000001, 
            46.569384459999995, 
            47.934861049999995, 
            49.326136039999994, 
            50.70931116, 
            52.10705258, 
            53.48357585, 
            54.8610606, 
            56.22599393, 
            57.64806065, 
            59.0634805, 
            60.47354872, 
            61.89162272, 
            63.303095690000006, 
            64.714089, 
            66.1307966, 
            67.52017108999999, 
            68.94013834, 
            70.30756513, 
            71.69136071, 
            73.04946412000001, 
            74.41178138999999, 
            75.78769369999999, 
            77.20027801, 
            78.60833562, 
            79.97964538, 
            81.36264613, 
            82.74536211, 
            84.12867001, 
            85.51486488, 
            86.91455635999999, 
            88.29923022, 
            89.68216437999999, 
            91.06290872, 
            92.47666559, 
            93.86396561000001, 
            95.24053445000001, 
            96.62009637, 
            98.0050481, 
            99.37646086999999, 
            100.72765986
        ], 
        "mean_lats": [
            4.1038171199999995, 
            5.499159840000001, 
            6.906484300000001, 
            8.289662920000001, 
            9.65627242, 
            11.044969399999998, 
            12.430208579999999, 
            13.82968832, 
            15.204637599999996, 
            16.570604659999997, 
            17.939615579999998, 
            19.32973376, 
            20.74107964, 
            22.144013299999997, 
            23.5373636, 
            24.93879536, 
            26.31133476, 
            27.672628919999998, 
            29.061141199999998, 
            30.456134459999998, 
            31.861214160000003, 
            33.25976018, 
            34.641492979999995, 
            36.0208483, 
            37.408401180000006, 
            38.831524900000005, 
            40.23299254, 
            41.661952660000004, 
            43.08869964, 
            44.5069728, 
            45.89906912000001, 
            47.26998716, 
            48.65003147999999, 
            50.035085439999996, 
            51.43319382, 
            52.812121640000015, 
            54.19700384, 
            55.56217604, 
            56.95925176000001, 
            58.380123139999995, 
            59.79417565999999, 
            61.201937980000004, 
            62.611784799999995, 
            64.03237107999999, 
            65.44832542, 
            66.84736558, 
            68.24763442, 
            69.64577958000001, 
            71.02169964000001, 
            72.39007432, 
            73.75009296, 
            75.12119134000001, 
            76.5151121, 
            77.92828295999999, 
            79.31467642, 
            80.69083384, 
            82.0732564, 
            83.4621574, 
            84.84487492, 
            86.22990164, 
            87.63401205999999, 
            89.01124083999999, 
            90.39589726, 
            91.80062853999998, 
            93.18861661999999, 
            94.5725282, 
            95.94866596, 
            97.33727329999999, 
            98.71486641999999, 
            100.07399310000001
        ]
    }, 
    "node_configs": [
        {
            "model_image": "model-comp/inception-feats", 
            "name": "inception", 
            "cpus_per_replica": 5, 
            "input_type": "strings", 
            "batch_size": 4, 
            "num_replicas": 1, 
            "slo": 500000, 
            "allocated_cpus": [
                10, 
                11, 
                12, 
                13, 
                14, 
                15
            ], 
            "gpus": [
                0
            ]
        }
    ], 
    "clipper_metrics": {
        "histograms": [
            {
                "internal:rpc_request_queueing_delay": {
                    "p99": "0", 
                    "min": "0", 
                    "max": "0", 
                    "p95": "0", 
                    "std_dev": "0", 
                    "size": "0", 
                    "p50": "0", 
                    "unit": "microseconds", 
                    "mean": "0"
                }
            }, 
            {
                "app:inception:prediction_latency": {
                    "p99": "100716060.539999999339", 
                    "min": "3300312", 
                    "max": "101591673", 
                    "p95": "96812024.7999999738822", 
                    "std_dev": "28413730.6138311916511", 
                    "size": "3533", 
                    "p50": "52586351", 
                    "unit": "microseconds",