{
    "client_metrics": [
        {
            "thrus": [
                43.49341927169052, 
                65.10768485536653, 
                69.18862909788683, 
                64.86359704450317, 
                64.51960060302599, 
                69.09026089864321, 
                66.63128989381904, 
                70.36876752622116, 
                66.57870288441578, 
                66.6862457484184, 
                71.17014247408481, 
                66.46378375130635, 
                66.18195006439504, 
                71.09195104039516, 
                66.93919845664985, 
                70.87561004409456, 
                66.08121354712456, 
                66.39578073404255, 
                70.68983238451085, 
                66.17094920638533, 
                65.99577125496107, 
                70.1582559780096, 
                66.16189551184165, 
                70.14635616335347, 
                66.24006299694952, 
                66.41268684213253, 
                70.60785597127108, 
                66.02188810451952, 
                66.06655333169664, 
                70.5120060087511, 
                66.26514407036298
            ], 
            "p99_lats": [
                10.92292769, 
                18.00815106, 
                24.67255579, 
                31.78651772, 
                38.460254330000005, 
                45.58501606, 
                52.493974210000005, 
                59.03666303, 
                65.94892316, 
                72.80965334000001, 
                79.27205578, 
                86.19687605, 
                92.72141711, 
                99.62517679, 
                106.43369008, 
                112.92592805, 
                119.89393584, 
                126.82849691999999, 
                133.33737068999997, 
                140.28619542, 
                146.72645871, 
                153.72355546, 
                160.68383284, 
                167.24675574999998, 
                174.19688733, 
                181.01441101999998, 
                187.5323309, 
                194.50845995, 
                201.04176146, 
                208.00449313, 
                214.95282233
            ], 
            "mean_lats": [
                7.499706664000001, 
                14.41439166, 
                21.349259835999998, 
                28.295861111999997, 
                35.238609176, 
                42.206045847999995, 
                49.041609306, 
                55.823924054, 
                62.60340240800001, 
                69.317166546, 
                76.036545788, 
                82.80758020200001, 
                89.56823304, 
                96.34223949599999, 
                103.051960306, 
                109.728566498, 
                116.524749644, 
                123.29805293199999, 
                130.081031112, 
                136.87432299800003, 
                143.57308008, 
                150.390526948, 
                157.20368572, 
                164.01937497199998, 
                170.837821948, 
                177.600134226, 
                184.277078622, 
                191.08385650399998, 
                197.892404104, 
                204.69829997, 
                211.48229075799998
            ]
        }
    ], 
    "node_configs": [
        {
            "model_image": "model-comp/inception-feats", 
            "name": "inception", 
            "cpus_per_replica": 1, 
            "input_type": "floats", 
            "use_nvidia_docker": true, 
            "batch_size": 32, 
            "num_replicas": 1, 
            "slo": 500000, 
            "allocated_cpus": [
                17
            ], 
            "gpus": [
                0
            ], 
            "input_size": -1
        }
    ], 
    "clipper_metrics": {
        "histograms": [
            {
                "internal:rpc_request_queueing_delay": {
                    "p99": "0", 
                    "min": "0", 
                    "max": "0", 
                    "p95": "0", 
                    "std_dev": "0", 
                    "size": "0", 
                    "p50": "0", 
                    "unit": "microseconds", 
                    "mean": "0"
                }
            }, 
            {
                "app:inception:prediction_latency": {
                    "p99": "218427893.85999999968", 
                    "min": "4237144", 
                    "max": "221022294", 
                    "p95": "210601449.04999999977", 
                    "std_dev": "62412421.8069907064782", 
                    "size": "4096", 
                    "p50": "113329388.5", 
                    "unit": "microseconds", 
                    "mean": "113487660.792236328125"
                }
            }, 
            {
                "model:inception:1:prediction_latency": {
                    "p99": "496267.310000000041327", 
                    "min": "455140", 
                    "max": "2728403", 
                    "p95": "486095.14999999999435", 
                    "std_dev": "111645.487828915970027", 
                    "size": "500", 
                    "p50": "471276.5", 
                    "unit": "microseconds", 
                    "mean": "477968.876000000000118"
                }
            }, 
            {
                "model:inception:1:batch_size": {
                    "p99": "32", 
                    "min": "1", 
                    "max": "32", 
                    "p95": "32", 
                    "std_dev": "1.3849750900286979515", 
                    "size": "500", 
                    "p50": "32", 
                    "unit": "queries", 
                    "mean": "31.937999999999999853"
                }
            }
        ], 
        "meters": [
            {
                "internal:aggregate_model_throughput": {
                    "rate": "58.933515716615389", 
                    "rate_1min": "66.492445991478178", 
                    "rate_15min": "15.557140285377148", 
                    "unit": "events per second", 
                    "rate_5min": "36.783963032262982"
                }
            }, 
            {
                "app:inception:prediction_throughput": {
                    "rate": "0", 
                    "rate_1min": "0", 
                    "rate_15min": "0", 
                    "unit": "events per second", 
                    "rate_5min": "0"
                }
            }, 
            {
                "model:inception:1:prediction_throughput": {
                    "rate": "63.142941265661008", 
                    "rate_1min": "66.489975368219149", 
                    "rate_15min": "15.44800903890369", 
                    "unit": "events per second", 
                    "rate_5min": "36.592560121113998"
                }
            }
        ], 
        "ratio_counters": [
            {
                "app:inception:default_prediction_ratio": {
                    "ratio": "0"
                }
            }, 
            {
                "model:inception:1:cache_hit_ratio": {
                    "ratio": "0"
                }
            }
        ], 
        "counters": [
            {
                "internal:aggregate_num_predictions": {
                    "count": "40000"
                }
            }, 
            {
                "app:inception:num_predictions": {
                    "count": "15969"
                }
            }, 
            {
                "model:inception:1:num_predictions": {
                    "count": "15969"
                }
            }
        ]
    }
}