{
    "client_metrics": {
        "thrus": [
            9.51995802079311, 
            29.673537673226694, 
            29.203816354721233, 
            28.965307093082334, 
            28.966146106399606, 
            29.16125239413882, 
            28.96436745586844, 
            29.594764804485145, 
            28.63093182803346, 
            29.048335849887497, 
            29.197438333550366, 
            28.222469827357507, 
            28.263789337542, 
            28.86001220201316, 
            28.790897469855928, 
            29.255454533220448, 
            29.525856087434327, 
            29.189904262952, 
            29.356574346111664, 
            29.070426596882136, 
            29.709894761610776, 
            29.727046261229393, 
            29.699059430787827, 
            29.2926985019714, 
            29.12663211083033, 
            28.764198008136816, 
            29.226417642000932, 
            28.77406374951372, 
            29.431743665994443, 
            29.35716038756149, 
            29.78183022450735, 
            28.932573216769782, 
            29.89769010446253, 
            29.424884742726466, 
            29.68111206816208, 
            30.06992460267105, 
            29.794288315752716, 
            29.71384968476577, 
            29.654038197959686, 
            29.359108281675983, 
            29.737265313502146, 
            29.279181682007007, 
            30.016581159432473, 
            29.822632873249635, 
            29.575911011998944, 
            29.6901535574742, 
            29.50317247613636, 
            29.43576351072109, 
            30.005935173977413, 
            29.423412915819025, 
            29.216153962119503, 
            29.861442904921162, 
            29.697224913120767, 
            29.7277355610902, 
            29.31390798364284, 
            29.33346161833881, 
            29.982939707306542, 
            29.533477377946998, 
            28.824158795749707, 
            29.875413550412073, 
            29.54084080322728, 
            29.88268059598018, 
            29.50717703066917, 
            28.979761693623644, 
            29.48377448922309, 
            29.95411030301578, 
            29.829109034342252, 
            29.419448373575214, 
            29.53578023489215
        ], 
        "p99_lats": [
            4.97129963, 
            6.394665359999999, 
            7.85115901, 
            9.31859412, 
            10.786522680000001, 
            12.242462280000002, 
            13.711272619999999, 
            15.136838269999998, 
            16.63103475, 
            18.09484214, 
            19.544354560000002, 
            21.056498489999996, 
            22.57024001, 
            24.045376840000003, 
            25.525550250000002, 
            26.974433230000002, 
            28.40950037, 
            29.858795130000004, 
            31.30920737, 
            32.767233340000004, 
            34.19194591, 
            35.618043, 
            37.03285219, 
            38.48890256999999, 
            39.94793341, 
            41.426780750000006, 
            42.875140040000005, 
            44.35866427, 
            45.799317630000004, 
            47.24280317, 
            48.663990670000004, 
            50.12363122, 
            51.54781164, 
            52.98867971, 
            54.41499943, 
            55.8189397, 
            57.240419880000005, 
            58.657630299999994, 
            60.0907232, 
            61.534675050000004, 
            62.956757, 
            64.40840864, 
            65.78529438999999, 
            67.20350032, 
            68.63598557, 
            70.05916875, 
            71.49870208, 
            72.93440763, 
            74.34675651, 
            75.7852957, 
            77.23710841, 
            78.65317752, 
            80.07814357000001, 
            81.50179563, 
            82.94923036, 
            84.39577458, 
            85.80523719, 
            87.23796508999999, 
            88.71318590000001, 
            90.13134652, 
            91.56655798, 
            92.98152662999999, 
            94.41649820999999, 
            95.88416225, 
            97.32005061000001, 
            98.7335936, 
            100.15238193, 
            101.59338282, 
            103.02634291999999
        ], 
        "mean_lats": [
            4.2581584800000005, 
            5.707505, 
            7.144913200000001, 
            8.615147319999998, 
            10.1005751, 
            11.54214428, 
            13.014075420000001, 
            14.44992256, 
            15.897506179999999, 
            17.396828420000002, 
            18.841157080000002, 
            20.30955996, 
            21.835351259999996, 
            23.3284319, 
            24.816412459999995, 
            26.27539438000001, 
            27.718434800000004, 
            29.16092146, 
            30.615034760000004, 
            32.062272899999996, 
            33.50797824, 
            34.93746228, 
            36.351345699999996, 
            37.7879694, 
            39.2569513, 
            40.71393182, 
            42.176544220000004, 
            43.62639506000001, 
            45.11579258, 
            46.552467320000005, 
            47.97746349999999, 
            49.420633560000006, 
            50.863281619999995, 
            52.29276334, 
            53.72494678, 
            55.14281527999999, 
            56.54956704, 
            57.9716266, 
            59.399038360000006, 
            60.836455859999994, 
            62.27107322, 
            63.699946419999996, 
            65.12820371999999, 
            66.52358754, 
            67.94956852, 
            69.37325752, 
            70.79497774000001, 
            72.24150126, 
            73.66941048000001, 
            75.10224064, 
            76.54016080000001, 
            77.97480294, 
            79.38851516, 
            80.81956240000001, 
            82.24864730000002, 
            83.69382824, 
            85.1248565, 
            86.54867436, 
            87.99372525999999, 
            89.44422065999998, 
            90.87350279999998, 
            92.29878578000002, 
            93.71559684, 
            95.17435510000001, 
            96.62965678, 
            98.05589924, 
            99.4689569, 
            100.90788745999998, 
            102.33697572
        ]
    }, 
    "node_configs": [
        {
            "model_image": "model-comp/inception-feats", 
            "name": "inception", 
            "cpus_per_replica": 2, 
            "input_type": "strings", 
            "batch_size": 2, 
            "num_replicas": 1, 
            "slo": 500000, 
            "allocated_cpus": [
                10, 
                11, 
                12, 
                13, 
                14, 
                15
            ], 
            "gpus": [
                0
            ]
        }
    ], 
    "clipper_metrics": {
        "histograms": [
            {
                "internal:rpc_request_queueing_delay": {
                    "p99": "0", 
                    "min": "0", 
                    "max": "0", 
                    "p95": "0", 
                    "std_dev": "0", 
                    "size": "0", 
                    "p50": "0", 
                    "unit": "microseconds", 
                    "mean": "0"
                }
            }, 
            {
                "app:inception:prediction_latency": {
                    "p99": "102105524.600000000944", 
                    "min": "3429801", 
                    "max": "103052999", 
                    "p95": "98164475.1999999815889", 
                    "std_dev": "28694004.7045227627805", 
                    "size": "3451", 
                    "p50": "53749258", 
                    "unit": "microseconds",