{
    "client_metrics": {
        "thrus": [
            9.7436978736523, 
            32.31677680224201, 
            29.98648209387208, 
            32.30541800626467, 
            29.853704904486058, 
            32.327328424320754, 
            29.7859640197469, 
            32.40281100866063, 
            30.408113371177244, 
            32.83906166978747, 
            29.91232100467111, 
            32.26464233998673, 
            29.607452551096543, 
            32.26516285195647, 
            30.011644518073012, 
            32.93950856888376, 
            29.8408943196664, 
            32.29350403248985, 
            30.345366687341976, 
            33.00798463148235, 
            30.237643689282812, 
            32.185242808690276, 
            29.685358943486204, 
            32.520896301918796, 
            29.710936357985883, 
            32.13557613946326, 
            29.661919375343707, 
            32.37333447287471, 
            29.892756745898414, 
            32.1646831778707, 
            29.613484796436904, 
            33.043344938156075, 
            30.645010042369794, 
            32.88043817787133, 
            30.278587225342935, 
            32.90175010989184, 
            29.740856025110798, 
            32.42594724298383, 
            30.174395938767702, 
            33.2686811962087, 
            30.65271273442428, 
            32.84279337153607, 
            30.31035989915137, 
            32.827225062141935, 
            30.543117719284314, 
            32.80258746809948, 
            29.929277118169768, 
            32.18967702809451, 
            29.661514659313774, 
            32.41350294671155, 
            29.868863740633127, 
            32.399472536587105, 
            29.74327980336123, 
            32.845403909785496, 
            30.27827551898478, 
            32.21292485626593, 
            29.782504327397877, 
            32.35925503817421, 
            29.79725352754786, 
            32.22795736627976, 
            29.661549851573604, 
            32.315502716118004, 
            29.773317867087144, 
            32.124860337169686, 
            29.89629572937395, 
            32.35247111409617, 
            29.799579945121096, 
            32.12151698360967, 
            29.94038868612592, 
            32.548120769151154, 
            29.851423494980782, 
            32.35617679415, 
            29.873503636202862
        ], 
        "p99_lats": [
            4.82485541, 
            6.17511622, 
            7.5239123, 
            8.87368418, 
            10.22841387, 
            11.577530190000001, 
            12.9367178, 
            14.277511520000001, 
            15.606751339999999, 
            16.933007410000002, 
            18.28534906, 
            19.637901839999998, 
            21.00676819, 
            22.35680766, 
            23.70732496, 
            25.027516509999998, 
            26.384978359999998, 
            27.73443564, 
            29.06343901, 
            30.37919928, 
            31.71351763, 
            33.06959057, 
            34.43165457, 
            35.76674895, 
            37.12745696, 
            38.48470459, 
            39.84841879, 
            41.19513148, 
            42.54891933, 
            43.9050565, 
            45.27462525, 
            46.59064891, 
            47.9050488, 
            49.22722306, 
            50.559060699999996, 
            51.88066723, 
            53.242113020000005, 
            54.587446299999996, 
            55.92744935, 
            57.22992852, 
            58.544067240000004, 
            59.866890569999995, 
            61.19902081, 
            62.52324367, 
            63.84027216999999, 
            65.1405949, 
            66.49204892, 
            67.84884479, 
            69.21603516, 
            70.56071691, 
            71.91616572000001, 
            73.26117945, 
            74.62334382, 
            75.94834409, 
            77.28267116, 
            78.63560447, 
            79.99516247, 
            81.34157551999999, 
            82.70069906, 
            84.05505056, 
            85.42134032999999, 
            86.77054767, 
            88.13102512, 
            89.4891808, 
            90.84349628, 
            92.19085383999999, 
            93.54876195, 
            94.90798739, 
            96.26016415000001, 
            97.59804533, 
            98.95504029, 
            100.30234164000001, 
            101.65613624
        ], 
        "mean_lats": [
            4.15838072, 
            5.5208134200000005, 
            6.868839300000001, 
            8.2180312, 
            9.572345680000002, 
            10.9240156, 
            12.27899584, 
            13.629217239999997, 
            14.963669280000001, 
            16.290485020000002, 
            17.625964120000003, 
            18.9816325, 
            20.34306536, 
            21.703237539999996, 
            23.058586719999997, 
            24.386049579999995, 
            25.727412839999996, 
            27.079442580000006, 
            28.422746979999996, 
            29.74147948, 
            31.063371160000003, 
            32.4119148, 
            33.77177846, 
            35.1199937, 
            36.47037098, 
            37.82462204, 
            39.1871541, 
            40.542588460000005, 
            41.892222200000006, 
            43.247092120000005, 
            44.60925209999999, 
            45.95607042, 
            47.26620348, 
            48.58584254, 
            49.9124572, 
            51.239641459999994, 
            52.57817255999999, 
            53.93889443999999, 
            55.27895289999999, 
            56.59887001999999, 
            57.90709914, 
            59.224348680000006, 
            60.55219532, 
            61.881286100000004, 
            63.20487774, 
            64.51874316, 
            65.83349371999999, 
            67.18984786, 
            68.55365796, 
            69.91124393999999, 
            71.25679333999999, 
            72.60828164, 
            73.96338672, 
            75.30682686, 
            76.63685538, 
            77.97389692, 
            79.33786638, 
            80.68646632, 
            82.0426571, 
            83.39813514, 
            84.75687242, 
            86.1143376, 
            87.47196797999999, 
            88.83056412, 
            90.1880245, 
            91.5366842, 
            92.88718472000001, 
            94.25126064, 
            95.60456196000001, 
            96.94932388, 
            98.2962111, 
            99.6476799, 
            101.00084773999998
        ]
    }, 
    "node_configs": [
        {
            "model_image": "model-comp/inception-feats", 
            "name": "inception", 
            "cpus_per_replica": 1, 
            "input_type": "strings", 
            "batch_size": 4, 
            "num_replicas": 1, 
            "slo": 500000, 
            "allocated_cpus": [
                10, 
                11, 
                12, 
                13, 
                14, 
                15
            ], 
            "gpus": [
                0
            ]
        }
    ], 
    "clipper_metrics": {
        "histograms": [
            {
                "internal:rpc_request_queueing_delay": {
                    "p99": "0", 
                    "min": "0", 
                    "max": "0", 
                    "p95": "0", 
                    "std_dev": "0", 
                    "size": "0", 
                    "p50": "0", 
                    "unit": "microseconds", 
                    "mean": "0"
                }
            }, 
            {
                "app:inception:prediction_latency": {
                    "p99": "100987967.340000010277", 
                    "min": "3379548", 
                    "max": "101923767", 
                    "p95": "97052407.9999999982901", 
                    "std_dev": "28379160.402759091734", 
                    "size": "3661", 
                    "p50": "52738763",