{
    "client_metrics": [
        {
            "thrus": [
                18.14616591475004, 
                16.969235200811806, 
                21.682682399331913, 
                21.660684226357617, 
                20.742467640799784, 
                17.547037099437333, 
                17.21917053877981, 
                16.664641449823804, 
                17.445488518164506
            ], 
            "p99_lats": [
                0.45950343999999971, 
                0.44381480000000001, 
                0.41959698000000001, 
                0.39895269999999999, 
                0.44602052999999997, 
                0.41936640999999997, 
                0.44999341999999998, 
                0.45603394999999997, 
                0.42851797999999997
            ], 
            "mean_lats": [
                0.055000381666666674, 
                0.058832184999999995, 
                0.046023473333333335, 
                0.046070334999999997, 
                0.048114154999999999, 
                0.056892031666666669, 
                0.057977735000000002, 
                0.059909868333333331, 
                0.057227215000000012
            ]
        }
    ], 
    "node_configs": [
        {
            "batch_size": 1, 
            "input_type": "bytes", 
            "model_name": "tf-nmt", 
            "gpus": [
                0
            ], 
            "allocated_cpus": [
                4, 
                20, 
                5, 
                21, 
                6, 
                22, 
                7, 
                23
            ]
        }
    ]
}