{
    "client_metrics": [
        {
            "thrus": [
                19.37688397809753, 
                21.01216509804434, 
                23.476888900592552, 
                20.011119512075545, 
                22.348131595632015, 
                23.008881389868353, 
                20.90768629271179, 
                22.602208883737926, 
                23.235757352084075
            ], 
            "p99_lats": [
                0.44916862999999996, 
                0.40680679000000003, 
                0.40540202999999991, 
                0.40844222000000008, 
                0.40597235999999998, 
                0.40592444999999999, 
                0.40625761999999993, 
                0.44083875999999994, 
                0.40279996000000001
            ], 
            "mean_lats": [
                0.051501338333333341, 
                0.047496665, 
                0.042501516666666669, 
                0.049878095000000011, 
                0.044653059999999994, 
                0.043368274999999998, 
                0.047735953333333338, 
                0.044150119999999994, 
                0.042944093333333329
            ]
        }
    ], 
    "node_configs": [
        {
            "batch_size": 1, 
            "input_type": "bytes", 
            "model_name": "tf-nmt", 
            "gpus": [
                0
            ], 
            "allocated_cpus": [
                0, 
                16, 
                1, 
                17, 
                2, 
                18, 
                3, 
                19
            ]
        }
    ]
}