{
    "client_metrics": [
        {
            "thrus": [
                1.8024818733410408, 
                2.2419991457983253, 
                0.0, 
                0.0, 
                2.3891344078438785, 
                2.1221844889960138, 
                1.8159238952153334, 
                0.0, 
                2.011951663531934, 
                2.1988623232930102, 
                1.7477128701167957, 
                0.0, 
                1.755804881149275, 
                2.2295728762649483, 
                10.846575193882531, 
                1.9632598175424856, 
                2.204204564290475, 
                1.6311723561958449, 
                2.12098688954374, 
                1.9394892290465664
            ], 
            "p99_lats": [
                2.1826765700000004, 
                0.78107974, 
                0.71697132, 
                0.7819202, 
                0.54190023, 
                0.8065507200000002, 
                1.3036231999999999, 
                1.3073615600000004, 
                1.1182749500000004, 
                1.1126387200000005, 
                0.86330324, 
                0.8622857999999999, 
                1.72194657, 
                1.10195101, 
                1.4828707999999995, 
                0.9992642100000002, 
                0.8649586600000002, 
                1.0811521800000004, 
                0.6575965300000002, 
                1.4926918700000003
            ], 
            "all_lats": [
                [
                    0.311262, 
                    0.137111, 
                    0.169149, 
                    0.201427, 
                    0.344275, 
                    0.212157, 
                    0.510363, 
                    0.210534, 
                    0.103474, 
                    0.499069, 
                    0.643426, 
                    1.684564, 
                    1.600562, 
                    1.706843, 
                    1.948826, 
                    2.278193, 
                    1.740071, 
                    1.607611, 
                    1.948191, 
                    1.289249, 
                    0.363361, 
                    0.28823, 
                    0.28319, 
                    0.420608, 
                    0.636713, 
                    0.617034, 
                    0.205972, 
                    0.280529, 
                    0.556137, 
                    0.118059
                ], 
                [
                    0.14887, 
                    0.242192, 
                    0.219871, 
                    0.16317, 
                    0.351155, 
                    0.253506, 
                    0.10173, 
                    0.461823, 
                    0.141933, 
                    0.237888, 
                    0.541463, 
                    0.23624, 
                    0.200514, 
                    0.191381, 
                    0.599007, 
                    0.532655, 
                    0.455892, 
                    0.598312, 
                    0.701996, 
                    0.391818, 
                    0.31251, 
                    0.516786, 
                    0.099548, 
                    0.164772, 
                    0.423165, 
                    0.229996, 
                    0.44801, 
                    0.199784, 
                    0.10524, 
                    0.723088, 
                    0.807134, 
                    0.582956
                ], 
                [], 
                [], 
                [
                    0.15541, 
                    0.180535, 
                    0.555621, 
                    0.154419, 
                    0.095941, 
                    0.25114, 
                    0.482684, 
                    0.423616, 
                    0.332103, 
                    0.165387, 
                    0.191903, 
                    0.104901, 
                    0.116819, 
                    0.201576, 
                    0.379307, 
                    0.480749, 
                    0.104102, 
                    0.408473, 
                    0.242457, 
                    0.095949, 
                    0.140459, 
                    0.307011, 
                    0.508308, 
                    0.406647, 
                    0.443398, 
                    0.155439, 
                    0.102338, 
                    0.198196, 
                    0.128579, 
                    0.290404
                ], 
                [
                    0.369455, 
                    0.718559, 
                    0.493489, 
                    0.393702, 
                    0.320178, 
                    0.334042, 
                    0.275554, 
                    0.099531, 
                    0.105423, 
                    0.098468, 
                    0.431696, 
                    0.300814, 
                    0.155417, 
                    0.208803, 
                    0.311451, 
                    0.481646, 
                    0.128402, 
                    0.200553, 
                    0.154719, 
                    0.114882, 
                    0.169913, 
                    0.271028, 
                    0.842491, 
                    0.097832, 
                    0.131703, 
                    0.138733, 
                    0.179878, 
                    0.174946, 
                    0.099472, 
                    0.521875
                ], 
                [
                    0.461042, 
                    0.289137, 
                    0.773533, 
                    0.185579, 
                    0.11281, 
                    1.415774, 
                    1.041938, 
                    0.554079, 
                    0.188557, 
                    0.26767, 
                    0.384476, 
                    0.265146, 
                    0.318114, 
                    0.143221, 
                    0.287844, 
                    0.192851, 
                    0.093666, 
                    0.188524, 
                    0.157732, 
                    0.293243, 
                    0.268365, 
                    0.163683, 
                    0.55335, 
                    0.178884, 
                    0.322234, 
                    0.216814, 
                    0.212536, 
                    0.212319, 
                    0.175943, 
                    0.132665, 
                    0.403613
                ], 
                [], 
                [
                    0.438514, 
                    0.109343, 
                    0.141146, 
                    0.192535, 
                    0.214817, 
                    0.441826, 
                    0.10894, 
                    0.352317, 
                    0.090904, 
                    0.353048, 
                    1.314589, 
                    0.138086, 
                    0.280015, 
                    0.19864, 
                    0.10854, 
                    0.364531, 
                    0.274768, 
                    0.27359, 
                    0.210268, 
                    0.316542, 
                    0.181465, 
                    0.14383, 
                    0.637644, 
                    0.176449, 
                    0.18993, 
                    0.111017, 
                    0.313364, 
                    0.481665, 
                    0.093158, 
                    0.166634
                ], 
                [
                    0.221627, 
                    0.585654, 
                    0.441415, 
                    0.201557, 
                    0.36556, 
                    0.154061, 
                    0.281223, 
                    0.17017, 
                    1.327886, 
                    0.416657, 
                    0.428664, 
                    0.219318, 
                    0.197486, 
                    0.212835, 
                    0.158829, 
                    0.318461, 
                    0.367804, 
