{
    "client_metrics": [
        {
            "thrus": [
                124.78368877533804, 
                263.7069661821088, 
                268.2838519167037, 
                260.0424324239108, 
                263.94794418644756, 
                265.0036217161634, 
                267.5676859843475, 
                266.20624817121853, 
                266.598980147818, 
                265.20268889006263, 
                266.09199665123225, 
                264.06448718841625, 
                262.3641281771203, 
                260.469970308594, 
                265.9476329164715, 
                268.08803966541274, 
                264.9128845017353, 
                263.7417994157899, 
                261.4925997594268, 
                263.27021758954396, 
                265.02978382624826
            ], 
            "p99_lats": [
                3.8889431599999917, 
                0.47479475999999976, 
                0.40925092, 
                0.45480676, 
                0.48550091999999984, 
                0.48938892, 
                0.42179588, 
                0.4453569999999999, 
                0.46826179999999995, 
                0.4571217199999999, 
                0.4589498399999999, 
                0.4699437599999998, 
                0.43043731999999996, 
                0.43034987999999996, 
                0.4310635199999999, 
                0.42606575999999996, 
                0.4315876, 
                0.4131617999999999, 
                0.42178488, 
                0.4464268, 
                0.44318515999999997
            ], 
            "mean_lats": [
                0.5500157600000001, 
                0.36394264, 
                0.35773699999999997, 
                0.36907288, 
                0.36361088, 
                0.36216348000000004, 
                0.35868651999999995, 
                0.36051992, 
                0.35998808000000004, 
                0.36188988, 
                0.36067676, 
                0.36344803999999997, 
                0.365807, 
                0.36846023999999994, 
                0.3608753200000001, 
                0.3579944, 
                0.36227748, 
                0.36389052, 
                0.36702340000000006, 
                0.36454812, 
                0.3621206
            ]
        }
    ], 
    "node_configs": [
        {
            "batch_size": 96, 
            "input_type": "floats", 
            "model_name": "tf_resnet_feats", 
            "gpus": [
                0
            ], 
            "allocated_cpus": [
                4, 
                20, 
                5, 
                21, 
                6, 
                22, 
                7, 
                23
            ]
        }, 
        {
            "batch_size": 96, 
            "input_type": "floats", 
            "model_name": "inception_feats", 
            "gpus": [
                1
            ], 
            "allocated_cpus": [
                4, 
                20, 
                5, 
                21, 
                6, 
                22, 
                7, 
                23
            ]
        }, 
        {
            "batch_size": 96, 
            "input_type": "floats", 
            "model_name": "kernel_svm", 
            "gpus": [], 
            "allocated_cpus": [
                4, 
                20, 
                5, 
                21, 
                6, 
                22, 
                7, 
                23
            ]
        }, 
        {
            "batch_size": 96, 
            "input_type": "floats", 
            "model_name": "tf_log_reg", 
            "gpus": [], 
            "allocated_cpus": [
                4, 
                20, 
                5, 
                21, 
                6, 
                22, 
                7, 
                23
            ]
        }
    ]
}