{
    "client_metrics": [
        {
            "thrus": [
                125.29603799309994, 
                272.91552241148156, 
                265.6974613714639, 
                268.3411152256749, 
                268.48709869149457, 
                269.8586143254895, 
                266.98785305389055, 
                266.2251470505692, 
                267.10397523055804, 
                262.6956425798113, 
                262.58650994628465, 
                265.37843130165135, 
                265.24404496726504, 
                265.27438877464897, 
                268.13907793004233, 
                266.83765030325543, 
                266.65271184141363, 
                266.13162382206264, 
                264.8894936217921, 
                263.7831939550564, 
                264.81639451816824
            ], 
            "p99_lats": [
                3.7918147599999923, 
                0.41521936000000004, 
                0.41929304, 
                0.4238715599999999, 
                0.41884299999999997, 
                0.38105908, 
                0.42554984, 
                0.47641395999999997, 
                0.41400215999999995, 
                0.41513936, 
                0.44629719999999995, 
                0.4756813999999999, 
                0.4567501599999999, 
                0.48332379999999986, 
                0.42261928, 
                0.41350528, 
                0.41914492, 
                0.4457361599999999, 
                0.4740149999999998, 
                0.42207535999999996, 
                0.41652908
            ], 
            "mean_lats": [
                0.5469290000000001, 
                0.35165956000000004, 
                0.36121772, 
                0.35765664, 
                0.35746547999999995, 
                0.35564960000000007, 
                0.35947067999999993, 
                0.36049956, 
                0.35931792, 
                0.36534464000000005, 
                0.36548507999999996, 
                0.36164915999999997, 
                0.3618257999999999, 
                0.36179332000000003, 
                0.35792944000000004, 
                0.35966936000000005, 
                0.35990964000000003, 
                0.36062268, 
                0.36231043999999996, 
                0.36384476, 
                0.36242096
            ]
        }
    ], 
    "node_configs": [
        {
            "batch_size": 96, 
            "input_type": "floats", 
            "model_name": "tf_resnet_feats", 
            "gpus": [
                0
            ], 
            "allocated_cpus": [
                0, 
                16, 
                1, 
                17, 
                2, 
                18, 
                3, 
                19
            ]
        }, 
        {
            "batch_size": 96, 
            "input_type": "floats", 
            "model_name": "inception_feats", 
            "gpus": [
                1
            ], 
            "allocated_cpus": [
                0, 
                16, 
                1, 
                17, 
                2, 
                18, 
                3, 
                19
            ]
        }, 
        {
            "batch_size": 96, 
            "input_type": "floats", 
            "model_name": "kernel_svm", 
            "gpus": [], 
            "allocated_cpus": [
                0, 
                16, 
                1, 
                17, 
                2, 
                18, 
                3, 
                19
            ]
        }, 
        {
            "batch_size": 96, 
            "input_type": "floats", 
            "model_name": "tf_log_reg", 
            "gpus": [], 
            "allocated_cpus": [
                0, 
                16, 
                1, 
                17, 
                2, 
                18, 
                3, 
                19
            ]
        }
    ]
}