{
    "client_metrics": [
        {
            "thrus": [
                1.730274139443831, 
                1.8266723239926321, 
                1.8015364728084913, 
                1.8253969152179434, 
                1.8264285748987856, 
                1.824432922461309, 
                1.8015494550366946, 
                1.8256390558232958, 
                1.7988171266385966, 
                1.8257525167633295, 
                1.8516380905211796, 
                1.7989641060967145, 
                1.8262678014997384, 
                1.7989798992420143, 
                1.799821997604437
            ], 
            "p99_lats": [
                28.10313316, 
                55.21816593, 
                82.69586860999999, 
                109.827948, 
                136.94938503, 
                164.09599316999999, 
                191.58859872, 
                218.72044389, 
                246.25645495999999, 
                273.38716533, 
                300.12865482, 
                327.66347184, 
                354.78230898000004, 
                382.32187296999996, 
                409.84313511
            ], 
            "mean_lats": [
                14.944036099999998, 
                42.100122920000004, 
                69.48611186, 
                96.94253256, 
                123.74913100000002, 
                150.9469555, 
                178.38046588000006, 
                205.68890376000007, 
                233.01974753999994, 
                260.30961358, 
                287.38355296000003, 
                314.4474391, 
                341.6724669, 
                369.0929799, 
                396.62611526
            ]
        }
    ], 
    "node_configs": [
        {
            "model_image": "model-comp/nmt", 
            "name": "nmt", 
            "cpus_per_replica": 5, 
            "input_type": "strings", 
            "use_nvidia_docker": true, 
            "batch_size": 2, 
            "num_replicas": 1, 
            "slo": 500000, 
            "allocated_cpus": [
                6, 
                7, 
                8, 
                9, 
                10, 
                11, 
                12, 
                13, 
                14, 
                15
            ], 
            "gpus": [
                0
            ], 
            "input_size": 80
        }
    ], 
    "clipper_metrics": {
        "histograms": [
            {
                "internal:rpc_request_queueing_delay": {
                    "p99": "0", 
                    "min": "0", 
                    "max": "0", 
                    "p95": "0", 
                    "std_dev": "0", 
                    "size": "0", 
                    "p50": "0", 
                    "unit": "microseconds", 
                    "mean": "0"
                }
            }, 
            {
                "app:nmt:prediction_latency": {
                    "p99": "407076188.44000000009", 
                    "min": "1562955", 
                    "max": "410378990", 
                    "p95": "390569986.199999999895", 
                    "std_dev": "118138407.16970701798", 
                    "size": "751", 
                    "p50": "206040239", 
                    "unit": "microseconds", 
                    "mean": "205923652.53661784291"
                }
            }, 
            {
                "model:nmt:1:prediction_latency": {
                    "p99": "1118907.5300000000093", 
                    "min": "718733", 
                    "max": "1562662", 
                    "p95": "1116716.14999999999452", 
                    "std_dev": "66978.1652556970675079", 
                    "size": "376", 
                    "p50": "1110715.5", 
                    "unit": "microseconds", 
                    "mean": "1101735.54255319148945"
                }
            }, 
            {
                "model:nmt:1:batch_size": {
                    "p99": "2", 
                    "min": "1", 
                    "max": "2", 
                    "p95": "2", 
                    "std_dev": "0.0515024381144603309541", 
                    "size": "376", 
                    "p50": "2", 
                    "unit": "queries", 
                    "mean": "1.99734042553191488826"
                }
            }
        ], 
        "meters": [
            {
                "internal:aggregate_model_throughput": {
                    "rate": "1.6193445913001197", 
                    "rate_1min": "1.799506410384107", 
                    "rate_15min": "0.6631691381897955", 
                    "unit": "events per second", 
                    "rate_5min": "1.3501512762016914"
                }
            }, 
            {
                "app:nmt:prediction_throughput": {
                    "rate": "0", 
                    "rate_1min": "0", 
                    "rate_15min": "0", 
                    "unit": "events per second", 
                    "rate_5min": "0"
                }
            }, 
            {
                "model:nmt:1:prediction_throughput": {
                    "rate": "1.6911084911264409", 
                    "rate_1min": "1.8145439331411226", 
                    "rate_15min": "0.66340405263259739", 
                    "unit": "events per second", 
                    "rate_5min": "1.3517797066963593"
                }
            }
        ], 
        "ratio_counters": [
            {
                "app:nmt:default_prediction_ratio": {
                    "ratio": "0"
                }
            }, 
            {
                "model:nmt:1:cache_hit_ratio": {
                    "ratio": "0"
                }
            }
        ], 
        "counters": [
            {
                "internal:aggregate_num_predictions": {
                    "count": "5000"
                }
            }, 
            {
                "app:nmt:num_predictions": {
                    "count": "751"
                }
            }, 
            {
                "model:nmt:1:num_predictions": {
                    "count": "751"
                }
            }
        ]
    }
}