{
    "client_metrics": [
        {
            "thrus": [
                12.561037220111828, 
                20.59756841585337, 
                21.451595119161464, 
                18.379582489404168, 
                20.434118766367728, 
                20.69026874590074, 
                18.291259777592913, 
                20.464159888936912, 
                20.485682761175042, 
                18.20785873032231, 
                21.128873450725354, 
                20.657537687611757, 
                18.182314063110812, 
                20.46070970836123, 
                20.543963053736846
            ], 
            "p99_lats": [
                3.5925337099999997, 
                5.90365348, 
                7.98626772, 
                10.296648179999998, 
                12.62548929, 
                14.793850849999998, 
                17.1162317, 
                19.44389082, 
                21.63673088, 
                23.971058120000002, 
                26.2219518, 
                28.394427179999997, 
                30.73250456, 
                33.06133169, 
                35.24624274
            ], 
            "mean_lats": [
                2.48793712, 
                4.7614806199999995, 
                6.96080848, 
                9.207422880000001, 
                11.473323879999999, 
                13.732018200000002, 
                16.017508640000003, 
                18.29094544, 
                20.57303622, 
                22.860662440000002, 
                25.10409752, 
                27.355067340000005, 
                29.61791658, 
                31.909018200000006, 
                34.19996971999999
            ]
        }
    ], 
    "node_configs": [
        {
            "model_image": "model-comp/nmt", 
            "name": "nmt", 
            "cpus_per_replica": 2, 
            "input_type": "strings", 
            "use_nvidia_docker": true, 
            "batch_size": 6, 
            "num_replicas": 1, 
            "slo": 500000, 
            "allocated_cpus": [
                6, 
                7, 
                8, 
                9, 
                10, 
                11
            ], 
            "gpus": [
                0
            ], 
            "input_size": 10
        }
    ], 
    "clipper_metrics": {
        "histograms": [
            {
                "internal:rpc_request_queueing_delay": {
                    "p99": "0", 
                    "min": "0", 
                    "max": "0", 
                    "p95": "0", 
                    "std_dev": "0", 
                    "size": "0", 
                    "p50": "0", 
                    "unit": "microseconds", 
                    "mean": "0"
                }
            }, 
            {
                "app:nmt:prediction_latency": {
                    "p99": "35490247.360000000077", 
                    "min": "1150419", 
                    "max": "35780465", 
                    "p95": "34163455.7999999997919", 
                    "std_dev": "9982283.77587928651883", 
                    "size": "763", 
                    "p50": "18603461", 
                    "unit": "microseconds", 
                    "mean": "18596143.2372214941042"
                }
            }, 
            {
                "model:nmt:1:prediction_latency": {
                    "p99": "922683.779999995138496", 
                    "min": "251104", 
                    "max": "1150107", 
                    "p95": "309576.399999999998499", 
                    "std_dev": "75470.1130635636944035", 
                    "size": "128", 
                    "p50": "305472", 
                    "unit": "microseconds", 
                    "mean": "310041.6796875"
                }
            }, 
            {
                "model:nmt:1:batch_size": {
                    "p99": "6", 
                    "min": "1", 
                    "max": "6", 
                    "p95": "6", 
                    "std_dev": "0.44021201834315019073", 
                    "size": "128", 
                    "p50": "6", 
                    "unit": "queries", 
                    "mean": "5.9609375"
                }
            }
        ], 
        "meters": [
            {
                "internal:aggregate_model_throughput": {
                    "rate": "11.524074047446923", 
                    "rate_1min": "9.1492324225111137", 
                    "rate_15min": "0.80417283984080634", 
                    "unit": "events per second", 
                    "rate_5min": "2.3150345733741764"
                }
            }, 
            {
                "app:nmt:prediction_throughput": {
                    "rate": "0", 
                    "rate_1min": "0", 
                    "rate_15min": "0", 
                    "unit": "events per second", 
                    "rate_5min": "0"
                }
            }, 
            {
                "model:nmt:1:prediction_throughput": {
                    "rate": "16.96860101601667", 
                    "rate_1min": "8.5085584861550725", 
                    "rate_15min": "0.72741030359648973", 
                    "unit": "events per second", 
                    "rate_5min": "2.1030473716838007"
                }
            }
        ], 
        "ratio_counters": [
            {
                "app:nmt:default_prediction_ratio": {
                    "ratio": "0"
                }
            }, 
            {
                "model:nmt:1:cache_hit_ratio": {
                    "ratio": "0"
                }
            }
        ], 
        "counters": [
            {
                "internal:aggregate_num_predictions": {
                    "count": "5000"
                }
            }, 
            {
                "app:nmt:num_predictions": {
                    "count": "763"
                }
            }, 
            {
                "model:nmt:1:num_predictions": {
                    "count": "763"
                }
            }
        ]
    }
}