{
    "client_metrics": [
        {
            "thrus": [
                7.422462360322247, 
                8.418263793704048, 
                8.481649103998588, 
                8.579876072270013, 
                8.798194751208168, 
                8.318237119334595, 
                8.515048730772381, 
                8.433596141056281, 
                8.931960788692137, 
                8.401796774651041, 
                8.56119085479895, 
                8.754019408011189, 
                8.4489073450576, 
                8.264626736398077, 
                8.389719238045698
            ], 
            "p99_lats": [
                6.36415379, 
                12.04594081, 
                17.682441179999998, 
                23.25101866, 
                28.67809045, 
                34.43133605, 
                40.048852339999996, 
                45.71039861, 
                51.07556313, 
                56.75700544, 
                62.33170109, 
                67.81668088999999, 
                73.44349805, 
                79.23539851000001, 
                84.93634286
            ], 
            "mean_lats": [
                3.62385108, 
                9.31425094, 
                14.96061694, 
                20.58787692, 
                26.051511160000004, 
                31.66973564, 
                37.36644346, 
                42.9994178, 
                48.453317039999995, 
                53.993423580000005, 
                59.65628184, 
                65.19618061999999, 
                70.72233162, 
                76.49562308, 
                82.22877676
            ]
        }
    ], 
    "node_configs": [
        {
            "model_image": "model-comp/nmt", 
            "name": "nmt", 
            "cpus_per_replica": 3, 
            "input_type": "strings", 
            "use_nvidia_docker": true, 
            "batch_size": 2, 
            "num_replicas": 1, 
            "slo": 500000, 
            "allocated_cpus": [
                6, 
                7, 
                8, 
                9, 
                10, 
                11, 
                12, 
                13, 
                14, 
                15
            ], 
            "gpus": [
                0
            ], 
            "input_size": 10
        }
    ], 
    "clipper_metrics": {
        "histograms": [
            {
                "internal:rpc_request_queueing_delay": {
                    "p99": "0", 
                    "min": "0", 
                    "max": "0", 
                    "p95": "0", 
                    "std_dev": "0", 
                    "size": "0", 
                    "p50": "0", 
                    "unit": "microseconds", 
                    "mean": "0"
                }
            }, 
            {
                "app:nmt:prediction_latency": {
                    "p99": "84396870.4000000001033", 
                    "min": "675147", 
                    "max": "85052395", 
                    "p95": "81022907.5999999998749", 
                    "std_dev": "24268672.1411742017681", 
                    "size": "751", 
                    "p50": "43059340", 
                    "unit": "microseconds", 
                    "mean": "42942561.0878828229143"
                }
            }, 
            {
                "model:nmt:1:prediction_latency": {
                    "p99": "254908.930000000001655", 
                    "min": "161341", 
                    "max": "674831", 
                    "p95": "253300.599999999997181", 
                    "std_dev": "32746.7077698295002008", 
                    "size": "376", 
                    "p50": "249203.5", 
                    "unit": "microseconds", 
                    "mean": "236453.343085106383015"
                }
            }, 
            {
                "model:nmt:1:batch_size": {
                    "p99": "2", 
                    "min": "1", 
                    "max": "2", 
                    "p95": "2", 
                    "std_dev": "0.0515024381144603309541", 
                    "size": "376", 
                    "p50": "2", 
                    "unit": "queries", 
                    "mean": "1.99734042553191488826"
                }
            }
        ], 
        "meters": [
            {
                "internal:aggregate_model_throughput": {
                    "rate": "6.5559605575604385", 
                    "rate_1min": "6.3764900567283185", 
                    "rate_15min": "0.75430278754833524", 
                    "unit": "events per second", 
                    "rate_5min": "2.0674556584916326"
                }
            }, 
            {
                "app:nmt:prediction_throughput": {
                    "rate": "0", 
                    "rate_1min": "0", 
                    "rate_15min": "0", 
                    "unit": "events per second", 
                    "rate_5min": "0"
                }
            }, 
            {
                "model:nmt:1:prediction_throughput": {
                    "rate": "7.9571336179677372", 
                    "rate_1min": "6.3911404010418815", 
                    "rate_15min": "0.75638846116369618", 
                    "unit": "events per second", 
                    "rate_5min": "2.0729839222209319"
                }
            }
        ], 
        "ratio_counters": [
            {
                "app:nmt:default_prediction_ratio": {
                    "ratio": "0"
                }
            }, 
            {
                "model:nmt:1:cache_hit_ratio": {
                    "ratio": "0"
                }
            }
        ], 
        "counters": [
            {
                "internal:aggregate_num_predictions": {
                    "count": "5000"
                }
            }, 
            {
                "app:nmt:num_predictions": {
                    "count": "751"
                }
            }, 
            {
                "model:nmt:1:num_predictions": {
                    "count": "751"
                }
            }
        ]
    }
}