{
    "client_metrics": [
        {
            "thrus": [
                6.782601217097093, 
                12.08102988363552, 
                7.594227657934114, 
                11.74628770323427, 
                7.91241025150862, 
                11.917618745365536, 
                7.983130686882934, 
                12.00096967835001, 
                8.007024402367708, 
                11.995165468509573, 
                7.973796192001995, 
                11.012810762247291, 
                7.538219526822945, 
                11.783978926474806, 
                7.533711475424657
            ], 
            "p99_lats": [
                7.15439571, 
                11.085290190000002, 
                17.35786581, 
                21.40622192, 
                27.415399880000002, 
                31.402254759999998, 
                37.35487698, 
                41.313195130000004, 
                47.24726207, 
                51.20754742, 
                57.168316739999995, 
                61.4998179, 
                67.82285947, 
                71.85749553000001, 
                78.18457649
            ], 
            "mean_lats": [
                4.6299275799999995, 
                9.377251739999998, 
                14.694882639999998, 
                19.65198388, 
                24.835860340000004, 
                29.679139380000002, 
                34.81368168, 
                39.59609776, 
                44.72386653999999, 
                49.503116760000005, 
                54.610708439999996, 
                59.55013288, 
                64.97590536, 
                70.11146672, 
                75.50486006
            ]
        }
    ], 
    "node_configs": [
        {
            "model_image": "model-comp/nmt", 
            "name": "nmt", 
            "cpus_per_replica": 2, 
            "input_type": "strings", 
            "use_nvidia_docker": true, 
            "batch_size": 20, 
            "num_replicas": 1, 
            "slo": 500000, 
            "allocated_cpus": [
                6, 
                7, 
                8, 
                9, 
                10, 
                11, 
                12, 
                13, 
                14, 
                15
            ], 
            "gpus": [
                0
            ], 
            "input_size": 40
        }
    ], 
    "clipper_metrics": {
        "histograms": [
            {
                "internal:rpc_request_queueing_delay": {
                    "p99": "0", 
                    "min": "0", 
                    "max": "0", 
                    "p95": "0", 
                    "std_dev": "0", 
                    "size": "0", 
                    "p50": "0", 
                    "unit": "microseconds", 
                    "mean": "0"
                }
            }, 
            {
                "app:nmt:prediction_latency": {
                    "p99": "78150663.2999999999811", 
                    "min": "1170659", 
                    "max": "78185180", 
                    "p95": "76126399.2999999998719", 
                    "std_dev": "22141098.2968172850779", 
                    "size": "761", 
                    "p50": "39321217", 
                    "unit": "microseconds", 
                    "mean": "40302170.7726675427039"
                }
            }, 
            {
                "model:nmt:1:prediction_latency": {
                    "p99": "2471453", 
                    "min": "1170384", 
                    "max": "2471453", 
                    "p95": "2448621", 
                    "std_dev": "188529.097505767662042", 
                    "size": "39", 
                    "p50": "2091851", 
                    "unit": "microseconds", 
                    "mean": "2103022.61538461538476"
                }
            }, 
            {
                "model:nmt:1:batch_size": {
                    "p99": "20", 
                    "min": "1", 
                    "max": "20", 
                    "p95": "20", 
                    "std_dev": "3.00317605272847570506", 
                    "size": "39", 
                    "p50": "20", 
                    "unit": "queries", 
                    "mean": "19.5128205128205128114"
                }
            }
        ], 
        "meters": [
            {
                "internal:aggregate_model_throughput": {
                    "rate": "6.9970727962029642", 
                    "rate_1min": "6.6971827276571112", 
                    "rate_15min": "0.76729895596553654", 
                    "unit": "events per second", 
                    "rate_5min": "2.115493543808519"
                }
            }, 
            {
                "app:nmt:prediction_throughput": {
                    "rate": "0", 
                    "rate_1min": "0", 
                    "rate_15min": "0", 
                    "unit": "events per second", 
                    "rate_5min": "0"
                }
            }, 
            {
                "model:nmt:1:prediction_throughput": {
                    "rate": "8.6028997130475098", 
                    "rate_1min": "6.6774142671508612", 
                    "rate_15min": "0.76706859874259792", 
                    "unit": "events per second", 
                    "rate_5min": "2.113688635163308"
                }
            }
        ], 
        "ratio_counters": [
            {
                "app:nmt:default_prediction_ratio": {
                    "ratio": "0"
                }
            }, 
            {
                "model:nmt:1:cache_hit_ratio": {
                    "ratio": "0"
                }
            }
        ], 
        "counters": [
            {
                "internal:aggregate_num_predictions": {
                    "count": "5000"
                }
            }, 
            {
                "app:nmt:num_predictions": {
                    "count": "761"
                }
            }, 
            {
                "model:nmt:1:num_predictions": {
                    "count": "761"
                }
            }
        ]
    }
}