{
    "client_metrics": [
        {
            "thrus": [
                6.131495813966493, 
                7.142443901459987, 
                6.892568295012951, 
                7.016160322069823, 
                7.087028569087827, 
                7.010080214945884, 
                7.066549512697812, 
                7.083192377805015, 
                7.079023564795223, 
                7.0816333872387265, 
                7.1108026602934915, 
                6.800978742452784, 
                6.824014799923298, 
                6.987325271450599, 
                6.846897082098952
            ], 
            "p99_lats": [
                7.93705878, 
                14.67867736, 
                21.67395371, 
                28.53976488, 
                35.33544528, 
                42.20889744, 
                49.02574084, 
                55.82564412, 
                62.628438380000006, 
                69.42966562000001, 
                76.20236852, 
                83.29522469, 
                90.36357995, 
                97.25946288, 
                104.30370256
            ], 
            "mean_lats": [
                5.11455868, 
                11.82433686, 
                18.67131686, 
                25.623823820000002, 
                32.464739779999995, 
                39.310327900000004, 
                46.1313182, 
                52.921281320000006, 
                59.7584626, 
                66.56708136, 
                73.34828764, 
                80.19291591999999, 
                87.27734352000002, 
                94.32986378, 
                101.33939714
            ]
        }
    ], 
    "node_configs": [
        {
            "model_image": "model-comp/nmt", 
            "name": "nmt", 
            "cpus_per_replica": 2, 
            "input_type": "strings", 
            "use_nvidia_docker": true, 
            "batch_size": 10, 
            "num_replicas": 1, 
            "slo": 500000, 
            "allocated_cpus": [
                6, 
                7, 
                8, 
                9, 
                10, 
                11, 
                12, 
                13, 
                14, 
                15
            ], 
            "gpus": [
                0
            ], 
            "input_size": 40
        }
    ], 
    "clipper_metrics": {
        "histograms": [
            {
                "internal:rpc_request_queueing_delay": {
                    "p99": "0", 
                    "min": "0", 
                    "max": "0", 
                    "p95": "0", 
                    "std_dev": "0", 
                    "size": "0", 
                    "p50": "0", 
                    "unit": "microseconds", 
                    "mean": "0"
                }
            }, 
            {
                "app:nmt:prediction_latency": {
                    "p99": "104270749.800000000105", 
                    "min": "1198375", 
                    "max": "104305065", 
                    "p95": "99969750.3999999998996", 
                    "std_dev": "29743433.7503948456979", 
                    "size": "751", 
                    "p50": "53031681", 
                    "unit": "microseconds", 
                    "mean": "53057650.8894806924254"
                }
            }, 
            {
                "model:nmt:1:prediction_latency": {
                    "p99": "1681863", 
                    "min": "1198087", 
                    "max": "1681863", 
                    "p95": "1653730.59999999996103", 
                    "std_dev": "64871.9237974057592844", 
                    "size": "76", 
                    "p50": "1412530", 
                    "unit": "microseconds", 
                    "mean": "1422871.85526315789468"
                }
            }, 
            {
                "model:nmt:1:batch_size": {
                    "p99": "10", 
                    "min": "1", 
                    "max": "10", 
                    "p95": "10", 
                    "std_dev": "1.02555639921841418565", 
                    "size": "76", 
                    "p50": "10", 
                    "unit": "queries", 
                    "mean": "9.88157894736842104966"
                }
            }
        ], 
        "meters": [
            {
                "internal:aggregate_model_throughput": {
                    "rate": "5.5692251647522895", 
                    "rate_1min": "5.7659136348841118", 
                    "rate_15min": "0.75717854955977981", 
                    "unit": "events per second", 
                    "rate_5min": "2.0358733903555426"
                }
            }, 
            {
                "app:nmt:prediction_throughput": {
                    "rate": "0", 
                    "rate_1min": "0", 
                    "rate_15min": "0", 
                    "unit": "events per second", 
                    "rate_5min": "0"
                }
            }, 
            {
                "model:nmt:1:prediction_throughput": {
                    "rate": "6.5427293675965936", 
                    "rate_1min": "5.7473357218306624", 
                    "rate_15min": "0.75705846721203174", 
                    "unit": "events per second", 
                    "rate_5min": "2.0348505271254322"
                }
            }
        ], 
        "ratio_counters": [
            {
                "app:nmt:default_prediction_ratio": {
                    "ratio": "0"
                }
            }, 
            {
                "model:nmt:1:cache_hit_ratio": {
                    "ratio": "0"
                }
            }
        ], 
        "counters": [
            {
                "internal:aggregate_num_predictions": {
                    "count": "5000"
                }
            }, 
            {
                "app:nmt:num_predictions": {
                    "count": "751"
                }
            }, 
            {
                "model:nmt:1:num_predictions": {
                    "count": "751"
                }
            }
        ]
    }
}