{
    "client_metrics": [
        {
            "thrus": [
                1.7238431538551735, 
                1.7309091880917742, 
                1.7205679305683392, 
                1.7154002147063525, 
                1.7293436729177483, 
                1.73142532109802, 
                1.7244436927402782, 
                1.7226984086022188, 
                1.7193180304400444, 
                1.730238992375252, 
                1.7385347371931794, 
                1.7496384284705644, 
                1.7293619159503824, 
                1.7244178813581184, 
                1.7406076203592746
            ], 
            "p99_lats": [
                28.48749541, 
                57.1257162, 
                85.91451695, 
                114.7617339, 
                143.42763574999998, 
                172.04834936999998, 
                200.77869594999999, 
                229.54307692999998, 
                258.39502339, 
                287.02903166, 
                315.514395, 
                343.82368692, 
                372.51804655, 
                401.21530922, 
                429.70569911999996
            ], 
            "mean_lats": [
                14.9819371, 
                43.49082367999999, 
                71.94517858, 
                100.89413340000003, 
                129.6884864, 
                158.2559136, 
                186.92827528000007, 
                215.63677042, 
                244.54601204000002, 
                273.26073124000004, 
                301.95152681999997, 
                330.2169179, 
                358.69795558000004, 
                387.395811, 
                416.07077553999994
            ]
        }
    ], 
    "node_configs": [
        {
            "model_image": "model-comp/nmt", 
            "name": "nmt", 
            "cpus_per_replica": 4, 
            "input_type": "strings", 
            "use_nvidia_docker": true, 
            "batch_size": 1, 
            "num_replicas": 1, 
            "slo": 500000, 
            "allocated_cpus": [
                6, 
                7, 
                8, 
                9, 
                10, 
                11, 
                12, 
                13, 
                14, 
                15
            ], 
            "gpus": [
                0
            ], 
            "input_size": 40
        }
    ], 
    "clipper_metrics": {
        "histograms": [
            {
                "internal:rpc_request_queueing_delay": {
                    "p99": "0", 
                    "min": "0", 
                    "max": "0", 
                    "p95": "0", 
                    "std_dev": "0", 
                    "size": "0", 
                    "p50": "0", 
                    "unit": "microseconds", 
                    "mean": "0"
                }
            }, 
            {
                "app:nmt:prediction_latency": {
                    "p99": "426307989.150000004767", 
                    "min": "1155987", 
                    "max": "429982561", 
                    "p95": "409158453.299999963521", 
                    "std_dev": "124127757.623332467127", 
                    "size": "750", 
                    "p50": "215622553.5", 
                    "unit": "microseconds", 
                    "mean": "215595910.927999999942"
                }
            }, 
            {
                "model:nmt:1:prediction_latency": {
                    "p99": "641469.580000000007658", 
                    "min": "493858", 
                    "max": "1155691", 
                    "p95": "622267.799999999991542", 
                    "std_dev": "39500.1835240167741468", 
                    "size": "750", 
                    "p50": "582640", 
                    "unit": "microseconds", 
                    "mean": "578445.262666666666576"
                }
            }, 
            {
                "model:nmt:1:batch_size": {
                    "p99": "1", 
                    "min": "1", 
                    "max": "1", 
                    "p95": "1", 
                    "std_dev": "5.20417042793042128324e-18", 
                    "size": "750", 
                    "p50": "1", 
                    "unit": "queries", 
                    "mean": "1.0000000000000000052"
                }
            }
        ], 
        "meters": [
            {
                "internal:aggregate_model_throughput": {
                    "rate": "1.6295920107596007", 
                    "rate_1min": "1.7339618937276089", 
                    "rate_15min": "0.66143951396531908", 
                    "unit": "events per second", 
                    "rate_5min": "1.3230219864254735"
                }
            }, 
            {
                "app:nmt:prediction_throughput": {
                    "rate": "0", 
                    "rate_1min": "0", 
                    "rate_15min": "0", 
                    "unit": "events per second", 
                    "rate_5min": "0"
                }
            }, 
            {
                "model:nmt:1:prediction_throughput": {
                    "rate": "1.7045016101154016", 
                    "rate_1min": "1.7250420596933416", 
                    "rate_15min": "0.6612555198126403", 
                    "unit": "events per second", 
                    "rate_5min": "1.3218823472034251"
                }
            }
        ], 
        "ratio_counters": [
            {
                "app:nmt:default_prediction_ratio": {
                    "ratio": "0"
                }
            }, 
            {
                "model:nmt:1:cache_hit_ratio": {
                    "ratio": "0"
                }
            }
        ], 
        "counters": [
            {
                "internal:aggregate_num_predictions": {
                    "count": "5000"
                }
            }, 
            {
                "app:nmt:num_predictions": {
                    "count": "750"
                }
            }, 
            {
                "model:nmt:1:num_predictions": {
                    "count": "750"
                }
            }
        ]
    }
}