{
    "client_metrics": [
        {
            "thrus": [
                3.376251568015635, 
                3.6240492487998233, 
                3.6714067464889237, 
                3.559505245856451, 
                3.414590339645886, 
                3.5518643949320863, 
                3.639132817939935, 
                3.6585169542992695, 
                3.637081000994524, 
                3.6355997638023547, 
                3.693019388277928, 
                3.532825638026544, 
                3.52093782009726, 
                3.597065370188386, 
                3.5436800380109292
            ], 
            "p99_lats": [
                14.39421615, 
                27.935743069999997, 
                41.27313765, 
                55.077329660000004, 
                69.44849578, 
                83.26698517, 
                96.76989800999999, 
                110.20579162, 
                123.64624265999998, 
                137.1553826, 
                150.42196551, 
                164.33679854000002, 
                178.3139107, 
                191.94934222999998, 
                205.78656615
            ], 
            "mean_lats": [
                7.762868840000001, 
                21.379027580000002, 
                34.834789099999995, 
                48.53827806, 
                62.52389050000001, 
                76.69617742, 
                90.42131946, 
                103.79143794, 
                117.26885247999999, 
                130.68598358, 
                144.05309558000002, 
                157.82548806, 
                171.59875703999998, 
                185.39256034, 
                199.24301076
            ]
        }
    ], 
    "node_configs": [
        {
            "model_image": "model-comp/nmt", 
            "name": "nmt", 
            "cpus_per_replica": 1, 
            "input_type": "strings", 
            "use_nvidia_docker": true, 
            "batch_size": 1, 
            "num_replicas": 1, 
            "slo": 500000, 
            "allocated_cpus": [
                6, 
                7, 
                8, 
                9, 
                10, 
                11
            ], 
            "gpus": [
                0
            ], 
            "input_size": 10
        }
    ], 
    "clipper_metrics": {
        "histograms": [
            {
                "internal:rpc_request_queueing_delay": {
                    "p99": "0", 
                    "min": "0", 
                    "max": "0", 
                    "p95": "0", 
                    "std_dev": "0", 
                    "size": "0", 
                    "p50": "0", 
                    "unit": "microseconds", 
                    "mean": "0"
                }
            }, 
            {
                "app:nmt:prediction_latency": {
                    "p99": "204576806.5200000037", 
                    "min": "683558", 
                    "max": "206134985", 
                    "p95": "196172849.399999994479", 
                    "std_dev": "59230828.6321494730619", 
                    "size": "751", 
                    "p50": "104015837", 
                    "unit": "microseconds", 
                    "mean": "103602914.539280958714"
                }
            }, 
            {
                "model:nmt:1:prediction_latency": {
                    "p99": "336117.320000000003802", 
                    "min": "180219", 
                    "max": "683272", 
                    "p95": "325481.599999999999454", 
                    "std_dev": "43292.6183272518583394", 
                    "size": "751", 
                    "p50": "279394", 
                    "unit": "microseconds", 
                    "mean": "279647.444740346205037"
                }
            }, 
            {
                "model:nmt:1:batch_size": {
                    "p99": "1", 
                    "min": "1", 
                    "max": "1", 
                    "p95": "1", 
                    "std_dev": "5.42101086242752217004e-18", 
                    "size": "751", 
                    "p50": "1", 
                    "unit": "queries", 
                    "mean": "0.999999999999999994579"
                }
            }
        ], 
        "meters": [
            {
                "internal:aggregate_model_throughput": {
                    "rate": "3.1869289572852222", 
                    "rate_1min": "3.469253531974736", 
                    "rate_15min": "0.74181554240745862", 
                    "unit": "events per second", 
                    "rate_5min": "1.7966866231368321"
                }
            }, 
            {
                "app:nmt:prediction_throughput": {
                    "rate": "0", 
                    "rate_1min": "0", 
                    "rate_15min": "0", 
                    "unit": "events per second", 
                    "rate_5min": "0"
                }
            }, 
            {
                "model:nmt:1:prediction_throughput": {
                    "rate": "3.5095599759499345", 
                    "rate_1min": "3.4568603074780895", 
                    "rate_15min": "1.0468637207451186", 
                    "unit": "events per second", 
                    "rate_5min": "1.9718877823638405"
                }
            }
        ], 
        "ratio_counters": [
            {
                "app:nmt:default_prediction_ratio": {
                    "ratio": "0"
                }
            }, 
            {
                "model:nmt:1:cache_hit_ratio": {
                    "ratio": "0"
                }
            }
        ], 
        "counters": [
            {
                "internal:aggregate_num_predictions": {
                    "count": "5000"
                }
            }, 
            {
                "app:nmt:num_predictions": {
                    "count": "751"
                }
            }, 
            {
                "model:nmt:1:num_predictions": {
                    "count": "751"
                }
            }
        ]
    }
}