{
    "client_metrics": [
        {
            "thrus": [
                9.128336932028029, 
                11.378643242439972, 
                10.419421301173164, 
                11.13157341673405, 
                11.361635166533167, 
                11.229812727151037, 
                11.28713523929404, 
                11.398619763930025, 
                11.409424458428848, 
                11.383601648618725, 
                11.504866443456917, 
                10.381990817336762, 
                10.422790055824464, 
                11.263714417081378, 
                10.51056322114288
            ], 
            "p99_lats": [
                5.33645915, 
                9.47284629, 
                14.01302561, 
                18.24664094, 
                22.38932805, 
                26.58370528, 
                30.75510929, 
                34.883151170000005, 
                39.00741329, 
                43.1417149, 
                47.22933263, 
                51.787005549999996, 
                56.32626046, 
                60.50683821, 
                65.00601213
            ], 
            "mean_lats": [
                4.18887062, 
                8.29885968, 
                12.632460880000002, 
                17.04373072, 
                21.212638620000003, 
                25.401529340000003, 
                29.554733860000002, 
                33.70134372, 
                37.845462579999996, 
                41.97544914, 
                46.0650774, 
                50.40263768, 
                54.95544358000001, 
                59.31813284, 
                63.82912857999999
            ]
        }
    ], 
    "node_configs": [
        {
            "model_image": "model-comp/nmt", 
            "name": "nmt", 
            "cpus_per_replica": 4, 
            "input_type": "strings", 
            "use_nvidia_docker": true, 
            "batch_size": 25, 
            "num_replicas": 1, 
            "slo": 500000, 
            "allocated_cpus": [
                6, 
                7, 
                8, 
                9, 
                10, 
                11, 
                12, 
                13, 
                14, 
                15
            ], 
            "gpus": [
                0
            ], 
            "input_size": 40
        }
    ], 
    "clipper_metrics": {
        "histograms": [
            {
                "internal:rpc_request_queueing_delay": {
                    "p99": "0", 
                    "min": "0", 
                    "max": "0", 
                    "p95": "0", 
                    "std_dev": "0", 
                    "size": "0", 
                    "p50": "0", 
                    "unit": "microseconds", 
                    "mean": "0"
                }
            }, 
            {
                "app:nmt:prediction_latency": {
                    "p99": "64973295.4800000000832", 
                    "min": "1148425", 
                    "max": "65007009", 
                    "p95": "62885147.3999999998996", 
                    "std_dev": "18340296.4104010086248", 
                    "size": "751", 
                    "p50": "32800028", 
                    "unit": "microseconds", 
                    "mean": "33799940.2170439413967"
                }
            }, 
            {
                "model:nmt:1:prediction_latency": {
                    "p99": "2599653", 
                    "min": "1148137", 
                    "max": "2599653", 
                    "p95": "2595026.39999999998918", 
                    "std_dev": "234182.196440849366965", 
                    "size": "31", 
                    "p50": "2208933", 
                    "unit": "microseconds", 
                    "mean": "2217621.45161290322562"
                }
            }, 
            {
                "model:nmt:1:batch_size": {
                    "p99": "25", 
                    "min": "1", 
                    "max": "25", 
                    "p95": "25", 
                    "std_dev": "4.24043270326580216609", 
                    "size": "31", 
                    "p50": "25", 
                    "unit": "queries", 
                    "mean": "24.2258064516129032299"
                }
            }
        ], 
        "meters": [
            {
                "internal:aggregate_model_throughput": {
                    "rate": "7.9254529573131194", 
                    "rate_1min": "7.3263279722841332", 
                    "rate_15min": "0.75287339542648768", 
                    "unit": "events per second", 
                    "rate_5min": "2.1128700718626696"
                }
            }, 
            {
                "app:nmt:prediction_throughput": {
                    "rate": "0", 
                    "rate_1min": "0", 
                    "rate_15min": "0", 
                    "unit": "events per second", 
                    "rate_5min": "0"
                }
            }, 
            {
                "model:nmt:1:prediction_throughput": {
                    "rate": "10.037443137918038", 
                    "rate_1min": "7.3427390825723364", 
                    "rate_15min": "0.75302019046832136", 
                    "unit": "events per second", 
                    "rate_5min": "2.1140655272798989"
                }
            }
        ], 
        "ratio_counters": [
            {
                "app:nmt:default_prediction_ratio": {
                    "ratio": "0"
                }
            }, 
            {
                "model:nmt:1:cache_hit_ratio": {
                    "ratio": "0"
                }
            }
        ], 
        "counters": [
            {
                "internal:aggregate_num_predictions": {
                    "count": "5000"
                }
            }, 
            {
                "app:nmt:num_predictions": {
                    "count": "751"
                }
            }, 
            {
                "model:nmt:1:num_predictions": {
                    "count": "751"
                }
            }
        ]
    }
}