{
    "client_metrics": [
        {
            "thrus": [
                9.345205731900627, 
                11.942882448118922, 
                11.389532017796828, 
                11.943316066483185, 
                10.828611878077625, 
                11.789583290104861, 
                11.031400661354532, 
                11.548338921574537, 
                10.796498738645052, 
                11.83874960073817, 
                10.957655237101743, 
                11.75154691487814, 
                10.841565695551488, 
                11.713788112566691, 
                10.90429064209043
            ], 
            "p99_lats": [
                4.9066091499999995, 
                9.010193959999999, 
                12.96737687, 
                17.070569730000003, 
                21.252518870000003, 
                25.413016900000002, 
                29.512742199999998, 
                33.75911120000001, 
                37.95747312, 
                42.09748566, 
                46.227752069999994, 
                50.39882106, 
                54.59389607, 
                58.76279753, 
                62.95473172
            ], 
            "mean_lats": [
                2.91031274, 
                7.004433039999999, 
                11.017436680000003, 
                15.112472979999998, 
                19.258638979999997, 
                23.38382776, 
                27.52924928, 
                31.713500779999993, 
                35.94802326000001, 
                40.10874536, 
                44.24113644000001, 
                48.42343004, 
                52.58254102, 
                56.74724899999999, 
                60.967042740000004
            ]
        }
    ], 
    "node_configs": [
        {
            "model_image": "model-comp/nmt", 
            "name": "nmt", 
            "cpus_per_replica": 1, 
            "input_type": "strings", 
            "use_nvidia_docker": true, 
            "batch_size": 4, 
            "num_replicas": 1, 
            "slo": 500000, 
            "allocated_cpus": [
                6, 
                7, 
                8, 
                9, 
                10, 
                11
            ], 
            "gpus": [
                0
            ], 
            "input_size": 10
        }
    ], 
    "clipper_metrics": {
        "histograms": [
            {
                "internal:rpc_request_queueing_delay": {
                    "p99": "0", 
                    "min": "0", 
                    "max": "0", 
                    "p95": "0", 
                    "std_dev": "0", 
                    "size": "0", 
                    "p50": "0", 
                    "unit": "microseconds", 
                    "mean": "0"
                }
            }, 
            {
                "app:nmt:prediction_latency": {
                    "p99": "63376033.9599999999737", 
                    "min": "682661", 
                    "max": "63730605", 
                    "p95": "60800299.4999999998727", 
                    "std_dev": "18246512.7651593142291", 
                    "size": "761", 
                    "p50": "32060650", 
                    "unit": "microseconds", 
                    "mean": "32251853.2194480946346"
                }
            }, 
            {
                "model:nmt:1:prediction_latency": {
                    "p99": "404457.919999995192484", 
                    "min": "263158", 
                    "max": "682389", 
                    "p95": "362529.399999999995998", 
                    "std_dev": "30769.2081953996398127", 
                    "size": "191", 
                    "p50": "360780", 
                    "unit": "microseconds", 
                    "mean": "354199.209424083769647"
                }
            }, 
            {
                "model:nmt:1:batch_size": {
                    "p99": "4", 
                    "min": "1", 
                    "max": "4", 
                    "p95": "4", 
                    "std_dev": "0.216503383540684111902", 
                    "size": "191", 
                    "p50": "4", 
                    "unit": "queries", 
                    "mean": "3.98429319371727748336"
                }
            }
        ], 
        "meters": [
            {
                "internal:aggregate_model_throughput": {
                    "rate": "8.1371883332565069", 
                    "rate_1min": "7.384438455330133", 
                    "rate_15min": "0.77327682206755965", 
                    "unit": "events per second", 
                    "rate_5min": "2.1641411351971458"
                }
            }, 
            {
                "app:nmt:prediction_throughput": {
                    "rate": "0", 
                    "rate_1min": "0", 
                    "rate_15min": "0", 
                    "unit": "events per second", 
                    "rate_5min": "0"
                }
            }, 
            {
                "model:nmt:1:prediction_throughput": {
                    "rate": "10.524351399159276", 
                    "rate_1min": "7.4422153585859636", 
                    "rate_15min": "0.7856207766319907", 
                    "unit": "events per second", 
                    "rate_5min": "2.1958296481450978"
                }
            }
        ], 
        "ratio_counters": [
            {
                "app:nmt:default_prediction_ratio": {
                    "ratio": "0"
                }
            }, 
            {
                "model:nmt:1:cache_hit_ratio": {
                    "ratio": "0"
                }
            }
        ], 
        "counters": [
            {
                "internal:aggregate_num_predictions": {
                    "count": "5000"
                }
            }, 
            {
                "app:nmt:num_predictions": {
                    "count": "761"
                }
            }, 
            {
                "model:nmt:1:num_predictions": {
                    "count": "761"
                }
            }
        ]
    }
}