{
    "client_metrics": [
        {
            "thrus": [
                6.880286726316918, 
                12.231736610590678, 
                7.689074732116481, 
                11.901367181456338, 
                8.018940094989157, 
                12.076416666324501, 
                8.088998395951618, 
                12.148988390183716, 
                8.11974611827417, 
                12.102314906590705, 
                8.086702388326684, 
                11.120266797441005, 
                7.644958348737925, 
                11.964026564924584, 
                7.645490238773247
            ], 
            "p99_lats": [
                7.05055885, 
                10.931036429999999, 
                17.12548518, 
                21.11902672, 
                27.04500787, 
                30.978243130000003, 
                36.85102405000001, 
                40.759416740000006, 
                46.60853119, 
                50.53192023, 
                56.406451020000006, 
                60.69562166, 
                66.92712406999999, 
                70.89911788, 
                77.12975671000001
            ], 
            "mean_lats": [
                4.5598746, 
                9.242667599999999, 
                14.498259679999999, 
                19.392957600000003, 
                24.4971708, 
                29.2761253, 
                34.34182934, 
                39.057559180000005, 
                44.123797540000005, 
                48.84157870000001, 
                53.878953360000004, 
                58.76666688, 
                64.11816642, 
                69.17828276, 
                74.48845211999999
            ]
        }
    ], 
    "node_configs": [
        {
            "model_image": "model-comp/nmt", 
            "name": "nmt", 
            "cpus_per_replica": 5, 
            "input_type": "strings", 
            "use_nvidia_docker": true, 
            "batch_size": 20, 
            "num_replicas": 1, 
            "slo": 500000, 
            "allocated_cpus": [
                6, 
                7, 
                8, 
                9, 
                10, 
                11, 
                12, 
                13, 
                14, 
                15
            ], 
            "gpus": [
                0
            ], 
            "input_size": 40
        }
    ], 
    "clipper_metrics": {
        "histograms": [
            {
                "internal:rpc_request_queueing_delay": {
                    "p99": "0", 
                    "min": "0", 
                    "max": "0", 
                    "p95": "0", 
                    "std_dev": "0", 
                    "size": "0", 
                    "p50": "0", 
                    "unit": "microseconds", 
                    "mean": "0"
                }
            }, 
            {
                "app:nmt:prediction_latency": {
                    "p99": "77096208.7399999999761", 
                    "min": "1148607", 
                    "max": "77131060", 
                    "p95": "75100036.4999999998981", 
                    "std_dev": "21848026.5547605298761", 
                    "size": "761", 
                    "p50": "38778988", 
                    "unit": "microseconds", 
                    "mean": "39761683.8528252299475"
                }
            }, 
            {
                "model:nmt:1:prediction_latency": {
                    "p99": "2442670", 
                    "min": "1148336", 
                    "max": "2442670", 
                    "p95": "2418872", 
                    "std_dev": "187444.8317796695422", 
                    "size": "39", 
                    "p50": "2063934", 
                    "unit": "microseconds", 
                    "mean": "2075566.41025641025624"
                }
            }, 
            {
                "model:nmt:1:batch_size": {
                    "p99": "20", 
                    "min": "1", 
                    "max": "20", 
                    "p95": "20", 
                    "std_dev": "3.00317605272847570506", 
                    "size": "39", 
                    "p50": "20", 
                    "unit": "queries", 
                    "mean": "19.5128205128205128114"
                }
            }
        ], 
        "meters": [
            {
                "internal:aggregate_model_throughput": {
                    "rate": "7.0624214392619091", 
                    "rate_1min": "6.9673880017172456", 
                    "rate_15min": "0.78910259929153936", 
                    "unit": "events per second", 
                    "rate_5min": "2.1786203733099923"
                }
            }, 
            {
                "app:nmt:prediction_throughput": {
                    "rate": "0", 
                    "rate_1min": "0", 
                    "rate_15min": "0", 
                    "unit": "events per second", 
                    "rate_5min": "0"
                }
            }, 
            {
                "model:nmt:1:prediction_throughput": {
                    "rate": "8.6919595684763031", 
                    "rate_1min": "6.9388177366692165", 
                    "rate_15min": "0.78886763660455572", 
                    "unit": "events per second", 
                    "rate_5min": "2.1767009993791371"
                }
            }
        ], 
        "ratio_counters": [
            {
                "app:nmt:default_prediction_ratio": {
                    "ratio": "0"
                }
            }, 
            {
                "model:nmt:1:cache_hit_ratio": {
                    "ratio": "0"
                }
            }
        ], 
        "counters": [
            {
                "internal:aggregate_num_predictions": {
                    "count": "5000"
                }
            }, 
            {
                "app:nmt:num_predictions": {
                    "count": "761"
                }
            }, 
            {
                "model:nmt:1:num_predictions": {
                    "count": "761"
                }
            }
        ]
    }
}