{
    "client_metrics": [
        {
            "thrus": [
                5.949818988656908, 
                11.200531173990395, 
                7.041677293731316, 
                11.162939398411336, 
                7.395952993689477, 
                11.150512064965561, 
                7.0444422591019125, 
                10.317089557289561, 
                7.410788922945581, 
                11.306494880306053, 
                7.437552081458451, 
                11.156065095193588, 
                7.43400130808687, 
                10.99213710448642, 
                7.476690296497125
            ], 
            "p99_lats": [
                8.18666251, 
                12.443951760000001, 
                19.23469977, 
                23.50666466, 
                29.95875599, 
                34.23543056, 
                41.02451937, 
                45.66291244, 
                52.10129414, 
                56.31622131, 
                62.73010417, 
                67.00440731999998, 
                73.42137686000001, 
                77.76300965, 
                84.14205541999999
            ], 
            "mean_lats": [
                5.437642020000001, 
                10.6064576, 
                16.50097456, 
                21.660978919999998, 
                27.224183280000002, 
                32.39033074, 
                37.976855040000004, 
                43.73570186, 
                49.35372421999998, 
                54.51166408, 
                59.979150020000006, 
                65.16706606, 
                70.70183062000001, 
                75.89808936, 
                81.43579734
            ]
        }
    ], 
    "node_configs": [
        {
            "model_image": "model-comp/nmt", 
            "name": "nmt", 
            "cpus_per_replica": 1, 
            "input_type": "strings", 
            "use_nvidia_docker": true, 
            "batch_size": 20, 
            "num_replicas": 1, 
            "slo": 500000, 
            "allocated_cpus": [
                6, 
                7, 
                8, 
                9, 
                10, 
                11, 
                12, 
                13, 
                14, 
                15
            ], 
            "gpus": [
                0
            ], 
            "input_size": 40
        }
    ], 
    "clipper_metrics": {
        "histograms": [
            {
                "internal:rpc_request_queueing_delay": {
                    "p99": "0", 
                    "min": "0", 
                    "max": "0", 
                    "p95": "0", 
                    "std_dev": "0", 
                    "size": "0", 
                    "p50": "0", 
                    "unit": "microseconds", 
                    "mean": "0"
                }
            }, 
            {
                "app:nmt:prediction_latency": {
                    "p99": "84108917.1999999999825", 
                    "min": "1237196", 
                    "max": "84143271", 
                    "p95": "81940815.6999999998734", 
                    "std_dev": "23879717.7796115104193", 
                    "size": "761", 
                    "p50": "43519851", 
                    "unit": "microseconds", 
                    "mean": "44088895.9960578186547"
                }
            }, 
            {
                "model:nmt:1:prediction_latency": {
                    "p99": "2657035", 
                    "min": "1236909", 
                    "max": "2657035", 
                    "p95": "2638764", 
                    "std_dev": "204798.951368377650056", 
                    "size": "39", 
                    "p50": "2242065", 
                    "unit": "microseconds", 
                    "mean": "2255366.28205128205127"
                }
            }, 
            {
                "model:nmt:1:batch_size": {
                    "p99": "20", 
                    "min": "1", 
                    "max": "20", 
                    "p95": "20", 
                    "std_dev": "3.00317605272847570506", 
                    "size": "39", 
                    "p50": "20", 
                    "unit": "queries", 
                    "mean": "19.5128205128205128114"
                }
            }
        ], 
        "meters": [
            {
                "internal:aggregate_model_throughput": {
                    "rate": "6.6301421631423416", 
                    "rate_1min": "6.6127138552902096", 
                    "rate_15min": "0.76614998628739484", 
                    "unit": "events per second", 
                    "rate_5min": "2.1066327949711603"
                }
            }, 
            {
                "app:nmt:prediction_throughput": {
                    "rate": "0", 
                    "rate_1min": "0", 
                    "rate_15min": "0", 
                    "unit": "events per second", 
                    "rate_5min": "0"
                }
            }, 
            {
                "model:nmt:1:prediction_throughput": {
                    "rate": "8.1294113406719664", 
                    "rate_1min": "6.5024122751688092", 
                    "rate_15min": "0.76532053278816037", 
                    "unit": "events per second", 
                    "rate_5min": "2.0997461891528388"
                }
            }
        ], 
        "ratio_counters": [
            {
                "app:nmt:default_prediction_ratio": {
                    "ratio": "0"
                }
            }, 
            {
                "model:nmt:1:cache_hit_ratio": {
                    "ratio": "0"
                }
            }
        ], 
        "counters": [
            {
                "internal:aggregate_num_predictions": {
                    "count": "5000"
                }
            }, 
            {
                "app:nmt:num_predictions": {
                    "count": "761"
                }
            }, 
            {
                "model:nmt:1:num_predictions": {
                    "count": "761"
                }
            }
        ]
    }
}