{
    "client_metrics": [
        {
            "thrus": [
                16.42794129968015, 
                28.935637304518067, 
                28.994466116197064, 
                21.806978582057916, 
                28.83128909883193, 
                28.842082675253145, 
                21.702104756927746, 
                28.75227214830652, 
                28.844245688362154, 
                21.625633468868386, 
                28.88443683435815, 
                28.837607931957088, 
                21.59398132552495, 
                28.712942358768217, 
                28.931920298345965
            ], 
            "p99_lats": [
                2.80188347, 
                4.298039060000001, 
                5.7898167, 
                7.7730616900000005, 
                9.26446705, 
                10.77560558, 
                12.77100072, 
                14.26187764, 
                15.777668599999998, 
                17.78138923, 
                19.27988338, 
                20.78117646, 
                22.782845010000003, 
                24.29616129, 
                25.791875179999998
            ], 
            "mean_lats": [
                1.82551522, 
                3.4884612999999995, 
                5.1268371, 
                6.81047156, 
                8.45949592, 
                10.11144608, 
                11.798804659999998, 
                13.456335220000001, 
                15.118084320000003, 
                16.80728362, 
                18.468103139999997, 
                20.11711618, 
                21.813265600000005, 
                23.480305039999998, 
                25.12854032
            ]
        }
    ], 
    "node_configs": [
        {
            "model_image": "model-comp/nmt", 
            "name": "nmt", 
            "cpus_per_replica": 5, 
            "input_type": "strings", 
            "use_nvidia_docker": true, 
            "batch_size": 15, 
            "num_replicas": 1, 
            "slo": 500000, 
            "allocated_cpus": [
                6, 
                7, 
                8, 
                9, 
                10, 
                11, 
                12, 
                13, 
                14, 
                15
            ], 
            "gpus": [
                0
            ], 
            "input_size": 10
        }
    ], 
    "clipper_metrics": {
        "histograms": [
            {
                "internal:rpc_request_queueing_delay": {
                    "p99": "0", 
                    "min": "0", 
                    "max": "0", 
                    "p95": "0", 
                    "std_dev": "0", 
                    "size": "0", 
                    "p50": "0", 
                    "unit": "microseconds", 
                    "mean": "0"
                }
            }, 
            {
                "app:nmt:prediction_latency": {
                    "p99": "25758770.5200000001023", 
                    "min": "664611", 
                    "max": "25793030", 
                    "p95": "24760732.9999999998727", 
                    "std_dev": "7224638.2981298952659", 
                    "size": "751", 
                    "p50": "13272067", 
                    "unit": "microseconds", 
                    "mean": "13481139.1491344873502"
                }
            }, 
            {
                "model:nmt:1:prediction_latency": {
                    "p99": "664325", 
                    "min": "570929", 
                    "max": "664325", 
                    "p95": "604546.19999999994252", 
                    "std_dev": "14330.4949866928662674", 
                    "size": "51", 
                    "p50": "577013", 
                    "unit": "microseconds", 
                    "mean": "580031.15686274509801"
                }
            }, 
            {
                "model:nmt:1:batch_size": {
                    "p99": "15", 
                    "min": "1", 
                    "max": "15", 
                    "p95": "15", 
                    "std_dev": "1.94107743855130692823", 
                    "size": "51", 
                    "p50": "15", 
                    "unit": "queries", 
                    "mean": "14.7254901960784313764"
                }
            }
        ], 
        "meters": [
            {
                "internal:aggregate_model_throughput": {
                    "rate": "13.538393911667082", 
                    "rate_1min": "9.7331492738612848", 
                    "rate_15min": "0.80478137260726923", 
                    "unit": "events per second", 
                    "rate_5min": "2.3388151860650543"
                }
            }, 
            {
                "app:nmt:prediction_throughput": {
                    "rate": "0", 
                    "rate_1min": "0", 
                    "rate_15min": "0", 
                    "unit": "events per second", 
                    "rate_5min": "0"
                }
            }, 
            {
                "model:nmt:1:prediction_throughput": {
                    "rate": "21.139752426194747", 
                    "rate_1min": "9.7523279607571887", 
                    "rate_15min": "0.8048734524596558", 
                    "unit": "events per second", 
                    "rate_5min": "2.3396347645813673"
                }
            }
        ], 
        "ratio_counters": [
            {
                "app:nmt:default_prediction_ratio": {
                    "ratio": "0"
                }
            }, 
            {
                "model:nmt:1:cache_hit_ratio": {
                    "ratio": "0"
                }
            }
        ], 
        "counters": [
            {
                "internal:aggregate_num_predictions": {
                    "count": "5000"
                }
            }, 
            {
                "app:nmt:num_predictions": {
                    "count": "751"
                }
            }, 
            {
                "model:nmt:1:num_predictions": {
                    "count": "751"
                }
            }
        ]
    }
}