{
    "client_metrics": [
        {
            "thrus": [
                21.701228766975245, 
                32.006042740869475, 
                32.23265270863874, 
                32.13429564837368, 
                32.144253121849864, 
                32.21744974400014, 
                32.2281858689718, 
                32.282766039046656, 
                31.943656500917424, 
                32.06449837978089, 
                32.17350010359867, 
                31.996416401363046, 
                31.990029347652925, 
                31.861887638416007, 
                31.928541370130336, 
                31.9815581543059
            ], 
            "p99_lats": [
                2.1647655300000004, 
                3.46732702, 
                4.76054794, 
                6.058741319999999, 
                7.35591234, 
                8.64986341, 
                9.942876819999999, 
                11.23350331, 
                12.54065982, 
                13.84205376, 
                15.13822105, 
                16.44174797, 
                17.74724562, 
                19.053216139999996, 
                20.36668711, 
                21.67181247
            ], 
            "mean_lats": [
                1.7483573800000003, 
                3.0586803999999996, 
                4.35385334, 
                5.65100984, 
                6.948865340000001, 
                8.2423181, 
                9.5346395, 
                10.82703264, 
                12.12939742, 
                13.431607840000002, 
                14.731808000000001, 
                16.0307574, 
                17.33870128, 
                18.642016, 
                19.95835362, 
                21.262898099999997
            ]
        }
    ], 
    "node_configs": [
        {
            "model_image": "model-comp/nmt", 
            "name": "nmt", 
            "cpus_per_replica": 5, 
            "input_type": "strings", 
            "use_nvidia_docker": true, 
            "batch_size": 25, 
            "num_replicas": 1, 
            "slo": 500000, 
            "allocated_cpus": [
                6, 
                7, 
                8, 
                9, 
                10, 
                11, 
                12, 
                13, 
                14, 
                15
            ], 
            "gpus": [
                0
            ], 
            "input_size": 10
        }
    ], 
    "clipper_metrics": {
        "histograms": [
            {
                "internal:rpc_request_queueing_delay": {
                    "p99": "0", 
                    "min": "0", 
                    "max": "0", 
                    "p95": "0", 
                    "std_dev": "0", 
                    "size": "0", 
                    "p50": "0", 
                    "unit": "microseconds", 
                    "mean": "0"
                }
            }, 
            {
                "app:nmt:prediction_latency": {
                    "p99": "21636266.4000000000815", 
                    "min": "670907", 
                    "max": "21673377", 
                    "p95": "20950164.4999999998981", 
                    "std_dev": "6008587.92601605181926", 
                    "size": "801", 
                    "p50": "11234377", 
                    "unit": "microseconds", 
                    "mean": "11502431.6179775280898"
                }
            }, 
            {
                "model:nmt:1:prediction_latency": {
                    "p99": "838861", 
                    "min": "670633", 
                    "max": "838861", 
                    "p95": "803284.199999999855208", 
                    "std_dev": "21918.0968526856780461", 
                    "size": "33", 
                    "p50": "778924", 
                    "unit": "microseconds", 
                    "mean": "777892.515151515151615"
                }
            }, 
            {
                "model:nmt:1:batch_size": {
                    "p99": "25", 
                    "min": "1", 
                    "max": "25", 
                    "p95": "25", 
                    "std_dev": "4.11407581781264014434", 
                    "size": "33", 
                    "p50": "25", 
                    "unit": "queries", 
                    "mean": "24.2727272727272727314"
                }
            }
        ], 
        "meters": [
            {
                "internal:aggregate_model_throughput": {
                    "rate": "15.502484287622524", 
                    "rate_1min": "10.399515062277327", 
                    "rate_15min": "0.82386084923772085", 
                    "unit": "events per second", 
                    "rate_5min": "2.4097104819761883"
                }
            }, 
            {
                "app:nmt:prediction_throughput": {
                    "rate": "0", 
                    "rate_1min": "0", 
                    "rate_15min": "0", 
                    "unit": "events per second", 
                    "rate_5min": "0"
                }
            }, 
            {
                "model:nmt:1:prediction_throughput": {
                    "rate": "25.43764822749451", 
                    "rate_1min": "10.372457715669359", 
                    "rate_15min": "0.82370907856128106", 
                    "unit": "events per second", 
                    "rate_5min": "2.4083892994152101"
                }
            }
        ], 
        "ratio_counters": [
            {
                "app:nmt:default_prediction_ratio": {
                    "ratio": "0"
                }
            }, 
            {
                "model:nmt:1:cache_hit_ratio": {
                    "ratio": "0"
                }
            }
        ], 
        "counters": [
            {
                "internal:aggregate_num_predictions": {
                    "count": "5000"
                }
            }, 
            {
                "app:nmt:num_predictions": {
                    "count": "801"
                }
            }, 
            {
                "model:nmt:1:num_predictions": {
                    "count": "801"
                }
            }
        ]
    }
}