{
    "client_metrics": [
        {
            "thrus": [
                6.00455842057056, 
                7.793849561556994, 
                7.471150153681559, 
                6.79091321484548, 
                7.7567760480684305, 
                7.6721594213350475, 
                6.867583782118488, 
                7.715795761651662, 
                7.759004091478038, 
                6.876289906032748, 
                7.740571944668535, 
                7.511926685999361, 
                6.73845547592498, 
                7.6285180245861035, 
                7.539923518031802
            ], 
            "p99_lats": [
                7.679173789999998, 
                14.23254704, 
                20.674712390000003, 
                27.369560029999995, 
                33.954980879999994, 
                40.22280782, 
                46.84445839999999, 
                53.45413749, 
                59.64910523, 
                66.27270175, 
                72.85146165, 
                79.25859394, 
                86.01599542, 
                92.70356536999999, 
                99.08586969000001
            ], 
            "mean_lats": [
                4.578847120000001, 
                11.022366060000001, 
                17.53188172, 
                24.1939553, 
                30.715932459999994, 
                37.20462454, 
                43.71377922, 
                50.181526840000004, 
                56.66307984, 
                63.1489979, 
                69.61873023999999, 
                76.11730732, 
                82.76660032, 
                89.40897888, 
                96.04040468
            ]
        }
    ], 
    "node_configs": [
        {
            "model_image": "model-comp/nmt", 
            "name": "nmt", 
            "cpus_per_replica": 5, 
            "input_type": "strings", 
            "use_nvidia_docker": true, 
            "batch_size": 6, 
            "num_replicas": 1, 
            "slo": 500000, 
            "allocated_cpus": [
                6, 
                7, 
                8, 
                9, 
                10, 
                11, 
                12, 
                13, 
                14, 
                15
            ], 
            "gpus": [
                0
            ], 
            "input_size": 40
        }
    ], 
    "clipper_metrics": {
        "histograms": [
            {
                "internal:rpc_request_queueing_delay": {
                    "p99": "0", 
                    "min": "0", 
                    "max": "0", 
                    "p95": "0", 
                    "std_dev": "0", 
                    "size": "0", 
                    "p50": "0", 
                    "unit": "microseconds", 
                    "mean": "0"
                }
            }, 
            {
                "app:nmt:prediction_latency": {
                    "p99": "98329084.7600000001039", 
                    "min": "1136210", 
                    "max": "99087038", 
                    "p95": "94271199.799999999901", 
                    "std_dev": "28277080.9808369909788", 
                    "size": "751", 
                    "p50": "50287484", 
                    "unit": "microseconds", 
                    "mean": "50256933.7962716377915"
                }
            }, 
            {
                "model:nmt:1:prediction_latency": {
                    "p99": "1090148.31000000068161", 
                    "min": "752236", 
                    "max": "1135926", 
                    "p95": "878363.199999999538704", 
                    "std_dev": "42130.4504657142673594", 
                    "size": "126", 
                    "p50": "812340.5", 
                    "unit": "microseconds", 
                    "mean": "817038.388888888889198"
                }
            }, 
            {
                "model:nmt:1:batch_size": {
                    "p99": "6", 
                    "min": "1", 
                    "max": "6", 
                    "p95": "6", 
                    "std_dev": "0.443664281249958273505", 
                    "size": "126", 
                    "p50": "6", 
                    "unit": "queries", 
                    "mean": "5.96031746031746031359"
                }
            }
        ], 
        "meters": [
            {
                "internal:aggregate_model_throughput": {
                    "rate": "5.8286322813994742", 
                    "rate_1min": "5.9073126969212559", 
                    "rate_15min": "0.75894300571095208", 
                    "unit": "events per second", 
                    "rate_5min": "2.0494846784376364"
                }
            }, 
            {
                "app:nmt:prediction_throughput": {
                    "rate": "0", 
                    "rate_1min": "0", 
                    "rate_15min": "0", 
                    "unit": "events per second", 
                    "rate_5min": "0"
                }
            }, 
            {
                "model:nmt:1:prediction_throughput": {
                    "rate": "6.9117848167562057", 
                    "rate_1min": "5.8974761751451332", 
                    "rate_15min": "0.75883920738595489", 
                    "unit": "events per second", 
                    "rate_5min": "2.0486672789354059"
                }
            }
        ], 
        "ratio_counters": [
            {
                "app:nmt:default_prediction_ratio": {
                    "ratio": "0"
                }
            }, 
            {
                "model:nmt:1:cache_hit_ratio": {
                    "ratio": "0"
                }
            }
        ], 
        "counters": [
            {
                "internal:aggregate_num_predictions": {
                    "count": "5000"
                }
            }, 
            {
                "app:nmt:num_predictions": {
                    "count": "751"
                }
            }, 
            {
                "model:nmt:1:num_predictions": {
                    "count": "751"
                }
            }
        ]
    }
}