{
    "client_metrics": [
        {
            "thrus": [
                8.59730942043302, 
                10.154011992294324, 
                10.010430868965463, 
                10.203142527085772, 
                10.1399002031022, 
                10.516401590248183, 
                9.912478760036137, 
                10.11676773317632, 
                10.099638998503638, 
                9.895536776465564, 
                10.191535644284425, 
                9.966804560730033, 
                10.238816294543714, 
                9.889954476539545, 
                10.203086311172095
            ], 
            "p99_lats": [
                5.59934503, 
                10.24939436, 
                14.98631138, 
                19.628522179999997, 
                24.30133455, 
                28.797991189999998, 
                33.57834718000001, 
                38.26735164, 
                42.9599147, 
                47.7544161, 
                52.40224845, 
                57.16021193, 
                61.78561218, 
                66.58298331, 
                71.22531755
            ], 
            "mean_lats": [
                3.5960054199999996, 
                8.30719232, 
                12.977379179999998, 
                17.65826422, 
                22.32221888, 
                26.97875792, 
                31.55179078, 
                36.25420854, 
                40.96988725999999, 
                45.72019728, 
                50.40885174000001, 
                55.133370080000006, 
                59.84308094000001, 
                64.54719266, 
                69.28314814000001
            ]
        }
    ], 
    "node_configs": [
        {
            "model_image": "model-comp/nmt", 
            "name": "nmt", 
            "cpus_per_replica": 3, 
            "input_type": "strings", 
            "use_nvidia_docker": true, 
            "batch_size": 10, 
            "num_replicas": 1, 
            "slo": 500000, 
            "allocated_cpus": [
                6, 
                7, 
                8, 
                9, 
                10, 
                11, 
                12, 
                13, 
                14, 
                15
            ], 
            "gpus": [
                0
            ], 
            "input_size": 20
        }
    ], 
    "clipper_metrics": {
        "histograms": [
            {
                "internal:rpc_request_queueing_delay": {
                    "p99": "0", 
                    "min": "0", 
                    "max": "0", 
                    "p95": "0", 
                    "std_dev": "0", 
                    "size": "0", 
                    "p50": "0", 
                    "unit": "microseconds", 
                    "mean": "0"
                }
            }, 
            {
                "app:nmt:prediction_latency": {
                    "p99": "71192489.6800000001022", 
                    "min": "777219", 
                    "max": "71225680", 
                    "p95": "68426376.1999999998952", 
                    "std_dev": "20326198.2747277587987", 
                    "size": "751", 
                    "p50": "36333550", 
                    "unit": "microseconds", 
                    "mean": "36414272.8668442077324"
                }
            }, 
            {
                "model:nmt:1:prediction_latency": {
                    "p99": "1040035", 
                    "min": "776937", 
                    "max": "1040035", 
                    "p95": "1013670.64999999999634", 
                    "std_dev": "45508.807812735882198", 
                    "size": "76", 
                    "p50": "1004794.5", 
                    "unit": "microseconds", 
                    "mean": "987635.828947368421211"
                }
            }, 
            {
                "model:nmt:1:batch_size": {
                    "p99": "10", 
                    "min": "1", 
                    "max": "10", 
                    "p95": "10", 
                    "std_dev": "1.02555639921841418565", 
                    "size": "76", 
                    "p50": "10", 
                    "unit": "queries", 
                    "mean": "9.88157894736842104966"
                }
            }
        ], 
        "meters": [
            {
                "internal:aggregate_model_throughput": {
                    "rate": "7.3955332672849519", 
                    "rate_1min": "7.1224391411745023", 
                    "rate_15min": "0.79067726977286179", 
                    "unit": "events per second", 
                    "rate_5min": "2.1911854781132987"
                }
            }, 
            {
                "app:nmt:prediction_throughput": {
                    "rate": "0", 
                    "rate_1min": "0", 
                    "rate_15min": "0", 
                    "unit": "events per second", 
                    "rate_5min": "0"
                }
            }, 
            {
                "model:nmt:1:prediction_throughput": {
                    "rate": "9.1682006515038132", 
                    "rate_1min": "7.0403380085913483", 
                    "rate_15min": "0.7800786405682314", 
                    "unit": "events per second", 
                    "rate_5min": "2.1622547928775195"
                }
            }
        ], 
        "ratio_counters": [
            {
                "app:nmt:default_prediction_ratio": {
                    "ratio": "0"
                }
            }, 
            {
                "model:nmt:1:cache_hit_ratio": {
                    "ratio": "0"
                }
            }
        ], 
        "counters": [
            {
                "internal:aggregate_num_predictions": {
                    "count": "5000"
                }
            }, 
            {
                "app:nmt:num_predictions": {
                    "count": "751"
                }
            }, 
            {
                "model:nmt:1:num_predictions": {
                    "count": "751"
                }
            }
        ]
    }
}