{
    "client_metrics": [
        {
            "thrus": [
                15.584344341698595, 
                20.40708044062968, 
                20.378460619236204, 
                20.36783495210096, 
                20.307001244819176, 
                20.33637172284454, 
                20.304601510012606, 
                20.213290642863495, 
                20.254001380512733, 
                20.189327436972956, 
                20.236852117179467, 
                20.152473615373918, 
                20.111910715988042, 
                20.13209877935059, 
                20.2045018862923
            ], 
            "p99_lats": [
                2.9917724, 
                5.18347468, 
                7.378815100000001, 
                9.57636025, 
                11.78032915, 
                13.9811595, 
                16.1849108, 
                18.400576909999998, 
                20.611206199999998, 
                22.82981288, 
                25.04291665, 
                27.26503881, 
                29.49300777, 
                31.71838587, 
                33.934486879999994
            ], 
            "mean_lats": [
                2.0366391200000002, 
                4.24140008, 
                6.4363983199999995, 
                8.634166700000002, 
                10.834934579999999, 
                13.037409320000002, 
                15.23989102, 
                17.45170246, 
                19.661289760000003, 
                21.875925499999997, 
                24.092862719999992, 
                26.312085860000003, 
                28.53604022, 
                30.76413272, 
                32.98465128
            ]
        }
    ], 
    "node_configs": [
        {
            "model_image": "model-comp/nmt", 
            "name": "nmt", 
            "cpus_per_replica": 4, 
            "input_type": "strings", 
            "use_nvidia_docker": true, 
            "batch_size": 10, 
            "num_replicas": 1, 
            "slo": 500000, 
            "allocated_cpus": [
                6, 
                7, 
                8, 
                9, 
                10, 
                11, 
                12, 
                13, 
                14, 
                15
            ], 
            "gpus": [
                0
            ], 
            "input_size": 10
        }
    ], 
    "clipper_metrics": {
        "histograms": [
            {
                "internal:rpc_request_queueing_delay": {
                    "p99": "0", 
                    "min": "0", 
                    "max": "0", 
                    "p95": "0", 
                    "std_dev": "0", 
                    "size": "0", 
                    "p50": "0", 
                    "unit": "microseconds", 
                    "mean": "0"
                }
            }, 
            {
                "app:nmt:prediction_latency": {
                    "p99": "33901761.2800000000825", 
                    "min": "665728", 
                    "max": "33935499", 
                    "p95": "32574205.1999999998989", 
                    "std_dev": "9583033.38928002863031", 
                    "size": "751", 
                    "p50": "17491916", 
                    "unit": "microseconds", 
                    "mean": "17495741.2543275632543"
                }
            }, 
            {
                "model:nmt:1:prediction_latency": {
                    "p99": "665445", 
                    "min": "487371", 
                    "max": "665445", 
                    "p95": "503174.549999999964257", 
                    "std_dev": "20510.6504666628343259", 
                    "size": "76", 
                    "p50": "493867.5", 
                    "unit": "microseconds", 
                    "mean": "496775.513157894736821"
                }
            }, 
            {
                "model:nmt:1:batch_size": {
                    "p99": "10", 
                    "min": "1", 
                    "max": "10", 
                    "p95": "10", 
                    "std_dev": "1.02555639921841418565", 
                    "size": "76", 
                    "p50": "10", 
                    "unit": "queries", 
                    "mean": "9.88157894736842104966"
                }
            }
        ], 
        "meters": [
            {
                "internal:aggregate_model_throughput": {
                    "rate": "11.818680975401564", 
                    "rate_1min": "8.7051484832094719", 
                    "rate_15min": "0.7427879515465291", 
                    "unit": "events per second", 
                    "rate_5min": "2.1481325340407191"
                }
            }, 
            {
                "app:nmt:prediction_throughput": {
                    "rate": "0", 
                    "rate_1min": "0", 
                    "rate_15min": "0", 
                    "unit": "events per second", 
                    "rate_5min": "0"
                }
            }, 
            {
                "model:nmt:1:prediction_throughput": {
                    "rate": "17.240396135176091", 
                    "rate_1min": "8.7051484832094719", 
                    "rate_15min": "0.7427879515465291", 
                    "unit": "events per second", 
                    "rate_5min": "2.1481325340407191"
                }
            }
        ], 
        "ratio_counters": [
            {
                "app:nmt:default_prediction_ratio": {
                    "ratio": "0"
                }
            }, 
            {
                "model:nmt:1:cache_hit_ratio": {
                    "ratio": "0"
                }
            }
        ], 
        "counters": [
            {
                "internal:aggregate_num_predictions": {
                    "count": "5000"
                }
            }, 
            {
                "app:nmt:num_predictions": {
                    "count": "751"
                }
            }, 
            {
                "model:nmt:1:num_predictions": {
                    "count": "751"
                }
            }
        ]
    }
}