{
    "client_metrics": [
        {
            "thrus": [
                17.036175637519246, 
                34.57544465750602, 
                23.002635181886436, 
                34.54336435788031, 
                22.93115151070426, 
                34.34589614625307, 
                22.887191778188324, 
                34.24167362343336, 
                22.857195102160233, 
                34.28710928124618, 
                22.866780878614897, 
                34.21454022158704, 
                22.804257828587694, 
                34.37905243080528, 
                22.761497742969883
            ], 
            "p99_lats": [
                2.71812339, 
                3.95721906, 
                5.8206216699999995, 
                7.06017352, 
                8.929781859999999, 
                10.176509030000002, 
                12.052058989999999, 
                13.30455184, 
                15.182015119999999, 
                16.43207542, 
                18.30947443, 
                19.561036050000002, 
                21.444876700000002, 
                22.69093728, 
                24.578085129999998
            ], 
            "mean_lats": [
                1.87616592, 
                3.3871922999999997, 
                4.99780582, 
                6.490174320000001, 
                8.098790099999999, 
                9.604473660000002, 
                11.221638420000001, 
                12.730216359999996, 
                14.35217102, 
                15.8573446, 
                17.480834, 
                18.986874160000003, 
                20.612109439999998, 
                22.11767662, 
                23.742415659999995
            ]
        }
    ], 
    "node_configs": [
        {
            "model_image": "model-comp/nmt", 
            "name": "nmt", 
            "cpus_per_replica": 4, 
            "input_type": "strings", 
            "use_nvidia_docker": true, 
            "batch_size": 20, 
            "num_replicas": 1, 
            "slo": 500000, 
            "allocated_cpus": [
                6, 
                7, 
                8, 
                9, 
                10, 
                11, 
                12, 
                13, 
                14, 
                15
            ], 
            "gpus": [
                0
            ], 
            "input_size": 10
        }
    ], 
    "clipper_metrics": {
        "histograms": [
            {
                "internal:rpc_request_queueing_delay": {
                    "p99": "0", 
                    "min": "0", 
                    "max": "0", 
                    "p95": "0", 
                    "std_dev": "0", 
                    "size": "0", 
                    "p50": "0", 
                    "unit": "microseconds", 
                    "mean": "0"
                }
            }, 
            {
                "app:nmt:prediction_latency": {
                    "p99": "24544714.2999999999738", 
                    "min": "669389", 
                    "max": "24579625", 
                    "p95": "23859005.4999999998981", 
                    "std_dev": "6860658.20990045425242", 
                    "size": "761", 
                    "p50": "12680965", 
                    "unit": "microseconds", 
                    "mean": "12936874.7936925098556"
                }
            }, 
            {
                "model:nmt:1:prediction_latency": {
                    "p99": "779560", 
                    "min": "669109", 
                    "max": "779560", 
                    "p95": "747124", 
                    "std_dev": "13316.3375104286925747", 
                    "size": "39", 
                    "p50": "728524", 
                    "unit": "microseconds", 
                    "mean": "728463.641025641025635"
                }
            }, 
            {
                "model:nmt:1:batch_size": {
                    "p99": "20", 
                    "min": "1", 
                    "max": "20", 
                    "p95": "20", 
                    "std_dev": "3.00317605272847570506", 
                    "size": "39", 
                    "p50": "20", 
                    "unit": "queries", 
                    "mean": "19.5128205128205128114"
                }
            }
        ], 
        "meters": [
            {
                "internal:aggregate_model_throughput": {
                    "rate": "13.962151963548253", 
                    "rate_1min": "8.8453171574850131", 
                    "rate_15min": "0.70301683152181305", 
                    "unit": "events per second", 
                    "rate_5min": "2.0552585833646666"
                }
            }, 
            {
                "app:nmt:prediction_throughput": {
                    "rate": "0", 
                    "rate_1min": "0", 
                    "rate_15min": "0", 
                    "unit": "events per second", 
                    "rate_5min": "0"
                }
            }, 
            {
                "model:nmt:1:prediction_throughput": {
                    "rate": "22.179695109925163", 
                    "rate_1min": "8.8001442885206398", 
                    "rate_15min": "0.70277332202598319", 
                    "unit": "events per second", 
                    "rate_5min": "2.0531269278826052"
                }
            }
        ], 
        "ratio_counters": [
            {
                "app:nmt:default_prediction_ratio": {
                    "ratio": "0"
                }
            }, 
            {
                "model:nmt:1:cache_hit_ratio": {
                    "ratio": "0"
                }
            }
        ], 
        "counters": [
            {
                "internal:aggregate_num_predictions": {
                    "count": "5000"
                }
            }, 
            {
                "app:nmt:num_predictions": {
                    "count": "761"
                }
            }, 
            {
                "model:nmt:1:num_predictions": {
                    "count": "761"
                }
            }
        ]
    }
}