{
    "client_metrics": [
        {
            "thrus": [
                6.263606903046004, 
                7.270870160290695, 
                7.020911926591592, 
                7.146011596547619, 
                7.2424858123324185, 
                7.1616667490258346, 
                7.237067216143407, 
                7.244565670176659, 
                7.256899315601825, 
                7.245854900016623, 
                7.28225511050458, 
                6.965915912757198, 
                6.990326227340508, 
                7.156686929155812, 
                7.01888458974409
            ], 
            "p99_lats": [
                7.76630836, 
                14.384553740000001, 
                21.247892489999998, 
                27.98714237, 
                34.63309884, 
                41.356319189999994, 
                48.006874139999994, 
                54.65086152000001, 
                61.28281166, 
                67.92540697, 
                74.5329044, 
                81.4526454, 
                88.34757527000001, 
                95.07626088999999, 
                101.9418467
            ], 
            "mean_lats": [
                4.99967338, 
                11.582897079999999, 
                18.310779439999997, 
                25.12510882, 
                31.8277053, 
                38.52646238, 
                45.18428296, 
                51.80749798, 
                58.48891192, 
                65.1231295, 
                71.74926681999999, 
                78.42756317999999, 
                85.33789974, 
                92.22091288000001, 
                99.05117266
            ]
        }
    ], 
    "node_configs": [
        {
            "model_image": "model-comp/nmt", 
            "name": "nmt", 
            "cpus_per_replica": 5, 
            "input_type": "strings", 
            "use_nvidia_docker": true, 
            "batch_size": 10, 
            "num_replicas": 1, 
            "slo": 500000, 
            "allocated_cpus": [
                6, 
                7, 
                8, 
                9, 
                10, 
                11, 
                12, 
                13, 
                14, 
                15
            ], 
            "gpus": [
                0
            ], 
            "input_size": 40
        }
    ], 
    "clipper_metrics": {
        "histograms": [
            {
                "internal:rpc_request_queueing_delay": {
                    "p99": "0", 
                    "min": "0", 
                    "max": "0", 
                    "p95": "0", 
                    "std_dev": "0", 
                    "size": "0", 
                    "p50": "0", 
                    "unit": "microseconds", 
                    "mean": "0"
                }
            }, 
            {
                "app:nmt:prediction_latency": {
                    "p99": "101909583.560000000085", 
                    "min": "1159034", 
                    "max": "101943297", 
                    "p95": "97719630.1999999998734", 
                    "std_dev": "29063332.1998720098582", 
                    "size": "751", 
                    "p50": "51910752", 
                    "unit": "microseconds", 
                    "mean": "51915406.5286284953181"
                }
            }, 
            {
                "model:nmt:1:prediction_latency": {
                    "p99": "1640562", 
                    "min": "1158746", 
                    "max": "1640562", 
                    "p95": "1610915.64999999997895", 
                    "std_dev": "62959.2441717151619152", 
                    "size": "76", 
                    "p50": "1379958", 
                    "unit": "microseconds", 
                    "mean": "1391552.72368421052636"
                }
            }, 
            {
                "model:nmt:1:batch_size": {
                    "p99": "10", 
                    "min": "1", 
                    "max": "10", 
                    "p95": "10", 
                    "std_dev": "1.02555639921841418565", 
                    "size": "76", 
                    "p50": "10", 
                    "unit": "queries", 
                    "mean": "9.88157894736842104966"
                }
            }
        ], 
        "meters": [
            {
                "internal:aggregate_model_throughput": {
                    "rate": "5.6966560970054818", 
                    "rate_1min": "5.78643489256282", 
                    "rate_15min": "0.76725014387109458", 
                    "unit": "events per second", 
                    "rate_5min": "2.0605253483665402"
                }
            }, 
            {
                "app:nmt:prediction_throughput": {
                    "rate": "0", 
                    "rate_1min": "0", 
                    "rate_15min": "0", 
                    "unit": "events per second", 
                    "rate_5min": "0"
                }
            }, 
            {
                "model:nmt:1:prediction_throughput": {
                    "rate": "6.7325942134222325", 
                    "rate_1min": "5.9383807734344174", 
                    "rate_15min": "0.77821715550409443", 
                    "unit": "events per second", 
                    "rate_5min": "2.0927228073104436"
                }
            }
        ], 
        "ratio_counters": [
            {
                "app:nmt:default_prediction_ratio": {
                    "ratio": "0"
                }
            }, 
            {
                "model:nmt:1:cache_hit_ratio": {
                    "ratio": "0"
                }
            }
        ], 
        "counters": [
            {
                "internal:aggregate_num_predictions": {
                    "count": "5000"
                }
            }, 
            {
                "app:nmt:num_predictions": {
                    "count": "751"
                }
            }, 
            {
                "model:nmt:1:num_predictions": {
                    "count": "751"
                }
            }
        ]
    }
}