{
    "client_metrics": [
        {
            "thrus": [
                5.661610735048054, 
                7.373710098458202, 
                7.222576850745594, 
                6.565273458739686, 
                7.3791175106753695, 
                7.45891258005278, 
                6.596836948619876, 
                7.0770066073764495, 
                7.4601144978373135, 
                6.722190164844236, 
                7.418158792216927, 
                7.414556137977179, 
                6.634493794757954, 
                7.402692714669576, 
                7.425042708845662
            ], 
            "p99_lats": [
                8.179891349999998, 
                15.10793695, 
                21.78302559, 
                28.725272699999998, 
                35.64732714, 
                42.10323484, 
                49.008090069999994, 
                56.220612020000004, 
                62.67512223, 
                69.46634323999999, 
                76.32725425, 
                82.82304726000001, 
                89.68512983, 
                96.58674421999999, 
                103.07262826
            ], 
            "mean_lats": [
                4.86030522, 
                11.700526140000001, 
                18.62929362, 
                25.433345659999997, 
                32.240367, 
                39.00208368, 
                45.73706468, 
                52.74701384000001, 
                59.556870159999995, 
                66.27741234, 
                72.93486961999999, 
                79.69707688, 
                86.4575844, 
                93.18413879999999, 
                99.95040888
            ]
        }
    ], 
    "node_configs": [
        {
            "model_image": "model-comp/nmt", 
            "name": "nmt", 
            "cpus_per_replica": 2, 
            "input_type": "strings", 
            "use_nvidia_docker": true, 
            "batch_size": 6, 
            "num_replicas": 1, 
            "slo": 500000, 
            "allocated_cpus": [
                6, 
                7, 
                8, 
                9, 
                10, 
                11, 
                12, 
                13, 
                14, 
                15
            ], 
            "gpus": [
                0
            ], 
            "input_size": 40
        }
    ], 
    "clipper_metrics": {
        "histograms": [
            {
                "internal:rpc_request_queueing_delay": {
                    "p99": "0", 
                    "min": "0", 
                    "max": "0", 
                    "p95": "0", 
                    "std_dev": "0", 
                    "size": "0", 
                    "p50": "0", 
                    "unit": "microseconds", 
                    "mean": "0"
                }
            }, 
            {
                "app:nmt:prediction_latency": {
                    "p99": "102252876.600000000079", 
                    "min": "1077748", 
                    "max": "103073191", 
                    "p95": "98200195.7999999998719", 
                    "std_dev": "29440679.5589810605143", 
                    "size": "751", 
                    "p50": "52923034", 
                    "unit": "microseconds", 
                    "mean": "52625771.4141145139802"
                }
            }, 
            {
                "model:nmt:1:prediction_latency": {
                    "p99": "1056058.0100000003149", 
                    "min": "784859", 
                    "max": "1077452", 
                    "p95": "873049.999999999996419", 
                    "std_dev": "37197.130989927626608", 
                    "size": "126", 
                    "p50": "843140", 
                    "unit": "microseconds", 
                    "mean": "848500.555555555555429"
                }
            }, 
            {
                "model:nmt:1:batch_size": {
                    "p99": "6", 
                    "min": "1", 
                    "max": "6", 
                    "p95": "6", 
                    "std_dev": "0.443664281249958273505", 
                    "size": "126", 
                    "p50": "6", 
                    "unit": "queries", 
                    "mean": "5.96031746031746031359"
                }
            }
        ], 
        "meters": [
            {
                "internal:aggregate_model_throughput": {
                    "rate": "5.6539220888632729", 
                    "rate_1min": "5.8034418726164887", 
                    "rate_15min": "0.763410782577157", 
                    "unit": "events per second", 
                    "rate_5min": "2.0522321003432618"
                }
            }, 
            {
                "app:nmt:prediction_throughput": {
                    "rate": "0", 
                    "rate_1min": "0", 
                    "rate_15min": "0", 
                    "unit": "events per second", 
                    "rate_5min": "0"
                }
            }, 
            {
                "model:nmt:1:prediction_throughput": {
                    "rate": "6.6605054183078547", 
                    "rate_1min": "5.7952694077501015", 
                    "rate_15min": "0.76334067239308412", 
                    "unit": "events per second", 
                    "rate_5min": "2.0516649421069819"
                }
            }
        ], 
        "ratio_counters": [
            {
                "app:nmt:default_prediction_ratio": {
                    "ratio": "0"
                }
            }, 
            {
                "model:nmt:1:cache_hit_ratio": {
                    "ratio": "0"
                }
            }
        ], 
        "counters": [
            {
                "internal:aggregate_num_predictions": {
                    "count": "5000"
                }
            }, 
            {
                "app:nmt:num_predictions": {
                    "count": "751"
                }
            }, 
            {
                "model:nmt:1:num_predictions": {
                    "count": "751"
                }
            }
        ]
    }
}