{
    "client_metrics": [
        {
            "thrus": [
                3.9210258344629154, 
                5.9534731312018065, 
                5.9299023866908325, 
                4.442293584608413, 
                5.900116456498619, 
                5.890891268285327, 
                4.4138102472960785, 
                5.864619711080683, 
                5.879971898438304, 
                4.415211037815665, 
                5.875647099704208, 
                5.882201387987768, 
                4.412496012206729, 
                5.876075218933749, 
                5.890194522496067
            ], 
            "p99_lats": [
                12.50965916, 
                20.675634530000004, 
                28.87470019, 
                39.821255539999996, 
                48.0629862, 
                56.31746731, 
                67.33647563, 
                75.62935666999999, 
                83.90013554000001, 
                94.9151359, 
                103.19204743, 
                111.45966186, 
                122.48234541, 
                130.75825503, 
                138.99468929
            ], 
            "mean_lats": [
                7.3757443, 
                16.391820720000002, 
                25.39495904, 
                34.64161282, 
                43.743989219999996, 
                52.81062118, 
                62.12648086, 
                71.28636042000001, 
                80.39131739999999, 
                89.70395866000001, 
                98.85885345999999, 
                107.95246021999999, 
                117.27074676000001, 
                126.42108026, 
                135.49982515999997
            ]
        }
    ], 
    "node_configs": [
        {
            "model_image": "model-comp/nmt", 
            "name": "nmt", 
            "cpus_per_replica": 2, 
            "input_type": "strings", 
            "use_nvidia_docker": true, 
            "batch_size": 15, 
            "num_replicas": 1, 
            "slo": 500000, 
            "allocated_cpus": [
                6, 
                7, 
                8, 
                9, 
                10, 
                11, 
                12, 
                13, 
                14, 
                15
            ], 
            "gpus": [
                0
            ], 
            "input_size": 80
        }
    ], 
    "clipper_metrics": {
        "histograms": [
            {
                "internal:rpc_request_queueing_delay": {
                    "p99": "0", 
                    "min": "0", 
                    "max": "0", 
                    "p95": "0", 
                    "std_dev": "0", 
                    "size": "0", 
                    "p50": "0", 
                    "unit": "microseconds", 
                    "mean": "0"
                }
            }, 
            {
                "app:nmt:prediction_latency": {
                    "p99": "138962030.200000000084", 
                    "min": "1585999", 
                    "max": "138995724", 
                    "p95": "133474463.799999999872", 
                    "std_dev": "39757218.2448231992676", 
                    "size": "751", 
                    "p50": "70100992", 
                    "unit": "microseconds", 
                    "mean": "71412037.5272969374128"
                }
            }, 
            {
                "model:nmt:1:prediction_latency": {
                    "p99": "2848270", 
                    "min": "1585724", 
                    "max": "2848270", 
                    "p95": "2843925.9999999999975", 
                    "std_dev": "172418.787354721704787", 
                    "size": "51", 
                    "p50": "2829351", 
                    "unit": "microseconds", 
                    "mean": "2800137.56862745098056"
                }
            }, 
            {
                "model:nmt:1:batch_size": {
                    "p99": "15", 
                    "min": "1", 
                    "max": "15", 
                    "p95": "15", 
                    "std_dev": "1.94107743855130692823", 
                    "size": "51", 
                    "p50": "15", 
                    "unit": "queries", 
                    "mean": "14.7254901960784313764"
                }
            }
        ], 
        "meters": [
            {
                "internal:aggregate_model_throughput": {
                    "rate": "3.9062350663554124", 
                    "rate_1min": "4.8315083470630453", 
                    "rate_15min": "0.75833378685477881", 
                    "unit": "events per second", 
                    "rate_5min": "1.9679986055507919"
                }
            }, 
            {
                "app:nmt:prediction_throughput": {
                    "rate": "0", 
                    "rate_1min": "0", 
                    "rate_15min": "0", 
                    "unit": "events per second", 
                    "rate_5min": "0"
                }
            }, 
            {
                "model:nmt:1:prediction_throughput": {
                    "rate": "4.3539944263769454", 
                    "rate_1min": "4.8370031328562018", 
                    "rate_15min": "0.75841850440866676", 
                    "unit": "events per second", 
                    "rate_5min": "1.9686368939410845"
                }
            }
        ], 
        "ratio_counters": [
            {
                "app:nmt:default_prediction_ratio": {
                    "ratio": "0"
                }
            }, 
            {
                "model:nmt:1:cache_hit_ratio": {
                    "ratio": "0"
                }
            }
        ], 
        "counters": [
            {
                "internal:aggregate_num_predictions": {
                    "count": "5000"
                }
            }, 
            {
                "app:nmt:num_predictions": {
                    "count": "751"
                }
            }, 
            {
                "model:nmt:1:num_predictions": {
                    "count": "751"
                }
            }
        ]
    }
}