{
    "client_metrics": [
        {
            "thrus": [
                6.279751105832771, 
                7.260938676725875, 
                7.024584218372406, 
                7.119571060082772, 
                7.217363012284818, 
                7.14786779818367, 
                7.203595804510545, 
                7.2341720294789615, 
                7.218975047035232, 
                7.225662199425097, 
                7.245828648905112, 
                6.9445119605329495, 
                6.965314267317895, 
                7.118790545961403, 
                6.980933395472949
            ], 
            "p99_lats": [
                7.74513793, 
                14.372596940000001, 
                21.232542300000002, 
                27.99696141, 
                34.66641079, 
                41.40278383, 
                48.080355350000005, 
                54.73833904, 
                61.40637391999999, 
                68.06780898, 
                74.70909061, 
                81.65065075000001, 
                88.5708888, 
                95.33614281999999, 
                102.24023517
            ], 
            "mean_lats": [
                4.97672328, 
                11.567305320000003, 
                18.28558838, 
                25.12292056, 
                31.847586999999997, 
                38.56734158, 
                45.24675181999999, 
                51.89793305999999, 
                58.59524280000001, 
                65.26277706, 
                71.90922943999999, 
                78.61623588, 
                85.55000413999998, 
                92.46550638000001, 
                99.33132294
            ]
        }
    ], 
    "node_configs": [
        {
            "model_image": "model-comp/nmt", 
            "name": "nmt", 
            "cpus_per_replica": 3, 
            "input_type": "strings", 
            "use_nvidia_docker": true, 
            "batch_size": 10, 
            "num_replicas": 1, 
            "slo": 500000, 
            "allocated_cpus": [
                6, 
                7, 
                8, 
                9, 
                10, 
                11, 
                12, 
                13, 
                14, 
                15
            ], 
            "gpus": [
                0
            ], 
            "input_size": 40
        }
    ], 
    "clipper_metrics": {
        "histograms": [
            {
                "internal:rpc_request_queueing_delay": {
                    "p99": "0", 
                    "min": "0", 
                    "max": "0", 
                    "p95": "0", 
                    "std_dev": "0", 
                    "size": "0", 
                    "p50": "0", 
                    "unit": "microseconds", 
                    "mean": "0"
                }
            }, 
            {
                "app:nmt:prediction_latency": {
                    "p99": "102207100.880000000085", 
                    "min": "1136876", 
                    "max": "102240825", 
                    "p95": "97990614.999999999869", 
                    "std_dev": "29160868.6673182046416", 
                    "size": "751", 
                    "p50": "52006573", 
                    "unit": "microseconds", 
                    "mean": "52014094.6018641810806"
                }
            }, 
            {
                "model:nmt:1:prediction_latency": {
                    "p99": "1639939", 
                    "min": "1136601", 
                    "max": "1639939", 
                    "p95": "1618973.19999999999686", 
                    "std_dev": "64581.6287286550622753", 
                    "size": "76", 
                    "p50": "1384645.5", 
                    "unit": "microseconds", 
                    "mean": "1395543.86842105263156"
                }
            }, 
            {
                "model:nmt:1:batch_size": {
                    "p99": "10", 
                    "min": "1", 
                    "max": "10", 
                    "p95": "10", 
                    "std_dev": "1.02555639921841418565", 
                    "size": "76", 
                    "p50": "10", 
                    "unit": "queries", 
                    "mean": "9.88157894736842104966"
                }
            }
        ], 
        "meters": [
            {
                "internal:aggregate_model_throughput": {
                    "rate": "5.6534055588137706", 
                    "rate_1min": "5.7941898669730811", 
                    "rate_15min": "0.76730951794826674", 
                    "unit": "events per second", 
                    "rate_5min": "2.0610197385722588"
                }
            }, 
            {
                "app:nmt:prediction_throughput": {
                    "rate": "0", 
                    "rate_1min": "0", 
                    "rate_15min": "0", 
                    "unit": "events per second", 
                    "rate_5min": "0"
                }
            }, 
            {
                "model:nmt:1:prediction_throughput": {
                    "rate": "6.6655184105612486", 
                    "rate_1min": "5.7784696026930638", 
                    "rate_15min": "0.76713685151388789", 
                    "unit": "events per second", 
                    "rate_5min": "2.0596657149536788"
                }
            }
        ], 
        "ratio_counters": [
            {
                "app:nmt:default_prediction_ratio": {
                    "ratio": "0"
                }
            }, 
            {
                "model:nmt:1:cache_hit_ratio": {
                    "ratio": "0"
                }
            }
        ], 
        "counters": [
            {
                "internal:aggregate_num_predictions": {
                    "count": "5000"
                }
            }, 
            {
                "app:nmt:num_predictions": {
                    "count": "751"
                }
            }, 
            {
                "model:nmt:1:num_predictions": {
                    "count": "751"
                }
            }
        ]
    }
}