{
    "client_metrics": [
        {
            "thrus": [
                21.88802611153963, 
                31.91953213626576, 
                32.041197289827366, 
                32.0572208569408, 
                32.027159030858165, 
                32.074268610452876, 
                31.96095138803216, 
                32.01036623700219, 
                32.098380251535744, 
                32.05136423426727, 
                31.968430535477605, 
                32.068919957258544, 
                31.889117711024642, 
                31.8653193159918, 
                31.98540442025495, 
                31.93800450070359
            ], 
            "p99_lats": [
                2.14357291, 
                3.45255125, 
                4.75434484, 
                6.05531391, 
                7.35759063, 
                8.65895475, 
                9.96487295, 
                11.26869082, 
                12.568382549999999, 
                13.86882424, 
                15.174543799999999, 
                16.475173330000004, 
                17.78445466, 
                19.095251849999997, 
                20.399444780000003, 
                21.707183999999998
            ], 
            "mean_lats": [
                1.7249170800000002, 
                3.0394213000000003, 
                4.3456648, 
                5.64796634, 
                6.9475587999999995, 
                8.24945116, 
                9.55294654, 
                10.86001074, 
                12.15905156, 
                13.457921619999997, 
                14.760853860000003, 
                16.06884366, 
                17.37287116, 
                18.67973542, 
                19.990470520000002, 
                21.29746882
            ]
        }
    ], 
    "node_configs": [
        {
            "model_image": "model-comp/nmt", 
            "name": "nmt", 
            "cpus_per_replica": 4, 
            "input_type": "strings", 
            "use_nvidia_docker": true, 
            "batch_size": 25, 
            "num_replicas": 1, 
            "slo": 500000, 
            "allocated_cpus": [
                6, 
                7, 
                8, 
                9, 
                10, 
                11, 
                12, 
                13, 
                14, 
                15
            ], 
            "gpus": [
                0
            ], 
            "input_size": 10
        }
    ], 
    "clipper_metrics": {
        "histograms": [
            {
                "internal:rpc_request_queueing_delay": {
                    "p99": "0", 
                    "min": "0", 
                    "max": "0", 
                    "p95": "0", 
                    "std_dev": "0", 
                    "size": "0", 
                    "p50": "0", 
                    "unit": "microseconds", 
                    "mean": "0"
                }
            }, 
            {
                "app:nmt:prediction_latency": {
                    "p99": "21671246.3200000000816", 
                    "min": "658215", 
                    "max": "21708347", 
                    "p95": "20982452.599999999873", 
                    "std_dev": "6027106.7208479040878", 
                    "size": "801", 
                    "p50": "11269769", 
                    "unit": "microseconds", 
                    "mean": "11518833.3583021223458"
                }
            }, 
            {
                "model:nmt:1:prediction_latency": {
                    "p99": "822361", 
                    "min": "657922", 
                    "max": "822361", 
                    "p95": "804368.899999999926877", 
                    "std_dev": "22784.4938115362546274", 
                    "size": "33", 
                    "p50": "780730", 
                    "unit": "microseconds", 
                    "mean": "779023.454545454545382"
                }
            }, 
            {
                "model:nmt:1:batch_size": {
                    "p99": "25", 
                    "min": "1", 
                    "max": "25", 
                    "p95": "25", 
                    "std_dev": "4.11407581781264014434", 
                    "size": "33", 
                    "p50": "25", 
                    "unit": "queries", 
                    "mean": "24.2727272727272727314"
                }
            }
        ], 
        "meters": [
            {
                "internal:aggregate_model_throughput": {
                    "rate": "15.545797521635006", 
                    "rate_1min": "10.372457715669359", 
                    "rate_15min": "0.82370907856128106", 
                    "unit": "events per second", 
                    "rate_5min": "2.4083892994152101"
                }
            }, 
            {
                "app:nmt:prediction_throughput": {
                    "rate": "0", 
                    "rate_1min": "0", 
                    "rate_15min": "0", 
                    "unit": "events per second", 
                    "rate_5min": "0"
                }
            }, 
            {
                "model:nmt:1:prediction_throughput": {
                    "rate": "25.626549950368954", 
                    "rate_1min": "10.31559927688817", 
                    "rate_15min": "0.82340468229681296", 
                    "unit": "events per second", 
                    "rate_5min": "2.4057239898873464"
                }
            }
        ], 
        "ratio_counters": [
            {
                "app:nmt:default_prediction_ratio": {
                    "ratio": "0"
                }
            }, 
            {
                "model:nmt:1:cache_hit_ratio": {
                    "ratio": "0"
                }
            }
        ], 
        "counters": [
            {
                "internal:aggregate_num_predictions": {
                    "count": "5000"
                }
            }, 
            {
                "app:nmt:num_predictions": {
                    "count": "801"
                }
            }, 
            {
                "model:nmt:1:num_predictions": {
                    "count": "801"
                }
            }
        ]
    }
}