{
    "client_metrics": [
        {
            "thrus": [
                9.136463497909668, 
                14.286465345606741, 
                14.237449332477189, 
                10.736740072326976, 
                14.278884899051139, 
                14.436268063019506, 
                10.648066907341374, 
                14.204844079108481, 
                14.62985016107465, 
                10.865578022673418, 
                14.353083559059494, 
                14.122279166390106, 
                10.630340949051327, 
                14.108813945377445, 
                14.266922710372908
            ], 
            "p99_lats": [
                5.23023899, 
                8.49830823, 
                11.777747739999999, 
                16.12578063, 
                19.394954830000003, 
                22.60905453, 
                26.996576570000002, 
                30.28368374, 
                33.46900036, 
                37.76188004, 
                41.012119240000004, 
                44.31997662, 
                48.71514721, 
                52.02633582, 
                55.29842918
            ], 
            "mean_lats": [
                3.1580025000000003, 
                6.769284720000001, 
                10.36513336, 
                14.044507659999999, 
                17.6629421, 
                21.23941368, 
                24.902465239999998, 
                28.537435020000004, 
                32.097664120000005, 
                35.7657934, 
                39.30959062, 
                42.895036919999995, 
                46.608537739999996, 
                50.27086221999999, 
                53.905986819999995
            ]
        }
    ], 
    "node_configs": [
        {
            "model_image": "model-comp/nmt", 
            "name": "nmt", 
            "cpus_per_replica": 3, 
            "input_type": "strings", 
            "use_nvidia_docker": true, 
            "batch_size": 15, 
            "num_replicas": 1, 
            "slo": 500000, 
            "allocated_cpus": [
                6, 
                7, 
                8, 
                9, 
                10, 
                11, 
                12, 
                13, 
                14, 
                15
            ], 
            "gpus": [
                0
            ], 
            "input_size": 20
        }
    ], 
    "clipper_metrics": {
        "histograms": [
            {
                "internal:rpc_request_queueing_delay": {
                    "p99": "0", 
                    "min": "0", 
                    "max": "0", 
                    "p95": "0", 
                    "std_dev": "0", 
                    "size": "0", 
                    "p50": "0", 
                    "unit": "microseconds", 
                    "mean": "0"
                }
            }, 
            {
                "app:nmt:prediction_latency": {
                    "p99": "55265641.1600000001017", 
                    "min": "773634", 
                    "max": "55298918", 
                    "p95": "53106114.9999999998981", 
                    "std_dev": "15705650.9928250368894", 
                    "size": "751", 
                    "p50": "28083940", 
                    "unit": "microseconds", 
                    "mean": "28535166.9121171771003"
                }
            }, 
            {
                "model:nmt:1:prediction_latency": {
                    "p99": "1203031", 
                    "min": "773346", 
                    "max": "1203031", 
                    "p95": "1187388.59999999999377", 
                    "std_dev": "59998.5736726851871303", 
                    "size": "51", 
                    "p50": "1173375", 
                    "unit": "microseconds", 
                    "mean": "1158913.2941176470589"
                }
            }, 
            {
                "model:nmt:1:batch_size": {
                    "p99": "15", 
                    "min": "1", 
                    "max": "15", 
                    "p95": "15", 
                    "std_dev": "1.94107743855130692823", 
                    "size": "51", 
                    "p50": "15", 
                    "unit": "queries", 
                    "mean": "14.7254901960784313764"
                }
            }
        ], 
        "meters": [
            {
                "internal:aggregate_model_throughput": {
                    "rate": "8.7622281648511837", 
                    "rate_1min": "8.0647943858408748", 
                    "rate_15min": "0.80836316595444524", 
                    "unit": "events per second", 
                    "rate_5min": "2.2782754273839161"
                }
            }, 
            {
                "app:nmt:prediction_throughput": {
                    "rate": "0", 
                    "rate_1min": "0", 
                    "rate_15min": "0", 
                    "unit": "events per second", 
                    "rate_5min": "0"
                }
            }, 
            {
                "model:nmt:1:prediction_throughput": {
                    "rate": "11.459813797710421", 
                    "rate_1min": "8.0415229865015867", 
                    "rate_15min": "0.80818550423989044", 
                    "unit": "events per second", 
                    "rate_5min": "2.2768020619473393"
                }
            }
        ], 
        "ratio_counters": [
            {
                "app:nmt:default_prediction_ratio": {
                    "ratio": "0"
                }
            }, 
            {
                "model:nmt:1:cache_hit_ratio": {
                    "ratio": "0"
                }
            }
        ], 
        "counters": [
            {
                "internal:aggregate_num_predictions": {
                    "count": "5000"
                }
            }, 
            {
                "app:nmt:num_predictions": {
                    "count": "751"
                }
            }, 
            {
                "model:nmt:1:num_predictions": {
                    "count": "751"
                }
            }
        ]
    }
}