{
    "client_metrics": [
        {
            "thrus": [
                8.729449566303487, 
                10.754193759169295, 
                10.682966309342808, 
                9.689740328524831, 
                10.72391119057291, 
                11.380015827326014, 
                9.552326402228978, 
                10.889270061737806, 
                10.930402411509101, 
                9.493864969518048, 
                11.016054798262989, 
                10.842111106485143, 
                9.848091223262925, 
                10.771611461080768, 
                10.961760774479092
            ], 
            "p99_lats": [
                5.24945101, 
                9.87225653, 
                14.30322729, 
                18.91477583, 
                23.58369221, 
                27.72931674, 
                32.42967176, 
                37.02860477, 
                41.35420019, 
                46.10780361, 
                50.62789487, 
                54.99643729, 
                59.52226099, 
                64.1882174, 
                68.50146588999999
            ], 
            "mean_lats": [
                3.1977552799999995, 
                7.615226679999999, 
                12.17493254, 
                16.7610686, 
                21.277792380000005, 
                25.801337880000002, 
                30.20748568, 
                34.71918404, 
                39.2490829, 
                43.876378640000006, 
                48.39667904, 
                52.88111646, 
                57.386443140000004, 
                61.93443009999999, 
                66.44488831999999
            ]
        }
    ], 
    "node_configs": [
        {
            "model_image": "model-comp/nmt", 
            "name": "nmt", 
            "cpus_per_replica": 5, 
            "input_type": "strings", 
            "use_nvidia_docker": true, 
            "batch_size": 6, 
            "num_replicas": 1, 
            "slo": 500000, 
            "allocated_cpus": [
                6, 
                7, 
                8, 
                9, 
                10, 
                11, 
                12, 
                13, 
                14, 
                15
            ], 
            "gpus": [
                0
            ], 
            "input_size": 20
        }
    ], 
    "clipper_metrics": {
        "histograms": [
            {
                "internal:rpc_request_queueing_delay": {
                    "p99": "0", 
                    "min": "0", 
                    "max": "0", 
                    "p95": "0", 
                    "std_dev": "0", 
                    "size": "0", 
                    "p50": "0", 
                    "unit": "microseconds", 
                    "mean": "0"
                }
            }, 
            {
                "app:nmt:prediction_latency": {
                    "p99": "67978384.6800000000803", 
                    "min": "782076", 
                    "max": "68503091", 
                    "p95": "65278934.5999999998749", 
                    "std_dev": "19600707.4505519259728", 
                    "size": "751", 
                    "p50": "34762073", 
                    "unit": "microseconds", 
                    "mean": "34837860.2223701730873"
                }
            }, 
            {
                "model:nmt:1:prediction_latency": {
                    "p99": "740435.270000000615255", 
                    "min": "419875", 
                    "max": "781772", 
                    "p95": "599042.699999999983902", 
                    "std_dev": "38818.8608971728643304", 
                    "size": "126", 
                    "p50": "592333.5", 
                    "unit": "microseconds", 
                    "mean": "574280.055555555555486"
                }
            }, 
            {
                "model:nmt:1:batch_size": {
                    "p99": "6", 
                    "min": "1", 
                    "max": "6", 
                    "p95": "6", 
                    "std_dev": "0.443664281249958273505", 
                    "size": "126", 
                    "p50": "6", 
                    "unit": "queries", 
                    "mean": "5.96031746031746031359"
                }
            }
        ], 
        "meters": [
            {
                "internal:aggregate_model_throughput": {
                    "rate": "7.6224843923795937", 
                    "rate_1min": "7.0882322908831936", 
                    "rate_15min": "0.76484103486020105", 
                    "unit": "events per second", 
                    "rate_5min": "2.1297915937751268"
                }
            }, 
            {
                "app:nmt:prediction_throughput": {
                    "rate": "0", 
                    "rate_1min": "0", 
                    "rate_15min": "0", 
                    "unit": "events per second", 
                    "rate_5min": "0"
                }
            }, 
            {
                "model:nmt:1:prediction_throughput": {
                    "rate": "9.5630649625751811", 
                    "rate_1min": "7.0882322908831936", 
                    "rate_15min": "0.76484103486020105", 
                    "unit": "events per second", 
                    "rate_5min": "2.1297915937751268"
                }
            }
        ], 
        "ratio_counters": [
            {
                "app:nmt:default_prediction_ratio": {
                    "ratio": "0"
                }
            }, 
            {
                "model:nmt:1:cache_hit_ratio": {
                    "ratio": "0"
                }
            }
        ], 
        "counters": [
            {
                "internal:aggregate_num_predictions": {
                    "count": "5000"
                }
            }, 
            {
                "app:nmt:num_predictions": {
                    "count": "751"
                }
            }, 
            {
                "model:nmt:1:num_predictions": {
                    "count": "751"
                }
            }
        ]
    }
}