{
    "client_metrics": [
        {
            "thrus": [
                6.452751085255941, 
                10.133802677026384, 
                9.521444578337114, 
                7.455037920795888, 
                10.072420704868, 
                9.89021857383048, 
                7.528202150897693, 
                9.981595933417964, 
                10.025203361250183, 
                7.507165965272151, 
                10.134667433928556, 
                9.368588957469042, 
                7.158710618859079, 
                9.86750700987698, 
                9.452557049017559
            ], 
            "p99_lats": [
                7.50494275, 
                12.20489787, 
                17.22165715, 
                23.61583271, 
                28.34501025, 
                33.16565565, 
                39.49641781, 
                44.26965716, 
                49.02283200000001, 
                55.37212965, 
                60.07067298, 
                65.17310122999999, 
                71.84620506, 
                76.6781979, 
                81.73315207
            ], 
            "mean_lats": [
                4.5226025, 
                9.720636820000001, 
                15.08665628, 
                20.565108619999997, 
                25.854402959999998, 
                31.11559658, 
                36.496464360000004, 
                41.749372519999994, 
                47.002493199999996, 
                52.371056560000014, 
                57.60608228, 
                62.91145054, 
                68.54289732000001, 
                74.13371006, 
                79.58219100000001
            ]
        }
    ], 
    "node_configs": [
        {
            "model_image": "model-comp/nmt", 
            "name": "nmt", 
            "cpus_per_replica": 2, 
            "input_type": "strings", 
            "use_nvidia_docker": true, 
            "batch_size": 15, 
            "num_replicas": 1, 
            "slo": 500000, 
            "allocated_cpus": [
                6, 
                7, 
                8, 
                9, 
                10, 
                11, 
                12, 
                13, 
                14, 
                15
            ], 
            "gpus": [
                0
            ], 
            "input_size": 40
        }
    ], 
    "clipper_metrics": {
        "histograms": [
            {
                "internal:rpc_request_queueing_delay": {
                    "p99": "0", 
                    "min": "0", 
                    "max": "0", 
                    "p95": "0", 
                    "std_dev": "0", 
                    "size": "0", 
                    "p50": "0", 
                    "unit": "microseconds", 
                    "mean": "0"
                }
            }, 
            {
                "app:nmt:prediction_latency": {
                    "p99": "81700085.4800000000978", 
                    "min": "1169274", 
                    "max": "81734423", 
                    "p95": "78251315.999999999869", 
                    "std_dev": "23184630.5358411709894", 
                    "size": "751", 
                    "p50": "41074627", 
                    "unit": "microseconds", 
                    "mean": "41867698.2596537949285"
                }
            }, 
            {
                "model:nmt:1:prediction_latency": {
                    "p99": "1963847", 
                    "min": "1169004", 
                    "max": "1963847", 
                    "p95": "1952022.99999999998636", 
                    "std_dev": "107696.851341808682427", 
                    "size": "51", 
                    "p50": "1663327", 
                    "unit": "microseconds", 
                    "mean": "1677604.37254901960773"
                }
            }, 
            {
                "model:nmt:1:batch_size": {
                    "p99": "15", 
                    "min": "1", 
                    "max": "15", 
                    "p95": "15", 
                    "std_dev": "1.94107743855130692823", 
                    "size": "51", 
                    "p50": "15", 
                    "unit": "queries", 
                    "mean": "14.7254901960784313764"
                }
            }
        ], 
        "meters": [
            {
                "internal:aggregate_model_throughput": {
                    "rate": "6.7089173616374005", 
                    "rate_1min": "6.6950691600947083", 
                    "rate_15min": "0.78169557091664521", 
                    "unit": "events per second", 
                    "rate_5min": "2.1471559368301354"
                }
            }, 
            {
                "app:nmt:prediction_throughput": {
                    "rate": "0", 
                    "rate_1min": "0", 
                    "rate_15min": "0", 
                    "unit": "events per second", 
                    "rate_5min": "0"
                }
            }, 
            {
                "model:nmt:1:prediction_throughput": {
                    "rate": "8.17890103384903", 
                    "rate_1min": "6.6950691600947083", 
                    "rate_15min": "0.78169557091664521", 
                    "unit": "events per second", 
                    "rate_5min": "2.1471559368301354"
                }
            }
        ], 
        "ratio_counters": [
            {
                "app:nmt:default_prediction_ratio": {
                    "ratio": "0"
                }
            }, 
            {
                "model:nmt:1:cache_hit_ratio": {
                    "ratio": "0"
                }
            }
        ], 
        "counters": [
            {
                "internal:aggregate_num_predictions": {
                    "count": "5000"
                }
            }, 
            {
                "app:nmt:num_predictions": {
                    "count": "751"
                }
            }, 
            {
                "model:nmt:1:num_predictions": {
                    "count": "751"
                }
            }
        ]
    }
}