{
    "client_metrics": [
        {
            "thrus": [
                10.39034661988517, 
                15.590515728024076, 
                14.948264058094935, 
                15.645784446776013, 
                14.161782503910777, 
                15.400390122682587, 
                14.432988500372083, 
                15.110665984470467, 
                14.087241157509162, 
                15.468995183573659, 
                14.312507299378723, 
                15.420890062932653, 
                14.15246678911381, 
                15.315844884798809, 
                14.258805882042603
            ], 
            "p99_lats": [
                4.43132254, 
                7.51413642, 
                10.46925882, 
                13.53850455, 
                16.680278339999997, 
                19.799009299999998, 
                22.872545019999997, 
                26.055486130000002, 
                29.209643019999998, 
                32.31969365, 
                35.422715170000004, 
                38.53890288, 
                41.69099583, 
                44.820710399999996, 
                47.96599964
            ], 
            "mean_lats": [
                2.92338368, 
                6.006147480000001, 
                9.010798059999999, 
                12.0714154, 
                15.17930074, 
                18.2751553, 
                21.385431320000002, 
                24.515713639999998, 
                27.70186784, 
                30.823803859999998, 
                33.92900082, 
                37.06360018, 
                40.176948280000005, 
                43.30882482, 
                46.47356945999999
            ]
        }
    ], 
    "node_configs": [
        {
            "model_image": "model-comp/nmt", 
            "name": "nmt", 
            "cpus_per_replica": 3, 
            "input_type": "strings", 
            "use_nvidia_docker": true, 
            "batch_size": 4, 
            "num_replicas": 1, 
            "slo": 500000, 
            "allocated_cpus": [
                6, 
                7, 
                8, 
                9, 
                10, 
                11
            ], 
            "gpus": [
                0
            ], 
            "input_size": 10
        }
    ], 
    "clipper_metrics": {
        "histograms": [
            {
                "internal:rpc_request_queueing_delay": {
                    "p99": "0", 
                    "min": "0", 
                    "max": "0", 
                    "p95": "0", 
                    "std_dev": "0", 
                    "size": "0", 
                    "p50": "0", 
                    "unit": "microseconds", 
                    "mean": "0"
                }
            }, 
            {
                "app:nmt:prediction_latency": {
                    "p99": "47851603.0400000002046", 
                    "min": "1198400", 
                    "max": "48060895", 
                    "p95": "45839794.7999999997446", 
                    "std_dev": "13541813.7600206502912", 
                    "size": "753", 
                    "p50": "24519771", 
                    "unit": "microseconds", 
                    "mean": "24681326.8884462151327"
                }
            }, 
            {
                "model:nmt:1:prediction_latency": {
                    "p99": "406175.599999994999962", 
                    "min": "199645", 
                    "max": "1198082", 
                    "p95": "278591", 
                    "std_dev": "69109.0205137609671411", 
                    "size": "189", 
                    "p50": "275307", 
                    "unit": "microseconds", 
                    "mean": "274713.121693121693198"
                }
            }, 
            {
                "model:nmt:1:batch_size": {
                    "p99": "4", 
                    "min": "1", 
                    "max": "4", 
                    "p95": "4", 
                    "std_dev": "0.217639828584160130104", 
                    "size": "189", 
                    "p50": "4", 
                    "unit": "queries", 
                    "mean": "3.98412698412698411963"
                }
            }
        ], 
        "meters": [
            {
                "internal:aggregate_model_throughput": {
                    "rate": "9.6387687715821855", 
                    "rate_1min": "8.0967759684630494", 
                    "rate_15min": "0.76287361334881587", 
                    "unit": "events per second", 
                    "rate_5min": "2.1721662680060811"
                }
            }, 
            {
                "app:nmt:prediction_throughput": {
                    "rate": "0", 
                    "rate_1min": "0", 
                    "rate_15min": "0", 
                    "unit": "events per second", 
                    "rate_5min": "0"
                }
            }, 
            {
                "model:nmt:1:prediction_throughput": {
                    "rate": "13.299817557589005", 
                    "rate_1min": "8.2329353797708986", 
                    "rate_15min": "0.78385736836390973", 
                    "unit": "events per second", 
                    "rate_5min": "2.228252869905667"
                }
            }
        ], 
        "ratio_counters": [
            {
                "app:nmt:default_prediction_ratio": {
                    "ratio": "0"
                }
            }, 
            {
                "model:nmt:1:cache_hit_ratio": {
                    "ratio": "0"
                }
            }
        ], 
        "counters": [
            {
                "internal:aggregate_num_predictions": {
                    "count": "5000"
                }
            }, 
            {
                "app:nmt:num_predictions": {
                    "count": "753"
                }
            }, 
            {
                "model:nmt:1:num_predictions": {
                    "count": "753"
                }
            }
        ]
    }
}