{
    "client_metrics": [
        {
            "thrus": [
                1.7283744748679832, 
                1.82578298429414, 
                1.8003498439816827, 
                1.8229776414709038, 
                1.8239132832832072, 
                1.824995421998984, 
                1.7997228786711423, 
                1.8246005639183487, 
                1.7993001586047104, 
                1.82632897210845, 
                1.8517022754569343, 
                1.7998359269568986, 
                1.8255366064450131, 
                1.8002786687356909, 
                1.8002267493604425
            ], 
            "p99_lats": [
                28.1344371, 
                55.26213893, 
                82.77346532, 
                109.94590348999999, 
                137.09997540999998, 
                164.24202855, 
                191.76561052, 
                218.90629214999998, 
                246.44399054, 
                273.5629678, 
                300.30192167, 
                327.80476206000003, 
                354.94074981, 
                382.4557733099999, 
                409.97009466
            ], 
            "mean_lats": [
                14.96007634, 
                42.13660624, 
                69.55666356, 
                97.03718205999999, 
                123.87488048000002, 
                151.09732394, 
                178.55783464, 
                205.86653661999998, 
                233.21624866, 
                260.49747052, 
                287.55701364, 
                314.58735828, 
                341.83104138000004, 
                369.23329141999994, 
                396.76249061999994
            ]
        }
    ], 
    "node_configs": [
        {
            "model_image": "model-comp/nmt", 
            "name": "nmt", 
            "cpus_per_replica": 3, 
            "input_type": "strings", 
            "use_nvidia_docker": true, 
            "batch_size": 2, 
            "num_replicas": 1, 
            "slo": 500000, 
            "allocated_cpus": [
                6, 
                7, 
                8, 
                9, 
                10, 
                11, 
                12, 
                13, 
                14, 
                15
            ], 
            "gpus": [
                0
            ], 
            "input_size": 80
        }
    ], 
    "clipper_metrics": {
        "histograms": [
            {
                "internal:rpc_request_queueing_delay": {
                    "p99": "0", 
                    "min": "0", 
                    "max": "0", 
                    "p95": "0", 
                    "std_dev": "0", 
                    "size": "0", 
                    "p50": "0", 
                    "unit": "microseconds", 
                    "mean": "0"
                }
            }, 
            {
                "app:nmt:prediction_latency": {
                    "p99": "407207427.44000000009", 
                    "min": "1559827", 
                    "max": "410509098", 
                    "p95": "390706562.59999999986", 
                    "std_dev": "118174123.720420877835", 
                    "size": "751", 
                    "p50": "206211732", 
                    "unit": "microseconds", 
                    "mean": "206055801.680426098581"
                }
            }, 
            {
                "model:nmt:1:prediction_latency": {
                    "p99": "1121923.05000000006248", 
                    "min": "718719", 
                    "max": "1559537", 
                    "p95": "1116788.74999999999807", 
                    "std_dev": "67003.10701494120201", 
                    "size": "376", 
                    "p50": "1111338.5", 
                    "unit": "microseconds", 
                    "mean": "1102073.89095744680833"
                }
            }, 
            {
                "model:nmt:1:batch_size": {
                    "p99": "2", 
                    "min": "1", 
                    "max": "2", 
                    "p95": "2", 
                    "std_dev": "0.0515024381144603309541", 
                    "size": "376", 
                    "p50": "2", 
                    "unit": "queries", 
                    "mean": "1.99734042553191488826"
                }
            }
        ], 
        "meters": [
            {
                "internal:aggregate_model_throughput": {
                    "rate": "1.6166939220237004", 
                    "rate_1min": "1.7988945056266195", 
                    "rate_15min": "0.66304744094792278", 
                    "unit": "events per second", 
                    "rate_5min": "1.3495939701056541"
                }
            }, 
            {
                "app:nmt:prediction_throughput": {
                    "rate": "0", 
                    "rate_1min": "0", 
                    "rate_15min": "0", 
                    "unit": "events per second", 
                    "rate_5min": "0"
                }
            }, 
            {
                "model:nmt:1:prediction_throughput": {
                    "rate": "1.6875547747472561", 
                    "rate_1min": "1.797798785191238", 
                    "rate_15min": "0.66860380136848374", 
                    "unit": "events per second", 
                    "rate_5min": "1.3559581607703941"
                }
            }
        ], 
        "ratio_counters": [
            {
                "app:nmt:default_prediction_ratio": {
                    "ratio": "0"
                }
            }, 
            {
                "model:nmt:1:cache_hit_ratio": {
                    "ratio": "0"
                }
            }
        ], 
        "counters": [
            {
                "internal:aggregate_num_predictions": {
                    "count": "5000"
                }
            }, 
            {
                "app:nmt:num_predictions": {
                    "count": "751"
                }
            }, 
            {
                "model:nmt:1:num_predictions": {
                    "count": "751"
                }
            }
        ]
    }
}