{
    "client_metrics": [
        {
            "thrus": [
                4.284793055207416, 
                4.338647018959019, 
                4.489508736404421, 
                4.465446730435628, 
                4.49457877392026, 
                4.481615963157532, 
                4.389069601514615, 
                4.503545776696366, 
                4.441628649286514, 
                4.288613756208948, 
                4.4172514518622075, 
                4.34773043688691, 
                4.50253109785666, 
                4.292128074011396, 
                4.480621580501625
            ], 
            "p99_lats": [
                11.24739565, 
                22.464222909999997, 
                33.36509697, 
                44.268533360000006, 
                55.118562489999995, 
                66.1068446, 
                77.18880439, 
                87.98898926999999, 
                98.99195674, 
                110.46223694, 
                121.47680322000001, 
                132.75263707, 
                143.58795422999998, 
                154.96090469, 
                165.85094142
            ], 
            "mean_lats": [
                6.282873400000001, 
                17.0488839, 
                28.04809262, 
                39.11381772, 
                49.80021393999999, 
                61.02719206, 
                71.8659032, 
                82.58913456, 
                93.67944884000002, 
                105.05073084, 
                116.07235546, 
                127.3658194, 
                138.47692718, 
                149.50062827999997, 
                160.55075916
            ]
        }
    ], 
    "node_configs": [
        {
            "model_image": "model-comp/nmt", 
            "name": "nmt", 
            "cpus_per_replica": 2, 
            "input_type": "strings", 
            "use_nvidia_docker": true, 
            "batch_size": 2, 
            "num_replicas": 1, 
            "slo": 500000, 
            "allocated_cpus": [
                6, 
                7, 
                8, 
                9, 
                10, 
                11, 
                12, 
                13, 
                14, 
                15
            ], 
            "gpus": [
                0
            ], 
            "input_size": 20
        }
    ], 
    "clipper_metrics": {
        "histograms": [
            {
                "internal:rpc_request_queueing_delay": {
                    "p99": "0", 
                    "min": "0", 
                    "max": "0", 
                    "p95": "0", 
                    "std_dev": "0", 
                    "size": "0", 
                    "p50": "0", 
                    "unit": "microseconds", 
                    "mean": "0"
                }
            }, 
            {
                "app:nmt:prediction_latency": {
                    "p99": "164687277.520000000077", 
                    "min": "807623", 
                    "max": "166063272", 
                    "p95": "158123404.799999999901", 
                    "std_dev": "47826866.9547991438958", 
                    "size": "751", 
                    "p50": "82669546", 
                    "unit": "microseconds", 
                    "mean": "83206974.3462050599046"
                }
            }, 
            {
                "model:nmt:1:prediction_latency": {
                    "p99": "520081.420000000013715", 
                    "min": "317614", 
                    "max": "807331", 
                    "p95": "516518.099999999995589", 
                    "std_dev": "58652.7644329977347368", 
                    "size": "376", 
                    "p50": "456357", 
                    "unit": "microseconds", 
                    "mean": "451961.515957446808699"
                }
            }, 
            {
                "model:nmt:1:batch_size": {
                    "p99": "2", 
                    "min": "1", 
                    "max": "2", 
                    "p95": "2", 
                    "std_dev": "0.0515024381144603309541", 
                    "size": "376", 
                    "p50": "2", 
                    "unit": "queries", 
                    "mean": "1.99734042553191488826"
                }
            }
        ], 
        "meters": [
            {
                "internal:aggregate_model_throughput": {
                    "rate": "3.8385519759334752", 
                    "rate_1min": "4.1423487523569946", 
                    "rate_15min": "0.756567438609831", 
                    "unit": "events per second", 
                    "rate_5min": "1.9024496082618028"
                }
            }, 
            {
                "app:nmt:prediction_throughput": {
                    "rate": "0", 
                    "rate_1min": "0", 
                    "rate_15min": "0", 
                    "unit": "events per second", 
                    "rate_5min": "0"
                }
            }, 
            {
                "model:nmt:1:prediction_throughput": {
                    "rate": "4.2703748183036545", 
                    "rate_1min": "4.1507420236816133", 
                    "rate_15min": "0.7566899809954396", 
                    "unit": "events per second", 
                    "rate_5min": "1.903354571235774"
                }
            }
        ], 
        "ratio_counters": [
            {
                "app:nmt:default_prediction_ratio": {
                    "ratio": "0"
                }
            }, 
            {
                "model:nmt:1:cache_hit_ratio": {
                    "ratio": "0"
                }
            }
        ], 
        "counters": [
            {
                "internal:aggregate_num_predictions": {
                    "count": "5000"
                }
            }, 
            {
                "app:nmt:num_predictions": {
                    "count": "751"
                }
            }, 
            {
                "model:nmt:1:num_predictions": {
                    "count": "751"
                }
            }
        ]
    }
}