{
    "client_metrics": [
        {
            "thrus": [
                4.324450364520895, 
                4.84502649793442, 
                4.898671950439548, 
                4.738928181448631, 
                4.506439025401445, 
                4.691820140013296, 
                4.811978670230867, 
                4.816742225296374, 
                4.770956402141625, 
                4.769211648360684, 
                4.851867158594244, 
                4.640056868536981, 
                4.621969570986011, 
                4.721734047385434, 
                4.6525637533832285
            ], 
            "p99_lats": [
                11.18699043, 
                21.252851970000002, 
                31.19927704, 
                41.502449920000004, 
                52.32934159, 
                62.72921878, 
                72.87716381999999, 
                83.0202841, 
                93.20381748, 
                103.44150829, 
                113.47629331, 
                124.01041237000001, 
                134.59507773, 
                144.92070845, 
                155.39915435
            ], 
            "mean_lats": [
                6.391050439999999, 
                16.367102680000002, 
                26.393137940000006, 
                36.60854388, 
                47.109226799999995, 
                57.78824733999999, 
                68.10826662000001, 
                78.16706472000001, 
                88.37247159999998, 
                98.54323826, 
                108.66324046000001, 
                119.08706540000001, 
                129.51054598000002, 
                139.95251806, 
                150.44804362000002
            ]
        }
    ], 
    "node_configs": [
        {
            "model_image": "model-comp/nmt", 
            "name": "nmt", 
            "cpus_per_replica": 2, 
            "input_type": "strings", 
            "use_nvidia_docker": true, 
            "batch_size": 1, 
            "num_replicas": 1, 
            "slo": 500000, 
            "allocated_cpus": [
                6, 
                7, 
                8, 
                9, 
                10, 
                11
            ], 
            "gpus": [
                0
            ], 
            "input_size": 10
        }
    ], 
    "clipper_metrics": {
        "histograms": [
            {
                "internal:rpc_request_queueing_delay": {
                    "p99": "0", 
                    "min": "0", 
                    "max": "0", 
                    "p95": "0", 
                    "std_dev": "0", 
                    "size": "0", 
                    "p50": "0", 
                    "unit": "microseconds", 
                    "mean": "0"
                }
            }, 
            {
                "app:nmt:prediction_latency": {
                    "p99": "155040415.050000007352", 
                    "min": "1271191", 
                    "max": "156148135", 
                    "p95": "148640497.75", 
                    "std_dev": "44807277.1952838211218", 
                    "size": "754", 
                    "p50": "78598191.5", 
                    "unit": "microseconds", 
                    "mean": "78511874.7519893899371"
                }
            }, 
            {
                "model:nmt:1:prediction_latency": {
                    "p99": "247966.650000000010778", 
                    "min": "135035", 
                    "max": "1270887", 
                    "p95": "246216.75", 
                    "std_dev": "49582.4550875270630357", 
                    "size": "754", 
                    "p50": "212224.5", 
                    "unit": "microseconds", 
                    "mean": "212229.81432360742707"
                }
            }, 
            {
                "model:nmt:1:batch_size": {
                    "p99": "1", 
                    "min": "1", 
                    "max": "1", 
                    "p95": "1", 
                    "std_dev": "3.08997619158368763692e-18", 
                    "size": "754", 
                    "p50": "1", 
                    "unit": "queries", 
                    "mean": "0.99999999999999999691"
                }
            }
        ], 
        "meters": [
            {
                "internal:aggregate_model_throughput": {
                    "rate": "4.0564076298014795", 
                    "rate_1min": "4.368720618683362", 
                    "rate_15min": "0.76194305326212763", 
                    "unit": "events per second", 
                    "rate_5min": "1.93600663077403"
                }
            }, 
            {
                "app:nmt:prediction_throughput": {
                    "rate": "0", 
                    "rate_1min": "0", 
                    "rate_15min": "0", 
                    "unit": "events per second", 
                    "rate_5min": "0"
                }
            }, 
            {
                "model:nmt:1:prediction_throughput": {
                    "rate": "4.5810780890449543", 
                    "rate_1min": "4.3523026004429779", 
                    "rate_15min": "0.74615353194832768", 
                    "unit": "events per second", 
                    "rate_5min": "1.9029778596339166"
                }
            }
        ], 
        "ratio_counters": [
            {
                "app:nmt:default_prediction_ratio": {
                    "ratio": "0"
                }
            }, 
            {
                "model:nmt:1:cache_hit_ratio": {
                    "ratio": "0"
                }
            }
        ], 
        "counters": [
            {
                "internal:aggregate_num_predictions": {
                    "count": "5000"
                }
            }, 
            {
                "app:nmt:num_predictions": {
                    "count": "754"
                }
            }, 
            {
                "model:nmt:1:num_predictions": {
                    "count": "754"
                }
            }
        ]
    }
}