{
    "client_metrics": [
        {
            "thrus": [
                5.008789423680675, 
                6.191484282050341, 
                6.198336862253121, 
                6.185344592969687, 
                6.173220569170936, 
                6.174720127722851, 
                6.1631770142094515, 
                6.168072576009158, 
                6.165253960374186, 
                6.1627956709072045, 
                6.161742284389547, 
                6.158532702486089, 
                6.171861913724036, 
                6.16185998454852, 
                6.160375773065556
            ], 
            "p99_lats": [
                9.84164462, 
                17.6586328, 
                25.46748532, 
                33.29305096, 
                41.13476582, 
                48.97412406, 
                56.82825138, 
                64.67666310999999, 
                72.52876536, 
                80.38335896, 
                88.23909707, 
                96.10021631999999, 
                103.94361681999999, 
                111.80002879, 
                119.65838871
            ], 
            "mean_lats": [
                7.67346628, 
                15.489712200000001, 
                23.306083880000003, 
                31.120885519999998, 
                38.95961869999999, 
                46.79729344, 
                54.65124326, 
                62.49426058, 
                70.34930498, 
                78.20993812, 
                86.05780666000003, 
                93.91844445999999, 
                101.76822372000001, 
                109.62119805999998, 
                117.47828248000002
            ]
        }
    ], 
    "node_configs": [
        {
            "model_image": "model-comp/nmt", 
            "name": "nmt", 
            "cpus_per_replica": 1, 
            "input_type": "strings", 
            "use_nvidia_docker": true, 
            "batch_size": 25, 
            "num_replicas": 1, 
            "slo": 500000, 
            "allocated_cpus": [
                6, 
                7, 
                8, 
                9, 
                10, 
                11, 
                12, 
                13, 
                14, 
                15
            ], 
            "gpus": [
                0
            ], 
            "input_size": 80
        }
    ], 
    "clipper_metrics": {
        "histograms": [
            {
                "internal:rpc_request_queueing_delay": {
                    "p99": "0", 
                    "min": "0", 
                    "max": "0", 
                    "p95": "0", 
                    "std_dev": "0", 
                    "size": "0", 
                    "p50": "0", 
                    "unit": "microseconds", 
                    "mean": "0"
                }
            }, 
            {
                "app:nmt:prediction_latency": {
                    "p99": "119625134.960000000101", 
                    "min": "1888479", 
                    "max": "119658292", 
                    "p95": "115669444.799999999872", 
                    "std_dev": "34003026.9190343501723", 
                    "size": "751", 
                    "p50": "60742990", 
                    "unit": "microseconds", 
                    "mean": "62599056.1651131824401"
                }
            }, 
            {
                "model:nmt:1:prediction_latency": {
                    "p99": "4068036", 
                    "min": "1888181", 
                    "max": "4068036", 
                    "p95": "4066003.19999999999527", 
                    "std_dev": "382131.189317064368566", 
                    "size": "31", 
                    "p50": "4050714", 
                    "unit": "microseconds", 
                    "mean": "3980548.64516129032313"
                }
            }, 
            {
                "model:nmt:1:batch_size": {
                    "p99": "25", 
                    "min": "1", 
                    "max": "25", 
                    "p95": "25", 
                    "std_dev": "4.24043270326580216609", 
                    "size": "31", 
                    "p50": "25", 
                    "unit": "queries", 
                    "mean": "24.2258064516129032299"
                }
            }
        ], 
        "meters": [
            {
                "internal:aggregate_model_throughput": {
                    "rate": "4.3291745203810734", 
                    "rate_1min": "5.3646859637168944", 
                    "rate_15min": "0.75677588696852871", 
                    "unit": "events per second", 
                    "rate_5min": "2.0067097270409735"
                }
            }, 
            {
                "app:nmt:prediction_throughput": {
                    "rate": "0", 
                    "rate_1min": "0", 
                    "rate_15min": "0", 
                    "unit": "events per second", 
                    "rate_5min": "0"
                }
            }, 
            {
                "model:nmt:1:prediction_throughput": {
                    "rate": "4.9322164702391209", 
                    "rate_1min": "5.2630177327582652", 
                    "rate_15min": "0.75576619880245721", 
                    "unit": "events per second", 
                    "rate_5min": "1.998737339889487"
                }
            }
        ], 
        "ratio_counters": [
            {
                "app:nmt:default_prediction_ratio": {
                    "ratio": "0"
                }
            }, 
            {
                "model:nmt:1:cache_hit_ratio": {
                    "ratio": "0"
                }
            }
        ], 
        "counters": [
            {
                "internal:aggregate_num_predictions": {
                    "count": "5000"
                }
            }, 
            {
                "app:nmt:num_predictions": {
                    "count": "751"
                }
            }, 
            {
                "model:nmt:1:num_predictions": {
                    "count": "751"
                }
            }
        ]
    }
}