{
    "client_metrics": [
        {
            "thrus": [
                5.618672602082572, 
                6.315525950054042, 
                6.351041901125964, 
                6.418965629905293, 
                6.578452253330408, 
                6.2228752645810985, 
                6.391297200688522, 
                6.30425441348243, 
                6.679101372328243, 
                6.2790405626020345, 
                6.401996193629143, 
                6.541504998821876, 
                6.309618799332544, 
                6.170291404352154, 
                6.274916910687727
            ], 
            "p99_lats": [
                8.48555549, 
                16.14268797, 
                23.73531643, 
                31.26698418, 
                38.60956401, 
                46.3860725, 
                53.95784888, 
                61.62221153, 
                68.87882628, 
                76.56630933, 
                84.10698454, 
                91.53440761, 
                99.15604626000001, 
                107.00149973, 
                114.71107391999999
            ], 
            "mean_lats": [
                4.76902002, 
                12.465812899999998, 
                20.0587172, 
                27.670284459999994, 
                35.0541561, 
                42.656893880000005, 
                50.344385280000004, 
                57.95518116000001, 
                65.33346892, 
                72.82868715999999, 
                80.48756576, 
                87.98627761999998, 
                95.46954774, 
                103.28661084000001, 
                111.04843752000001
            ]
        }
    ], 
    "node_configs": [
        {
            "model_image": "model-comp/nmt", 
            "name": "nmt", 
            "cpus_per_replica": 1, 
            "input_type": "strings", 
            "use_nvidia_docker": true, 
            "batch_size": 2, 
            "num_replicas": 1, 
            "slo": 500000, 
            "allocated_cpus": [
                6, 
                7, 
                8, 
                9, 
                10, 
                11, 
                12, 
                13, 
                14, 
                15
            ], 
            "gpus": [
                0
            ], 
            "input_size": 10
        }
    ], 
    "clipper_metrics": {
        "histograms": [
            {
                "internal:rpc_request_queueing_delay": {
                    "p99": "0", 
                    "min": "0", 
                    "max": "0", 
                    "p95": "0", 
                    "std_dev": "0", 
                    "size": "0", 
                    "p50": "0", 
                    "unit": "microseconds", 
                    "mean": "0"
                }
            }, 
            {
                "app:nmt:prediction_latency": {
                    "p99": "113979032.440000000104", 
                    "min": "731906", 
                    "max": "114868902", 
                    "p95": "109417434.39999999987", 
                    "std_dev": "32812930.7611959307669", 
                    "size": "751", 
                    "p50": "58044805", 
                    "unit": "microseconds", 
                    "mean": "57901984.9227696404741"
                }
            }, 
            {
                "model:nmt:1:prediction_latency": {
                    "p99": "353838.040000000062719", 
                    "min": "216952", 
                    "max": "731616", 
                    "p95": "336438.549999999998249", 
                    "std_dev": "38037.786381317119492", 
                    "size": "376", 
                    "p50": "334043.5", 
                    "unit": "microseconds", 
                    "mean": "315829.61170212765947"
                }
            }, 
            {
                "model:nmt:1:batch_size": {
                    "p99": "2", 
                    "min": "1", 
                    "max": "2", 
                    "p95": "2", 
                    "std_dev": "0.0515024381144603309541", 
                    "size": "376", 
                    "p50": "2", 
                    "unit": "queries", 
                    "mean": "1.99734042553191488826"
                }
            }
        ], 
        "meters": [
            {
                "internal:aggregate_model_throughput": {
                    "rate": "5.1941761486087135", 
                    "rate_1min": "5.4010343196786872", 
                    "rate_15min": "0.75469701678812129", 
                    "unit": "events per second", 
                    "rate_5min": "2.0061486964598227"
                }
            }, 
            {
                "app:nmt:prediction_throughput": {
                    "rate": "0", 
                    "rate_1min": "0", 
                    "rate_15min": "0", 
                    "unit": "events per second", 
                    "rate_5min": "0"
                }
            }, 
            {
                "model:nmt:1:prediction_throughput": {
                    "rate": "6.0607361623547744", 
                    "rate_1min": "5.4084731184543742", 
                    "rate_15min": "0.75859579729830662", 
                    "unit": "events per second", 
                    "rate_5min": "2.0151221765237288"
                }
            }
        ], 
        "ratio_counters": [
            {
                "app:nmt:default_prediction_ratio": {
                    "ratio": "0"
                }
            }, 
            {
                "model:nmt:1:cache_hit_ratio": {
                    "ratio": "0"
                }
            }
        ], 
        "counters": [
            {
                "internal:aggregate_num_predictions": {
                    "count": "5000"
                }
            }, 
            {
                "app:nmt:num_predictions": {
                    "count": "751"
                }
            }, 
            {
                "model:nmt:1:num_predictions": {
                    "count": "751"
                }
            }
        ]
    }
}