{
    "client_metrics": [
        {
            "thrus": [
                2.8920298260820023, 
                3.0553873904284616, 
                3.0407567835482894, 
                3.0113414345645144, 
                3.0527505526699596, 
                3.0528853154934112, 
                3.0457093356534326, 
                3.0538815873294696, 
                3.0473430337982035, 
                3.0584100035942434, 
                3.068615155460647, 
                3.048210992775496, 
                3.0322515735414703, 
                3.0263399922295697, 
                3.0351889487070673
            ], 
            "p99_lats": [
                16.706714219999995, 
                32.832524189999994, 
                49.03913732, 
                65.33764961, 
                81.46987537999999, 
                97.58682873000001, 
                113.74052884, 
                129.85427681000002, 
                146.00941587, 
                162.11418725000001, 
                178.13541604, 
                194.26933064, 
                210.54395809, 
                226.76031869000002, 
                242.99536997
            ], 
            "mean_lats": [
                9.08307108, 
                25.1341688, 
                41.18777505999999, 
                57.4583439, 
                73.71176412, 
                89.8240693, 
                105.94618242, 
                122.00803042, 
                138.22719392, 
                154.40476894, 
                170.48325742000006, 
                186.50172496, 
                202.69211362000001, 
                218.91369993999993, 
                235.2247294
            ]
        }
    ], 
    "node_configs": [
        {
            "model_image": "model-comp/nmt", 
            "name": "nmt", 
            "cpus_per_replica": 3, 
            "input_type": "strings", 
            "use_nvidia_docker": true, 
            "batch_size": 2, 
            "num_replicas": 1, 
            "slo": 500000, 
            "allocated_cpus": [
                6, 
                7, 
                8, 
                9, 
                10, 
                11, 
                12, 
                13, 
                14, 
                15
            ], 
            "gpus": [
                0
            ], 
            "input_size": 40
        }
    ], 
    "clipper_metrics": {
        "histograms": [
            {
                "internal:rpc_request_queueing_delay": {
                    "p99": "0", 
                    "min": "0", 
                    "max": "0", 
                    "p95": "0", 
                    "std_dev": "0", 
                    "size": "0", 
                    "p50": "0", 
                    "unit": "microseconds", 
                    "mean": "0"
                }
            }, 
            {
                "app:nmt:prediction_latency": {
                    "p99": "242029868.300000000207", 
                    "min": "1165508", 
                    "max": "243941639", 
                    "p95": "232212267.69999999975", 
                    "std_dev": "70198899.2421792295863", 
                    "size": "753", 
                    "p50": "122284061", 
                    "unit": "microseconds", 
                    "mean": "122536504.849933598962"
                }
            }, 
            {
                "model:nmt:1:prediction_latency": {
                    "p99": "787127.119999999636548", 
                    "min": "569835", 
                    "max": "1165213", 
                    "p95": "689806.199999999993111", 
                    "std_dev": "39593.1464960780694256", 
                    "size": "377", 
                    "p50": "662486", 
                    "unit": "microseconds", 
                    "mean": "657320.771883289124787"
                }
            }, 
            {
                "model:nmt:1:batch_size": {
                    "p99": "2", 
                    "min": "1", 
                    "max": "2", 
                    "p95": "2", 
                    "std_dev": "0.0514342690442050824284", 
                    "size": "377", 
                    "p50": "2", 
                    "unit": "queries", 
                    "mean": "1.997347480106100805"
                }
            }
        ], 
        "meters": [
            {
                "internal:aggregate_model_throughput": {
                    "rate": "2.7480435973284782", 
                    "rate_1min": "2.9912060869578982", 
                    "rate_15min": "0.72142003982362313", 
                    "unit": "events per second", 
                    "rate_5min": "1.6920097941591035"
                }
            }, 
            {
                "app:nmt:prediction_throughput": {
                    "rate": "0", 
                    "rate_1min": "0", 
                    "rate_15min": "0", 
                    "unit": "events per second", 
                    "rate_5min": "0"
                }
            }, 
            {
                "model:nmt:1:prediction_throughput": {
                    "rate": "2.9657941373835719", 
                    "rate_1min": "2.9849712321904227", 
                    "rate_15min": "0.72134100899022935", 
                    "unit": "events per second", 
                    "rate_5min": "1.691411083260898"
                }
            }
        ], 
        "ratio_counters": [
            {
                "app:nmt:default_prediction_ratio": {
                    "ratio": "0"
                }
            }, 
            {
                "model:nmt:1:cache_hit_ratio": {
                    "ratio": "0"
                }
            }
        ], 
        "counters": [
            {
                "internal:aggregate_num_predictions": {
                    "count": "5000"
                }
            }, 
            {
                "app:nmt:num_predictions": {
                    "count": "753"
                }
            }, 
            {
                "model:nmt:1:num_predictions": {
                    "count": "753"
                }
            }
        ]
    }
}