{
    "client_metrics": [
        {
            "thrus": [
                6.827959456122986, 
                7.929235694628006, 
                7.625353568581591, 
                8.191894808206444, 
                7.546361069228808, 
                8.19537243378303, 
                7.247255935248957, 
                8.178970264372127, 
                7.452155670166397, 
                7.904014907604437, 
                7.497426508351008, 
                7.87600769580464, 
                7.486104666822677, 
                7.944602603827614, 
                7.562244074754901
            ], 
            "p99_lats": [
                6.876058659999998, 
                13.124112740000001, 
                19.20756616, 
                25.25152856, 
                31.351063349999997, 
                37.46241211, 
                43.85334818, 
                49.95862694, 
                56.144277450000004, 
                62.477149960000006, 
                68.64542434, 
                74.97850344, 
                81.13216297, 
                87.43429286, 
                93.55708021999999
            ], 
            "mean_lats": [
                4.02921446, 
                10.12696312, 
                16.26372152, 
                22.4216318, 
                28.34691242, 
                34.64402002, 
                40.76092358, 
                46.904049879999995, 
                53.15099364, 
                59.47334644000001, 
                65.65487345999999, 
                71.9237117, 
                78.21236314, 
                84.42780977999999, 
                90.61805851999998
            ]
        }
    ], 
    "node_configs": [
        {
            "model_image": "model-comp/nmt", 
            "name": "nmt", 
            "cpus_per_replica": 3, 
            "input_type": "strings", 
            "use_nvidia_docker": true, 
            "batch_size": 4, 
            "num_replicas": 1, 
            "slo": 500000, 
            "allocated_cpus": [
                6, 
                7, 
                8, 
                9, 
                10, 
                11, 
                12, 
                13, 
                14, 
                15
            ], 
            "gpus": [
                0
            ], 
            "input_size": 20
        }
    ], 
    "clipper_metrics": {
        "histograms": [
            {
                "internal:rpc_request_queueing_delay": {
                    "p99": "0", 
                    "min": "0", 
                    "max": "0", 
                    "p95": "0", 
                    "std_dev": "0", 
                    "size": "0", 
                    "p50": "0", 
                    "unit": "microseconds", 
                    "mean": "0"
                }
            }, 
            {
                "app:nmt:prediction_latency": {
                    "p99": "93309933.3200000002034", 
                    "min": "791256", 
                    "max": "93779156", 
                    "p95": "89312992.6999999997424", 
                    "std_dev": "26919158.3394090972488", 
                    "size": "753", 
                    "p50": "46835333", 
                    "unit": "microseconds", 
                    "mean": "47314594.4302788844579"
                }
            }, 
            {
                "model:nmt:1:prediction_latency": {
                    "p99": "587730.399999998717249", 
                    "min": "356339", 
                    "max": "790954", 
                    "p95": "555393", 
                    "std_dev": "51424.4719197361708538", 
                    "size": "189", 
                    "p50": "542099", 
                    "unit": "microseconds", 
                    "mean": "516688.57142857142847"
                }
            }, 
            {
                "model:nmt:1:batch_size": {
                    "p99": "4", 
                    "min": "1", 
                    "max": "4", 
                    "p95": "4", 
                    "std_dev": "0.217639828584160130104", 
                    "size": "189", 
                    "p50": "4", 
                    "unit": "queries", 
                    "mean": "3.98412698412698411963"
                }
            }
        ], 
        "meters": [
            {
                "internal:aggregate_model_throughput": {
                    "rate": "6.093347658499666", 
                    "rate_1min": "6.1003274248270118", 
                    "rate_15min": "0.7649263560472912", 
                    "unit": "events per second", 
                    "rate_5min": "2.0747325061703257"
                }
            }, 
            {
                "app:nmt:prediction_throughput": {
                    "rate": "0", 
                    "rate_1min": "0", 
                    "rate_15min": "0", 
                    "unit": "events per second", 
                    "rate_5min": "0"
                }
            }, 
            {
                "model:nmt:1:prediction_throughput": {
                    "rate": "7.2330144518510426", 
                    "rate_1min": "6.0860550227721948", 
                    "rate_15min": "0.76091600658587044", 
                    "unit": "events per second", 
                    "rate_5min": "2.0649367876340663"
                }
            }
        ], 
        "ratio_counters": [
            {
                "app:nmt:default_prediction_ratio": {
                    "ratio": "0"
                }
            }, 
            {
                "model:nmt:1:cache_hit_ratio": {
                    "ratio": "0"
                }
            }
        ], 
        "counters": [
            {
                "internal:aggregate_num_predictions": {
                    "count": "5000"
                }
            }, 
            {
                "app:nmt:num_predictions": {
                    "count": "753"
                }
            }, 
            {
                "model:nmt:1:num_predictions": {
                    "count": "753"
                }
            }
        ]
    }
}