{
    "client_metrics": [
        {
            "thrus": [
                13.6252182078696, 
                17.615837342404316, 
                17.599306728109365, 
                17.57229593995617, 
                17.555668145907266, 
                17.566455658401296, 
                17.54857621381747, 
                17.555520210441532, 
                17.57549554109678, 
                17.558793865378835, 
                17.558541053800422, 
                17.551255809904454, 
                17.554657303246522, 
                17.569449398053095, 
                17.532798606352905
            ], 
            "p99_lats": [
                3.45273058, 
                6.033119940000001, 
                8.61525095, 
                11.201208059999999, 
                13.79117845, 
                16.37890873, 
                18.96942706, 
                21.558771129999997, 
                24.14423973, 
                26.73273131, 
                29.32221516, 
                31.9119894, 
                34.50184694, 
                37.08808745, 
                39.681307790000005
            ], 
            "mean_lats": [
                2.3447781599999997, 
                4.92858398, 
                7.51085828, 
                10.094785460000002, 
                12.68255008, 
                15.27283628, 
                17.86102928, 
                20.45140234, 
                23.0382395, 
                25.62499374, 
                28.214787159999997, 
                30.803924000000002, 
                33.39258114, 
                35.981658360000004, 
                38.573075859999996
            ]
        }
    ], 
    "node_configs": [
        {
            "model_image": "model-comp/nmt", 
            "name": "nmt", 
            "cpus_per_replica": 1, 
            "input_type": "strings", 
            "use_nvidia_docker": true, 
            "batch_size": 10, 
            "num_replicas": 1, 
            "slo": 500000, 
            "allocated_cpus": [
                6, 
                7, 
                8, 
                9, 
                10, 
                11, 
                12, 
                13, 
                14, 
                15
            ], 
            "gpus": [
                0
            ], 
            "input_size": 10
        }
    ], 
    "clipper_metrics": {
        "histograms": [
            {
                "internal:rpc_request_queueing_delay": {
                    "p99": "0", 
                    "min": "0", 
                    "max": "0", 
                    "p95": "0", 
                    "std_dev": "0", 
                    "size": "0", 
                    "p50": "0", 
                    "unit": "microseconds", 
                    "mean": "0"
                }
            }, 
            {
                "app:nmt:prediction_latency": {
                    "p99": "39649070.5200000000841", 
                    "min": "753014", 
                    "max": "39682872", 
                    "p95": "38093839.7999999998974", 
                    "std_dev": "11220977.213840705982", 
                    "size": "751", 
                    "p50": "20498802", 
                    "unit": "microseconds", 
                    "mean": "20475165.275632490011"
                }
            }, 
            {
                "model:nmt:1:prediction_latency": {
                    "p99": "752733", 
                    "min": "566514", 
                    "max": "752733", 
                    "p95": "571331.099999999998886", 
                    "std_dev": "22196.9897835417740843", 
                    "size": "76", 
                    "p50": "569240", 
                    "unit": "microseconds", 
                    "mean": "572486.25"
                }
            }, 
            {
                "model:nmt:1:batch_size": {
                    "p99": "10", 
                    "min": "1", 
                    "max": "10", 
                    "p95": "10", 
                    "std_dev": "1.02555639921841418565", 
                    "size": "76", 
                    "p50": "10", 
                    "unit": "queries", 
                    "mean": "9.88157894736842104966"
                }
            }
        ], 
        "meters": [
            {
                "internal:aggregate_model_throughput": {
                    "rate": "10.804191819261609", 
                    "rate_1min": "8.2471619818830622", 
                    "rate_15min": "0.72977976986770976", 
                    "unit": "events per second", 
                    "rate_5min": "2.0986465360795519"
                }
            }, 
            {
                "app:nmt:prediction_throughput": {
                    "rate": "0", 
                    "rate_1min": "0", 
                    "rate_15min": "0", 
                    "unit": "events per second", 
                    "rate_5min": "0"
                }
            }, 
            {
                "model:nmt:1:prediction_throughput": {
                    "rate": "15.389111848864085", 
                    "rate_1min": "8.474361995064319", 
                    "rate_15min": "0.7513963241622299", 
                    "unit": "events per second", 
                    "rate_5min": "2.1600629990310662"
                }
            }
        ], 
        "ratio_counters": [
            {
                "app:nmt:default_prediction_ratio": {
                    "ratio": "0"
                }
            }, 
            {
                "model:nmt:1:cache_hit_ratio": {
                    "ratio": "0"
                }
            }
        ], 
        "counters": [
            {
                "internal:aggregate_num_predictions": {
                    "count": "5000"
                }
            }, 
            {
                "app:nmt:num_predictions": {
                    "count": "751"
                }
            }, 
            {
                "model:nmt:1:num_predictions": {
                    "count": "751"
                }
            }
        ]
    }
}