{
    "client_metrics": [
        {
            "thrus": [
                2.734403155807495, 
                3.5596702179123314, 
                3.5566663735973574, 
                3.549517400515191, 
                3.041844710907337, 
                3.5506554616501873, 
                3.549096893255445, 
                3.549566285594696, 
                3.042524574927371, 
                3.544032441222399, 
                3.545841022785078, 
                3.5490936182753905, 
                3.042936750429586, 
                3.5492994499224726, 
                3.546927158672283
            ], 
            "p99_lats": [
                16.905753329999996, 
                31.827297220000002, 
                45.637495, 
                59.47594355, 
                74.49680949, 
                89.45793720999998, 
                103.29794677, 
                117.13629241, 
                132.14855283999998, 
                147.12826723, 
                160.99445623000003, 
                174.83483926000002, 
                189.85242933, 
                204.81676679, 
                218.66564154
            ], 
            "mean_lats": [
                9.97189232, 
                24.35897066, 
                38.71418008, 
                53.09709992, 
                67.53499232000001, 
                81.96971378, 
                96.36292752, 
                110.75253429999997, 
                125.19309835999998, 
                139.63896556, 
                154.0526231, 
                168.45178904, 
                182.89499936, 
                197.32911808000006, 
                211.72675014
            ]
        }
    ], 
    "node_configs": [
        {
            "model_image": "model-comp/nmt", 
            "name": "nmt", 
            "cpus_per_replica": 1, 
            "input_type": "strings", 
            "use_nvidia_docker": true, 
            "batch_size": 8, 
            "num_replicas": 1, 
            "slo": 500000, 
            "allocated_cpus": [
                6, 
                7, 
                8, 
                9, 
                10, 
                11, 
                12, 
                13, 
                14, 
                15
            ], 
            "gpus": [
                0
            ], 
            "input_size": 80
        }
    ], 
    "clipper_metrics": {
        "histograms": [
            {
                "internal:rpc_request_queueing_delay": {
                    "p99": "0", 
                    "min": "0", 
                    "max": "0", 
                    "p95": "0", 
                    "std_dev": "0", 
                    "size": "0", 
                    "p50": "0", 
                    "unit": "microseconds", 
                    "mean": "0"
                }
            }, 
            {
                "app:nmt:prediction_latency": {
                    "p99": "218632499.280000000159", 
                    "min": "1895526", 
                    "max": "218666360", 
                    "p95": "209410477.89999999979", 
                    "std_dev": "62666589.37716930225", 
                    "size": "753", 
                    "p50": "110212189", 
                    "unit": "microseconds", 
                    "mean": "111230835.15936254977"
                }
            }, 
            {
                "model:nmt:1:prediction_latency": {
                    "p99": "2361325", 
                    "min": "1895223", 
                    "max": "2361325", 
                    "p95": "2353133.19999999999845", 
                    "std_dev": "46265.717734407722002", 
                    "size": "95", 
                    "p50": "2347293", 
                    "unit": "microseconds", 
                    "mean": "2342143.8105263157895"
                }
            }, 
            {
                "model:nmt:1:batch_size": {
                    "p99": "8", 
                    "min": "1", 
                    "max": "8", 
                    "p95": "8", 
                    "std_dev": "0.714394926356090590868", 
                    "size": "95", 
                    "p50": "8", 
                    "unit": "queries", 
                    "mean": "7.92631578947368420482"
                }
            }
        ], 
        "meters": [
            {
                "internal:aggregate_model_throughput": {
                    "rate": "2.7656687438442753", 
                    "rate_1min": "3.3435084168151796", 
                    "rate_15min": "0.7353012886987893", 
                    "unit": "events per second", 
                    "rate_5min": "1.7662529313165694"
                }
            }, 
            {
                "app:nmt:prediction_throughput": {
                    "rate": "0", 
                    "rate_1min": "0", 
                    "rate_15min": "0", 
                    "unit": "events per second", 
                    "rate_5min": "0"
                }
            }, 
            {
                "model:nmt:1:prediction_throughput": {
                    "rate": "2.9987446729122835", 
                    "rate_1min": "3.2862608784593714", 
                    "rate_15min": "0.73438015912940846", 
                    "unit": "events per second", 
                    "rate_5min": "1.7596953254365837"
                }
            }
        ], 
        "ratio_counters": [
            {
                "app:nmt:default_prediction_ratio": {
                    "ratio": "0"
                }
            }, 
            {
                "model:nmt:1:cache_hit_ratio": {
                    "ratio": "0"
                }
            }
        ], 
        "counters": [
            {
                "internal:aggregate_num_predictions": {
                    "count": "5000"
                }
            }, 
            {
                "app:nmt:num_predictions": {
                    "count": "753"
                }
            }, 
            {
                "model:nmt:1:num_predictions": {
                    "count": "753"
                }
            }
        ]
    }
}