{
    "client_metrics": [
        {
            "thrus": [
                9.49217256465973, 
                16.90567915861111, 
                11.289844401106494, 
                16.886939910863976, 
                11.341178253154606, 
                16.87396900049407, 
                11.222656838312714, 
                16.844817456082193, 
                11.22659535533297, 
                16.727784414990904, 
                11.29702754870544, 
                16.767253419932842, 
                11.211099167553465, 
                16.72734231301675, 
                11.14592603028482
            ], 
            "p99_lats": [
                5.05020724, 
                7.80076985, 
                11.92045708, 
                14.673120749999999, 
                18.771410969999998, 
                21.526320920000003, 
                25.67268163, 
                28.433382699999996, 
                32.57741143, 
                35.35696275, 
                39.47408016, 
                42.24827648, 
                46.3992743, 
                49.18078988, 
                53.35538482
            ], 
            "mean_lats": [
                3.28125836, 
                6.595914260000001, 
                10.15060534, 
                13.467617559999999, 
                17.008631, 
                20.31964472, 
                23.88896788, 
                27.22521354, 
                30.797462499999998, 
                34.1417937, 
                37.718439159999996, 
                41.0344144, 
                44.61543732000001, 
                47.95997154, 
                51.563699080000006
            ]
        }
    ], 
    "node_configs": [
        {
            "model_image": "model-comp/nmt", 
            "name": "nmt", 
            "cpus_per_replica": 5, 
            "input_type": "strings", 
            "use_nvidia_docker": true, 
            "batch_size": 20, 
            "num_replicas": 1, 
            "slo": 500000, 
            "allocated_cpus": [
                6, 
                7, 
                8, 
                9, 
                10, 
                11, 
                12, 
                13, 
                14, 
                15
            ], 
            "gpus": [
                0
            ], 
            "input_size": 20
        }
    ], 
    "clipper_metrics": {
        "histograms": [
            {
                "internal:rpc_request_queueing_delay": {
                    "p99": "0", 
                    "min": "0", 
                    "max": "0", 
                    "p95": "0", 
                    "std_dev": "0", 
                    "size": "0", 
                    "p50": "0", 
                    "unit": "microseconds", 
                    "mean": "0"
                }
            }, 
            {
                "app:nmt:prediction_latency": {
                    "p99": "53322599.7399999999798", 
                    "min": "782835", 
                    "max": "53356752", 
                    "p95": "51876305.9999999998727", 
                    "std_dev": "15147460.3900328606296", 
                    "size": "761", 
                    "p50": "27055060", 
                    "unit": "microseconds", 
                    "mean": "27689949.7910643889518"
                }
            }, 
            {
                "model:nmt:1:prediction_latency": {
                    "p99": "1530892", 
                    "min": "782547", 
                    "max": "1530892", 
                    "p95": "1499879", 
                    "std_dev": "111623.177550642685134", 
                    "size": "39", 
                    "p50": "1483172", 
                    "unit": "microseconds", 
                    "mean": "1466261.56410256410265"
                }
            }, 
            {
                "model:nmt:1:batch_size": {
                    "p99": "20", 
                    "min": "1", 
                    "max": "20", 
                    "p95": "20", 
                    "std_dev": "3.00317605272847570506", 
                    "size": "39", 
                    "p50": "20", 
                    "unit": "queries", 
                    "mean": "19.5128205128205128114"
                }
            }
        ], 
        "meters": [
            {
                "internal:aggregate_model_throughput": {
                    "rate": "9.1044395867493666", 
                    "rate_1min": "8.013702020636071", 
                    "rate_15min": "0.77816629715332419", 
                    "unit": "events per second", 
                    "rate_5min": "2.2046397214354529"
                }
            }, 
            {
                "app:nmt:prediction_throughput": {
                    "rate": "0", 
                    "rate_1min": "0", 
                    "rate_15min": "0", 
                    "unit": "events per second", 
                    "rate_5min": "0"
                }
            }, 
            {
                "model:nmt:1:prediction_throughput": {
                    "rate": "11.976364730761013", 
                    "rate_1min": "8.013702020636071", 
                    "rate_15min": "0.77816629715332419", 
                    "unit": "events per second", 
                    "rate_5min": "2.2046397214354529"
                }
            }
        ], 
        "ratio_counters": [
            {
                "app:nmt:default_prediction_ratio": {
                    "ratio": "0"
                }
            }, 
            {
                "model:nmt:1:cache_hit_ratio": {
                    "ratio": "0"
                }
            }
        ], 
        "counters": [
            {
                "internal:aggregate_num_predictions": {
                    "count": "5000"
                }
            }, 
            {
                "app:nmt:num_predictions": {
                    "count": "761"
                }
            }, 
            {
                "model:nmt:1:num_predictions": {
                    "count": "761"
                }
            }
        ]
    }
}