{
    "client_metrics": [
        {
            "thrus": [
                3.9978430836994825, 
                6.05487557957269, 
                6.042867862904732, 
                4.526525029284353, 
                6.015976991053761, 
                5.990067748864253, 
                4.494758168076807, 
                5.9802031355401075, 
                5.985982982808137, 
                4.484605783419371, 
                5.976959061894758, 
                5.984704770324387, 
                4.4942729479823855, 
                5.969879094426652, 
                5.9871714075684315
            ], 
            "p99_lats": [
                12.26478919, 
                20.28980325, 
                28.33088713, 
                39.052277169999996, 
                47.130464630000006, 
                55.24521688, 
                66.06036800000001, 
                74.17753783, 
                82.30795248000001, 
                93.14596731, 
                101.2811408, 
                109.40329213000001, 
                120.21906325, 
                128.3616171, 
                136.47987994
            ], 
            "mean_lats": [
                7.22548818, 
                16.08657654, 
                24.915749299999998, 
                33.98265122, 
                42.90259068, 
                51.79985252, 
                60.94524672000001, 
                69.92927488000001, 
                78.86575273999999, 
                88.03257966000001, 
                97.02011978, 
                105.95556946, 
                115.10252642000002, 
                124.09394106000002, 
                133.03748832
            ]
        }
    ], 
    "node_configs": [
        {
            "model_image": "model-comp/nmt", 
            "name": "nmt", 
            "cpus_per_replica": 5, 
            "input_type": "strings", 
            "use_nvidia_docker": true, 
            "batch_size": 15, 
            "num_replicas": 1, 
            "slo": 500000, 
            "allocated_cpus": [
                6, 
                7, 
                8, 
                9, 
                10, 
                11, 
                12, 
                13, 
                14, 
                15
            ], 
            "gpus": [
                0
            ], 
            "input_size": 80
        }
    ], 
    "clipper_metrics": {
        "histograms": [
            {
                "internal:rpc_request_queueing_delay": {
                    "p99": "0", 
                    "min": "0", 
                    "max": "0", 
                    "p95": "0", 
                    "std_dev": "0", 
                    "size": "0", 
                    "p50": "0", 
                    "unit": "microseconds", 
                    "mean": "0"
                }
            }, 
            {
                "app:nmt:prediction_latency": {
                    "p99": "136447127.760000000097", 
                    "min": "1537974", 
                    "max": "136481404", 
                    "p95": "131034682.199999999873", 
                    "std_dev": "39032990.7074585467708", 
                    "size": "751", 
                    "p50": "68774207", 
                    "unit": "microseconds", 
                    "mean": "70078879.4114513980894"
                }
            }, 
            {
                "model:nmt:1:prediction_latency": {
                    "p99": "2798083", 
                    "min": "1537665", 
                    "max": "2798083", 
                    "p95": "2794311.59999999999854", 
                    "std_dev": "172270.282136451349714", 
                    "size": "51", 
                    "p50": "2779697", 
                    "unit": "microseconds", 
                    "mean": "2750737.99999999999977"
                }
            }, 
            {
                "model:nmt:1:batch_size": {
                    "p99": "15", 
                    "min": "1", 
                    "max": "15", 
                    "p95": "15", 
                    "std_dev": "1.94107743855130692823", 
                    "size": "51", 
                    "p50": "15", 
                    "unit": "queries", 
                    "mean": "14.7254901960784313764"
                }
            }
        ], 
        "meters": [
            {
                "internal:aggregate_model_throughput": {
                    "rate": "3.9343044293310809", 
                    "rate_1min": "4.7385252162539588", 
                    "rate_15min": "0.75770589328768478", 
                    "unit": "events per second", 
                    "rate_5min": "1.962694134227239"
                }
            }, 
            {
                "app:nmt:prediction_throughput": {
                    "rate": "0", 
                    "rate_1min": "0", 
                    "rate_15min": "0", 
                    "unit": "events per second", 
                    "rate_5min": "0"
                }
            }, 
            {
                "model:nmt:1:prediction_throughput": {
                    "rate": "4.3925165672009268", 
                    "rate_1min": "4.7484347072494835", 
                    "rate_15min": "0.75787393850984786", 
                    "unit": "events per second", 
                    "rate_5min": "1.9639402731506839"
                }
            }
        ], 
        "ratio_counters": [
            {
                "app:nmt:default_prediction_ratio": {
                    "ratio": "0"
                }
            }, 
            {
                "model:nmt:1:cache_hit_ratio": {
                    "ratio": "0"
                }
            }
        ], 
        "counters": [
            {
                "internal:aggregate_num_predictions": {
                    "count": "5000"
                }
            }, 
            {
                "app:nmt:num_predictions": {
                    "count": "751"
                }
            }, 
            {
                "model:nmt:1:num_predictions": {
                    "count": "751"
                }
            }
        ]
    }
}