{
    "client_metrics": [
        {
            "thrus": [
                3.3611642212404336, 
                3.373235789249133, 
                3.4931583698799207, 
                3.471501644554474, 
                3.4992926529831263, 
                3.496550443194762, 
                3.418750355122693, 
                3.505578286504183, 
                3.4615160415653308, 
                3.3408158699978965, 
                3.4406345686197746, 
                3.384037495135446, 
                3.505891194386311, 
                3.3464959944785493, 
                3.4893447275791805
            ], 
            "p99_lats": [
                14.402388799999999, 
                28.9024475, 
                42.98945465, 
                57.09085908, 
                71.09988505000001, 
                85.2566815, 
                99.55634755, 
                113.50961183999999, 
                127.69885414000001, 
                142.49480477, 
                156.70945554, 
                171.29321432, 
                185.28270292000002, 
                199.93568192, 
                213.99942833
            ], 
            "mean_lats": [
                7.976856859999999, 
                21.906287320000004, 
                36.124423, 
                50.42849356, 
                64.24832923999999, 
                78.70638861999998, 
                92.69856902, 
                106.54300428, 
                120.85002478000003, 
                135.5200764, 
                149.73490566, 
                164.32808314, 
                178.68812288, 
                192.90078286, 
                207.1551093
            ]
        }
    ], 
    "node_configs": [
        {
            "model_image": "model-comp/nmt", 
            "name": "nmt", 
            "cpus_per_replica": 1, 
            "input_type": "strings", 
            "use_nvidia_docker": true, 
            "batch_size": 2, 
            "num_replicas": 1, 
            "slo": 500000, 
            "allocated_cpus": [
                6, 
                7, 
                8, 
                9, 
                10, 
                11, 
                12, 
                13, 
                14, 
                15
            ], 
            "gpus": [
                0
            ], 
            "input_size": 20
        }
    ], 
    "clipper_metrics": {
        "histograms": [
            {
                "internal:rpc_request_queueing_delay": {
                    "p99": "0", 
                    "min": "0", 
                    "max": "0", 
                    "p95": "0", 
                    "std_dev": "0", 
                    "size": "0", 
                    "p50": "0", 
                    "unit": "microseconds", 
                    "mean": "0"
                }
            }, 
            {
                "app:nmt:prediction_latency": {
                    "p99": "213103826.60000000021", 
                    "min": "886455", 
                    "max": "214804349", 
                    "p95": "204466310.199999999793", 
                    "std_dev": "61905774.5169646953909", 
                    "size": "753", 
                    "p50": "106655818", 
                    "unit": "microseconds", 
                    "mean": "107613727.355909694583"
                }
            }, 
            {
                "model:nmt:1:prediction_latency": {
                    "p99": "671616.2599999998763", 
                    "min": "408445", 
                    "max": "886176", 
                    "p95": "662650.199999999989359", 
                    "std_dev": "73304.0698158805359697", 
                    "size": "377", 
                    "p50": "585826", 
                    "unit": "microseconds", 
                    "mean": "580023.08222811671078"
                }
            }, 
            {
                "model:nmt:1:batch_size": {
                    "p99": "2", 
                    "min": "1", 
                    "max": "2", 
                    "p95": "2", 
                    "std_dev": "0.0514342690442050824284", 
                    "size": "377", 
                    "p50": "2", 
                    "unit": "queries", 
                    "mean": "1.997347480106100805"
                }
            }
        ], 
        "meters": [
            {
                "internal:aggregate_model_throughput": {
                    "rate": "3.0771343301006437", 
                    "rate_1min": "3.3376769712869074", 
                    "rate_15min": "0.72868046689683297", 
                    "unit": "events per second", 
                    "rate_5min": "1.7553697981696061"
                }
            }, 
            {
                "app:nmt:prediction_throughput": {
                    "rate": "0", 
                    "rate_1min": "0", 
                    "rate_15min": "0", 
                    "unit": "events per second", 
                    "rate_5min": "0"
                }
            }, 
            {
                "model:nmt:1:prediction_throughput": {
                    "rate": "3.3695125156201851", 
                    "rate_1min": "3.335167858683282", 
                    "rate_15min": "0.73213501705024575", 
                    "unit": "events per second", 
                    "rate_5min": "1.7615301824592451"
                }
            }
        ], 
        "ratio_counters": [
            {
                "app:nmt:default_prediction_ratio": {
                    "ratio": "0"
                }
            }, 
            {
                "model:nmt:1:cache_hit_ratio": {
                    "ratio": "0"
                }
            }
        ], 
        "counters": [
            {
                "internal:aggregate_num_predictions": {
                    "count": "5000"
                }
            }, 
            {
                "app:nmt:num_predictions": {
                    "count": "753"
                }
            }, 
            {
                "model:nmt:1:num_predictions": {
                    "count": "753"
                }
            }
        ]
    }
}