{
    "client_metrics": [
        {
            "thrus": [
                15.14760431549188, 
                19.927940566910053, 
                19.952974828923196, 
                19.900616322087497, 
                19.908516385505326, 
                19.932230416583614, 
                19.989749256581227, 
                19.923819284583466, 
                19.933803824260394, 
                19.926511027331202, 
                19.872521747494176, 
                19.822485676271853, 
                19.85437215114578, 
                19.835870076637867, 
                19.876756161098722
            ], 
            "p99_lats": [
                3.08410983, 
                5.33443671, 
                7.58266165, 
                9.83740182, 
                12.09083531, 
                14.34117278, 
                16.583622289999997, 
                18.8351605, 
                21.085696679999998, 
                23.33671652, 
                25.59506676, 
                27.85840677, 
                30.11877604, 
                32.38139137, 
                34.63928865
            ], 
            "mean_lats": [
                2.11089546, 
                4.3690605399999995, 
                6.6201656999999985, 
                8.871297239999999, 
                11.12876042, 
                13.375843659999997, 
                15.62061506, 
                17.872396719999998, 
                20.121745060000002, 
                22.371797500000003, 
                24.627756380000005, 
                26.887702880000006, 
                29.14797368, 
                31.411914060000004, 
                33.6705947
            ]
        }
    ], 
    "node_configs": [
        {
            "model_image": "model-comp/nmt", 
            "name": "nmt", 
            "cpus_per_replica": 2, 
            "input_type": "strings", 
            "use_nvidia_docker": true, 
            "batch_size": 10, 
            "num_replicas": 1, 
            "slo": 500000, 
            "allocated_cpus": [
                6, 
                7, 
                8, 
                9, 
                10, 
                11, 
                12, 
                13, 
                14, 
                15
            ], 
            "gpus": [
                0
            ], 
            "input_size": 10
        }
    ], 
    "clipper_metrics": {
        "histograms": [
            {
                "internal:rpc_request_queueing_delay": {
                    "p99": "0", 
                    "min": "0", 
                    "max": "0", 
                    "p95": "0", 
                    "std_dev": "0", 
                    "size": "0", 
                    "p50": "0", 
                    "unit": "microseconds", 
                    "mean": "0"
                }
            }, 
            {
                "app:nmt:prediction_latency": {
                    "p99": "34606438.4400000001006", 
                    "min": "690216", 
                    "max": "34639639", 
                    "p95": "33252002.1999999998716", 
                    "std_dev": "9769015.12535459376704", 
                    "size": "751", 
                    "p50": "17912102", 
                    "unit": "microseconds", 
                    "mean": "17900644.7603195738993"
                }
            }, 
            {
                "model:nmt:1:prediction_latency": {
                    "p99": "689906", 
                    "min": "497055", 
                    "max": "689906", 
                    "p95": "511812.499999999989683", 
                    "std_dev": "23079.4599142659862707", 
                    "size": "76", 
                    "p50": "502484.5", 
                    "unit": "microseconds", 
                    "mean": "506022.500000000000057"
                }
            }, 
            {
                "model:nmt:1:batch_size": {
                    "p99": "10", 
                    "min": "1", 
                    "max": "10", 
                    "p95": "10", 
                    "std_dev": "1.02555639921841418565", 
                    "size": "76", 
                    "p50": "10", 
                    "unit": "queries", 
                    "mean": "9.88157894736842104966"
                }
            }
        ], 
        "meters": [
            {
                "internal:aggregate_model_throughput": {
                    "rate": "11.65156839574597", 
                    "rate_1min": "8.3981119329906999", 
                    "rate_15min": "0.72068873013437373", 
                    "unit": "events per second", 
                    "rate_5min": "2.0825647350047314"
                }
            }, 
            {
                "app:nmt:prediction_throughput": {
                    "rate": "0", 
                    "rate_1min": "0", 
                    "rate_15min": "0", 
                    "unit": "events per second", 
                    "rate_5min": "0"
                }
            }, 
            {
                "model:nmt:1:prediction_throughput": {
                    "rate": "16.994820200572821", 
                    "rate_1min": "8.5580231037320544", 
                    "rate_15min": "0.73176903412458028", 
                    "unit": "events per second", 
                    "rate_5min": "2.1156218273614962"
                }
            }
        ], 
        "ratio_counters": [
            {
                "app:nmt:default_prediction_ratio": {
                    "ratio": "0"
                }
            }, 
            {
                "model:nmt:1:cache_hit_ratio": {
                    "ratio": "0"
                }
            }
        ], 
        "counters": [
            {
                "internal:aggregate_num_predictions": {
                    "count": "5000"
                }
            }, 
            {
                "app:nmt:num_predictions": {
                    "count": "751"
                }
            }, 
            {
                "model:nmt:1:num_predictions": {
                    "count": "751"
                }
            }
        ]
    }
}