{
    "client_metrics": [
        {
            "thrus": [
                7.120692461707408, 
                9.097791984081047, 
                9.067103821965604, 
                9.355737705531524, 
                7.788817127920417, 
                9.237039048658875, 
                8.925409283568108, 
                9.19551222221507, 
                7.901198358952706, 
                9.101473419328908, 
                9.281762376487588, 
                8.921671471581531, 
                7.837888635829591, 
                8.967721940356757, 
                9.117181492632133
            ], 
            "p99_lats": [
                6.419991649999998, 
                12.01346164, 
                17.27997573, 
                22.37618123, 
                28.071300899999997, 
                33.67147892999999, 
                39.025500120000004, 
                44.21506056, 
                49.81654948, 
                55.483698509999996, 
                60.62314002, 
                65.97939613, 
                71.63150974999999, 
                77.39824254, 
                82.63363174999999
            ], 
            "mean_lats": [
                3.8549726999999994, 
                9.175822779999999, 
                14.637009480000001, 
                20.05239862, 
                25.42632012, 
                30.9100518, 
                36.33357798, 
                41.75670396, 
                47.18341146000001, 
                52.69480887999999, 
                58.0439871, 
                63.49389227999999, 
                69.01292303999999, 
                74.53481524, 
                80.03056502
            ]
        }
    ], 
    "node_configs": [
        {
            "model_image": "model-comp/nmt", 
            "name": "nmt", 
            "cpus_per_replica": 2, 
            "input_type": "strings", 
            "use_nvidia_docker": true, 
            "batch_size": 8, 
            "num_replicas": 1, 
            "slo": 500000, 
            "allocated_cpus": [
                6, 
                7, 
                8, 
                9, 
                10, 
                11, 
                12, 
                13, 
                14, 
                15
            ], 
            "gpus": [
                0
            ], 
            "input_size": 20
        }
    ], 
    "clipper_metrics": {
        "histograms": [
            {
                "internal:rpc_request_queueing_delay": {
                    "p99": "0", 
                    "min": "0", 
                    "max": "0", 
                    "p95": "0", 
                    "std_dev": "0", 
                    "size": "0", 
                    "p50": "0", 
                    "unit": "microseconds", 
                    "mean": "0"
                }
            }, 
            {
                "app:nmt:prediction_latency": {
                    "p99": "82601251.8200000002034", 
                    "min": "799198", 
                    "max": "82634589", 
                    "p95": "79129834.799999999741", 
                    "std_dev": "23652497.3927732248085", 
                    "size": "753", 
                    "p50": "41542446", 
                    "unit": "microseconds", 
                    "mean": "41969801.5099601593392"
                }
            }, 
            {
                "model:nmt:1:prediction_latency": {
                    "p99": "968375", 
                    "min": "750478", 
                    "max": "968375", 
                    "p95": "942045.399999999998499", 
                    "std_dev": "43694.9417276942114192", 
                    "size": "95", 
                    "p50": "929901", 
                    "unit": "microseconds", 
                    "mean": "910397.515789473684208"
                }
            }, 
            {
                "model:nmt:1:batch_size": {
                    "p99": "8", 
                    "min": "1", 
                    "max": "8", 
                    "p95": "8", 
                    "std_dev": "0.714394926356090590868", 
                    "size": "95", 
                    "p50": "8", 
                    "unit": "queries", 
                    "mean": "7.92631578947368420482"
                }
            }
        ], 
        "meters": [
            {
                "internal:aggregate_model_throughput": {
                    "rate": "6.6878134795998108", 
                    "rate_1min": "6.5536409813691296", 
                    "rate_15min": "0.77352822955739653", 
                    "unit": "events per second", 
                    "rate_5min": "2.1208527424945873"
                }
            }, 
            {
                "app:nmt:prediction_throughput": {
                    "rate": "0", 
                    "rate_1min": "0", 
                    "rate_15min": "0", 
                    "unit": "events per second", 
                    "rate_5min": "0"
                }
            }, 
            {
                "model:nmt:1:prediction_throughput": {
                    "rate": "8.0963558818278258", 
                    "rate_1min": "6.5838428230852237", 
                    "rate_15min": "0.7737637329985726", 
                    "unit": "events per second", 
                    "rate_5min": "2.122786351485324"
                }
            }
        ], 
        "ratio_counters": [
            {
                "app:nmt:default_prediction_ratio": {
                    "ratio": "0"
                }
            }, 
            {
                "model:nmt:1:cache_hit_ratio": {
                    "ratio": "0"
                }
            }
        ], 
        "counters": [
            {
                "internal:aggregate_num_predictions": {
                    "count": "5000"
                }
            }, 
            {
                "app:nmt:num_predictions": {
                    "count": "753"
                }
            }, 
            {
                "model:nmt:1:num_predictions": {
                    "count": "753"
                }
            }
        ]
    }
}