{
    "client_metrics": [
        {
            "thrus": [
                2.80188205780081, 
                2.96415512419721, 
                2.9455603307015927, 
                2.978287509699538, 
                2.931954610997058, 
                3.017511342523385, 
                2.9495533756783012, 
                2.923415175705438, 
                2.9673384463739922, 
                3.0178741442666968, 
                3.0058971493814854, 
                2.990410948253331, 
                3.0177320729513797, 
                2.944380476142833, 
                2.9468357820359943
            ], 
            "p99_lats": [
                17.256232609999998, 
                33.866597399999996, 
                50.589770599999994, 
                67.12529806, 
                83.91062169, 
                100.24114940999999, 
                116.92983698, 
                133.76184091, 
                150.33695003, 
                166.67835464, 
                183.06898073, 
                199.49582577, 
                215.83286686999998, 
                232.52336990999999, 
                249.23947173
            ], 
            "mean_lats": [
                9.36863834, 
                25.81600942, 
                42.64254348, 
                59.21745032, 
                75.84589686, 
                92.43510938000001, 
                108.89218762, 
                125.70837254, 
                142.36958512, 
                158.87237285999998, 
                175.18657413999998, 
                191.64129667999998, 
                208.04767060000003, 
                224.47778645999998, 
                241.1860614
            ]
        }
    ], 
    "node_configs": [
        {
            "model_image": "model-comp/nmt", 
            "name": "nmt", 
            "cpus_per_replica": 2, 
            "input_type": "strings", 
            "use_nvidia_docker": true, 
            "batch_size": 2, 
            "num_replicas": 1, 
            "slo": 500000, 
            "allocated_cpus": [
                6, 
                7, 
                8, 
                9, 
                10, 
                11, 
                12, 
                13, 
                14, 
                15
            ], 
            "gpus": [
                0
            ], 
            "input_size": 40
        }
    ], 
    "clipper_metrics": {
        "histograms": [
            {
                "internal:rpc_request_queueing_delay": {
                    "p99": "0", 
                    "min": "0", 
                    "max": "0", 
                    "p95": "0", 
                    "std_dev": "0", 
                    "size": "0", 
                    "p50": "0", 
                    "unit": "microseconds", 
                    "mean": "0"
                }
            }, 
            {
                "app:nmt:prediction_latency": {
                    "p99": "248215207.720000000205", 
                    "min": "1083548", 
                    "max": "250198699", 
                    "p95": "238188566.899999999747", 
                    "std_dev": "71977829.1193284014298", 
                    "size": "753", 
                    "p50": "126094348", 
                    "unit": "microseconds", 
                    "mean": "125941769.808764940324"
                }
            }, 
            {
                "model:nmt:1:prediction_latency": {
                    "p99": "818632.339999999992699", 
                    "min": "576190", 
                    "max": "1083274", 
                    "p95": "709070.199999999988336", 
                    "std_dev": "38173.4617167998530753", 
                    "size": "377", 
                    "p50": "679926", 
                    "unit": "microseconds", 
                    "mean": "673911.151193633952062"
                }
            }, 
            {
                "model:nmt:1:batch_size": {
                    "p99": "2", 
                    "min": "1", 
                    "max": "2", 
                    "p95": "2", 
                    "std_dev": "0.0514342690442050824284", 
                    "size": "377", 
                    "p50": "2", 
                    "unit": "queries", 
                    "mean": "1.997347480106100805"
                }
            }
        ], 
        "meters": [
            {
                "internal:aggregate_model_throughput": {
                    "rate": "2.6894160164917134", 
                    "rate_1min": "2.9231773468774946", 
                    "rate_15min": "0.71579468703376858", 
                    "unit": "events per second", 
                    "rate_5min": "1.671895693727351"
                }
            }, 
            {
                "app:nmt:prediction_throughput": {
                    "rate": "0", 
                    "rate_1min": "0", 
                    "rate_15min": "0", 
                    "unit": "events per second", 
                    "rate_5min": "0"
                }
            }, 
            {
                "model:nmt:1:prediction_throughput": {
                    "rate": "2.8975008385725287", 
                    "rate_1min": "2.914773474957419", 
                    "rate_15min": "0.71567487782070471", 
                    "unit": "events per second", 
                    "rate_5min": "1.6710391432762484"
                }
            }
        ], 
        "ratio_counters": [
            {
                "app:nmt:default_prediction_ratio": {
                    "ratio": "0"
                }
            }, 
            {
                "model:nmt:1:cache_hit_ratio": {
                    "ratio": "0"
                }
            }
        ], 
        "counters": [
            {
                "internal:aggregate_num_predictions": {
                    "count": "5000"
                }
            }, 
            {
                "app:nmt:num_predictions": {
                    "count": "753"
                }
            }, 
            {
                "model:nmt:1:num_predictions": {
                    "count": "753"
                }
            }
        ]
    }
}