{
    "client_metrics": [
        {
            "thrus": [
                1.2707097414565673, 
                1.2832055089552346, 
                1.2853904297592358, 
                1.281424534025986, 
                1.2766304798948445, 
                1.3062870944713356, 
                1.2778151283139783, 
                1.2891140403907275, 
                1.3054220522179787, 
                1.3307350996659377, 
                1.3046641220497632, 
                1.3096901775960834, 
                1.3221527513218685, 
                1.2989387851976364, 
                1.2915018301355834
            ], 
            "p99_lats": [
                38.69168594, 
                77.39780920999999, 
                116.06624254, 
                154.81288146999998, 
                193.7134838, 
                231.76599769, 
                270.62565341000004, 
                309.13182793, 
                347.17122771, 
                384.54058366, 
                422.59303020000004, 
                460.4718201, 
                498.06505649999997, 
                536.2572711199999, 
                574.72091028
            ], 
            "mean_lats": [
                20.249380900000002, 
                58.6699326, 
                97.63840174, 
                136.25646178, 
                175.20900834, 
                213.61793025999998, 
                251.94320095999996, 
                290.62449368, 
                328.89957732000005, 
                366.7006938600001, 
                404.324521, 
                442.28484907999996, 
                480.07656422, 
                517.9177841000001, 
                556.27571862
            ]
        }
    ], 
    "node_configs": [
        {
            "model_image": "model-comp/nmt", 
            "name": "nmt", 
            "cpus_per_replica": 1, 
            "input_type": "strings", 
            "use_nvidia_docker": true, 
            "batch_size": 1, 
            "num_replicas": 1, 
            "slo": 500000, 
            "allocated_cpus": [
                6, 
                7, 
                8, 
                9, 
                10, 
                11, 
                12, 
                13, 
                14, 
                15
            ], 
            "gpus": [
                0
            ], 
            "input_size": 40
        }
    ], 
    "clipper_metrics": {
        "histograms": [
            {
                "internal:rpc_request_queueing_delay": {
                    "p99": "0", 
                    "min": "0", 
                    "max": "0", 
                    "p95": "0", 
                    "std_dev": "0", 
                    "size": "0", 
                    "p50": "0", 
                    "unit": "microseconds", 
                    "mean": "0"
                }
            }, 
            {
                "app:nmt:prediction_latency": {
                    "p99": "570054611.540000007022", 
                    "min": "1231363", 
                    "max": "575118701", 
                    "p95": "547120456.699999945413", 
                    "std_dev": "165698966.1791640929", 
                    "size": "750", 
                    "p50": "290665501.5", 
                    "unit": "microseconds", 
                    "mean": "289377745.50533333348"
                }
            }, 
            {
                "model:nmt:1:prediction_latency": {
                    "p99": "855397.690000000022565", 
                    "min": "580048", 
                    "max": "1231055", 
                    "p95": "836587.949999999892839", 
                    "std_dev": "50456.1479327004246223", 
                    "size": "750", 
                    "p50": "777533.5", 
                    "unit": "microseconds", 
                    "mean": "771958.472000000000264"
                }
            }, 
            {
                "model:nmt:1:batch_size": {
                    "p99": "1", 
                    "min": "1", 
                    "max": "1", 
                    "p95": "1", 
                    "std_dev": "5.20417042793042128324e-18", 
                    "size": "750", 
                    "p50": "1", 
                    "unit": "queries", 
                    "mean": "1.0000000000000000052"
                }
            }
        ], 
        "meters": [
            {
                "internal:aggregate_model_throughput": {
                    "rate": "1.2390617446473093", 
                    "rate_1min": "1.3044380777761804", 
                    "rate_15min": "0.61567344897705578", 
                    "unit": "events per second", 
                    "rate_5min": "1.112449458105655"
                }
            }, 
            {
                "app:nmt:prediction_throughput": {
                    "rate": "0", 
                    "rate_1min": "0", 
                    "rate_15min": "0", 
                    "unit": "events per second", 
                    "rate_5min": "0"
                }
            }, 
            {
                "model:nmt:1:prediction_throughput": {
                    "rate": "1.2839466265030814", 
                    "rate_1min": "1.3048118584739932", 
                    "rate_15min": "0.61272633827057787", 
                    "unit": "events per second", 
                    "rate_5min": "1.1099443764720842"
                }
            }
        ], 
        "ratio_counters": [
            {
                "app:nmt:default_prediction_ratio": {
                    "ratio": "0"
                }
            }, 
            {
                "model:nmt:1:cache_hit_ratio": {
                    "ratio": "0"
                }
            }
        ], 
        "counters": [
            {
                "internal:aggregate_num_predictions": {
                    "count": "5000"
                }
            }, 
            {
                "app:nmt:num_predictions": {
                    "count": "750"
                }
            }, 
            {
                "model:nmt:1:num_predictions": {
                    "count": "750"
                }
            }
        ]
    }
}