{
    "client_metrics": [
        {
            "thrus": [
                21.62840241805539, 
                31.646591124143878, 
                31.668960555042872, 
                31.606082021575578, 
                31.695279051575824, 
                31.665450713359274, 
                31.631535628812788, 
                31.599270688832505, 
                31.59324081568693, 
                31.529827216546852, 
                31.625413423216973, 
                31.64058322454246, 
                31.600349120657086, 
                31.604463814469156, 
                31.482656834003283
            ], 
            "p99_lats": [
                2.17134804, 
                3.49325674, 
                4.813929369999999, 
                6.13599594, 
                7.45546657, 
                8.77630637, 
                10.09867628, 
                11.423028259999999, 
                12.743632349999999, 
                14.07347729, 
                15.39669409, 
                16.719654400000003, 
                18.04252285, 
                19.36618866, 
                20.6952508
            ], 
            "mean_lats": [
                1.7506772400000004, 
                3.07705086, 
                4.4007508799999995, 
                5.72077212, 
                7.04034722, 
                8.360402760000001, 
                9.6841416, 
                11.007789299999997, 
                12.327654879999997, 
                13.65842764, 
                14.982153259999997, 
                16.30374154, 
                17.6258078, 
                18.94724448, 
                20.27844734
            ]
        }
    ], 
    "node_configs": [
        {
            "model_image": "model-comp/nmt", 
            "name": "nmt", 
            "cpus_per_replica": 2, 
            "input_type": "strings", 
            "use_nvidia_docker": true, 
            "batch_size": 25, 
            "num_replicas": 1, 
            "slo": 500000, 
            "allocated_cpus": [
                6, 
                7, 
                8, 
                9, 
                10, 
                11, 
                12, 
                13, 
                14, 
                15
            ], 
            "gpus": [
                0
            ], 
            "input_size": 10
        }
    ], 
    "clipper_metrics": {
        "histograms": [
            {
                "internal:rpc_request_queueing_delay": {
                    "p99": "0", 
                    "min": "0", 
                    "max": "0", 
                    "p95": "0", 
                    "std_dev": "0", 
                    "size": "0", 
                    "p50": "0", 
                    "unit": "microseconds", 
                    "mean": "0"
                }
            }, 
            {
                "app:nmt:prediction_latency": {
                    "p99": "21322581.0500000000829", 
                    "min": "680577", 
                    "max": "21357744", 
                    "p95": "20629522.1999999998734", 
                    "std_dev": "5925626.96891591623125", 
                    "size": "776", 
                    "p50": "11359024", 
                    "unit": "microseconds", 
                    "mean": "11351756.5025773195912"
                }
            }, 
            {
                "model:nmt:1:prediction_latency": {
                    "p99": "826019", 
                    "min": "680266", 
                    "max": "826019", 
                    "p95": "808497.599999999942156", 
                    "std_dev": "20548.1467725945041618", 
                    "size": "32", 
                    "p50": "790312", 
                    "unit": "microseconds", 
                    "mean": "788483.34375"
                }
            }, 
            {
                "model:nmt:1:batch_size": {
                    "p99": "25", 
                    "min": "1", 
                    "max": "25", 
                    "p95": "25", 
                    "std_dev": "4.1758232721225164415", 
                    "size": "32", 
                    "p50": "25", 
                    "unit": "queries", 
                    "mean": "24.25"
                }
            }
        ], 
        "meters": [
            {
                "internal:aggregate_model_throughput": {
                    "rate": "15.076580577902043", 
                    "rate_1min": "9.9726797888159755", 
                    "rate_15min": "0.79600831858576471", 
                    "unit": "events per second", 
                    "rate_5min": "2.3257465685232974"
                }
            }, 
            {
                "app:nmt:prediction_throughput": {
                    "rate": "0", 
                    "rate_1min": "0", 
                    "rate_15min": "0", 
                    "unit": "events per second", 
                    "rate_5min": "0"
                }
            }, 
            {
                "model:nmt:1:prediction_throughput": {
                    "rate": "24.814615475948322", 
                    "rate_1min": "10.372457715669359", 
                    "rate_15min": "0.82370907856128106", 
                    "unit": "events per second", 
                    "rate_5min": "2.4083892994152101"
                }
            }
        ], 
        "ratio_counters": [
            {
                "app:nmt:default_prediction_ratio": {
                    "ratio": "0"
                }
            }, 
            {
                "model:nmt:1:cache_hit_ratio": {
                    "ratio": "0"
                }
            }
        ], 
        "counters": [
            {
                "internal:aggregate_num_predictions": {
                    "count": "5000"
                }
            }, 
            {
                "app:nmt:num_predictions": {
                    "count": "776"
                }
            }, 
            {
                "model:nmt:1:num_predictions": {
                    "count": "776"
                }
            }
        ]
    }
}