{
    "client_metrics": [
        {
            "thrus": [
                4.4620483157730915, 
                4.526620102230999, 
                4.688250559613028, 
                4.654907934765376, 
                4.69550495554202, 
                4.689569272441465, 
                4.564246377654326, 
                4.687555225259997, 
                4.635254167209378, 
                4.467577361463106, 
                4.6015613834023705, 
                4.52120567534289, 
                4.682855046811224, 
                4.4778808804875085, 
                4.668156617774884
            ], 
            "p99_lats": [
                10.79002422, 
                21.5300676, 
                31.956999159999995, 
                42.40434546, 
                52.76191134, 
                63.25190522, 
                73.89741017999998, 
                84.26577262, 
                94.79414852, 
                105.79068165, 
                116.35491491, 
                127.20198823000001, 
                137.60550052, 
                148.4979591, 
                158.93878161
            ], 
            "mean_lats": [
                6.031214759999999, 
                16.33948072, 
                26.871937900000002, 
                37.468346620000005, 
                47.69482902000001, 
                58.40277924, 
                68.78600228, 
                79.08421388, 
                89.71537052000002, 
                100.60450340000001, 
                111.17158222, 
                122.01926316000001, 
                132.70249142, 
                143.28038003999998, 
                153.85086522
            ]
        }
    ], 
    "node_configs": [
        {
            "model_image": "model-comp/nmt", 
            "name": "nmt", 
            "cpus_per_replica": 5, 
            "input_type": "strings", 
            "use_nvidia_docker": true, 
            "batch_size": 2, 
            "num_replicas": 1, 
            "slo": 500000, 
            "allocated_cpus": [
                6, 
                7, 
                8, 
                9, 
                10, 
                11, 
                12, 
                13, 
                14, 
                15
            ], 
            "gpus": [
                0
            ], 
            "input_size": 20
        }
    ], 
    "clipper_metrics": {
        "histograms": [
            {
                "internal:rpc_request_queueing_delay": {
                    "p99": "0", 
                    "min": "0", 
                    "max": "0", 
                    "p95": "0", 
                    "std_dev": "0", 
                    "size": "0", 
                    "p50": "0", 
                    "unit": "microseconds", 
                    "mean": "0"
                }
            }, 
            {
                "app:nmt:prediction_latency": {
                    "p99": "157818355.840000000084", 
                    "min": "793014", 
                    "max": "159142662", 
                    "p95": "151525048.599999999875", 
                    "std_dev": "45830801.2072635671611", 
                    "size": "751", 
                    "p50": "79167087", 
                    "unit": "microseconds", 
                    "mean": "79705824.3981358188903"
                }
            }, 
            {
                "model:nmt:1:prediction_latency": {
                    "p99": "501065.320000000019718", 
                    "min": "301714", 
                    "max": "792721", 
                    "p95": "496454.849999999992292", 
                    "std_dev": "56878.2770562514816497", 
                    "size": "376", 
                    "p50": "437804.5", 
                    "unit": "microseconds", 
                    "mean": "433595.164893617021391"
                }
            }, 
            {
                "model:nmt:1:batch_size": {
                    "p99": "2", 
                    "min": "1", 
                    "max": "2", 
                    "p95": "2", 
                    "std_dev": "0.0515024381144603309541", 
                    "size": "376", 
                    "p50": "2", 
                    "unit": "queries", 
                    "mean": "1.99734042553191488826"
                }
            }
        ], 
        "meters": [
            {
                "internal:aggregate_model_throughput": {
                    "rate": "3.9797366646933501", 
                    "rate_1min": "4.2700077519336306", 
                    "rate_15min": "0.74636051994462838", 
                    "unit": "events per second", 
                    "rate_5min": "1.8950569810244333"
                }
            }, 
            {
                "app:nmt:prediction_throughput": {
                    "rate": "0", 
                    "rate_1min": "0", 
                    "rate_15min": "0", 
                    "unit": "events per second", 
                    "rate_5min": "0"
                }
            }, 
            {
                "model:nmt:1:prediction_throughput": {
                    "rate": "4.4497757484851652", 
                    "rate_1min": "4.272578932929413", 
                    "rate_15min": "0.7464045708909044", 
                    "unit": "events per second", 
                    "rate_5min": "1.895374481699418"
                }
            }
        ], 
        "ratio_counters": [
            {
                "app:nmt:default_prediction_ratio": {
                    "ratio": "0"
                }
            }, 
            {
                "model:nmt:1:cache_hit_ratio": {
                    "ratio": "0"
                }
            }
        ], 
        "counters": [
            {
                "internal:aggregate_num_predictions": {
                    "count": "5000"
                }
            }, 
            {
                "app:nmt:num_predictions": {
                    "count": "751"
                }
            }, 
            {
                "model:nmt:1:num_predictions": {
                    "count": "751"
                }
            }
        ]
    }
}