{
    "client_metrics": [
        {
            "thrus": [
                3.7464905686221077, 
                4.224967700121932, 
                4.204792572116188, 
                4.1987909161677806, 
                4.189008393851239, 
                4.188547288657004, 
                4.183800725236753, 
                4.187505087818682, 
                4.190693308300925, 
                4.183332015583749, 
                4.185456926751239, 
                4.197171710659742, 
                4.18786108261737, 
                4.1756530199366555, 
                4.188066990979406
            ], 
            "p99_lats": [
                13.12893058, 
                24.704956600000003, 
                36.33809488, 
                47.98828166, 
                59.6663303, 
                71.34498138000001, 
                83.03757663, 
                94.71994248, 
                106.39267548999999, 
                118.08679076, 
                129.7739508, 
                141.42897995, 
                153.11024278, 
                164.82610124, 
                176.50671969
            ], 
            "mean_lats": [
                8.27393352, 
                19.82082402, 
                31.428170240000004, 
                43.07595945999999, 
                54.73916628, 
                66.41963419999999, 
                78.10934564, 
                89.79284986, 
                101.46690140000001, 
                113.15181106, 
                124.8450985, 
                136.51220678, 
                148.18515191999998, 
                159.88299026, 
                171.58323959999998
            ]
        }
    ], 
    "node_configs": [
        {
            "model_image": "model-comp/nmt", 
            "name": "nmt", 
            "cpus_per_replica": 2, 
            "input_type": "strings", 
            "use_nvidia_docker": true, 
            "batch_size": 10, 
            "num_replicas": 1, 
            "slo": 500000, 
            "allocated_cpus": [
                6, 
                7, 
                8, 
                9, 
                10, 
                11, 
                12, 
                13, 
                14, 
                15
            ], 
            "gpus": [
                0
            ], 
            "input_size": 80
        }
    ], 
    "clipper_metrics": {
        "histograms": [
            {
                "internal:rpc_request_queueing_delay": {
                    "p99": "0", 
                    "min": "0", 
                    "max": "0", 
                    "p95": "0", 
                    "std_dev": "0", 
                    "size": "0", 
                    "p50": "0", 
                    "unit": "microseconds", 
                    "mean": "0"
                }
            }, 
            {
                "app:nmt:prediction_latency": {
                    "p99": "176473315.000000000087", 
                    "min": "1576310", 
                    "max": "176507038", 
                    "p95": "169468973.999999999869", 
                    "std_dev": "50607321.3241985006644", 
                    "size": "751", 
                    "p50": "90016854", 
                    "unit": "microseconds", 
                    "mean": "89932361.5286284953836"
                }
            }, 
            {
                "model:nmt:1:prediction_latency": {
                    "p99": "2401703", 
                    "min": "1576015", 
                    "max": "2401703", 
                    "p95": "2397306.89999999998395", 
                    "std_dev": "92662.5944020289333878", 
                    "size": "76", 
                    "p50": "2386018", 
                    "unit": "microseconds", 
                    "mean": "2372714.11842105263167"
                }
            }, 
            {
                "model:nmt:1:batch_size": {
                    "p99": "10", 
                    "min": "1", 
                    "max": "10", 
                    "p95": "10", 
                    "std_dev": "1.02555639921841418565", 
                    "size": "76", 
                    "p50": "10", 
                    "unit": "queries", 
                    "mean": "9.88157894736842104966"
                }
            }
        ], 
        "meters": [
            {
                "internal:aggregate_model_throughput": {
                    "rate": "3.2624865482162497", 
                    "rate_1min": "4.0162951038536114", 
                    "rate_15min": "0.75710849928154444", 
                    "unit": "events per second", 
                    "rate_5min": "1.8883455290156015"
                }
            }, 
            {
                "app:nmt:prediction_throughput": {
                    "rate": "0", 
                    "rate_1min": "0", 
                    "rate_15min": "0", 
                    "unit": "events per second", 
                    "rate_5min": "0"
                }
            }, 
            {
                "model:nmt:1:prediction_throughput": {
                    "rate": "3.5705048892169082", 
                    "rate_1min": "4.0327622294377221", 
                    "rate_15min": "0.75722697332227595", 
                    "unit": "events per second", 
                    "rate_5min": "1.8893302264894858"
                }
            }
        ], 
        "ratio_counters": [
            {
                "app:nmt:default_prediction_ratio": {
                    "ratio": "0"
                }
            }, 
            {
                "model:nmt:1:cache_hit_ratio": {
                    "ratio": "0"
                }
            }
        ], 
        "counters": [
            {
                "internal:aggregate_num_predictions": {
                    "count": "5000"
                }
            }, 
            {
                "app:nmt:num_predictions": {
                    "count": "751"
                }
            }, 
            {
                "model:nmt:1:num_predictions": {
                    "count": "751"
                }
            }
        ]
    }
}