{
    "client_metrics": [
        {
            "thrus": [
                2.898999271249563, 
                3.6721142726709357, 
                3.6713132030335327, 
                3.2596015802026925, 
                3.6700210659209183, 
                3.6680997687923353, 
                3.2615222241755113, 
                3.666646671220153, 
                3.6698979628910195, 
                3.258417110495661, 
                3.6648261421137485, 
                3.668603860706633, 
                3.260190736807019, 
                3.66717941169201, 
                3.6656472257355417
            ], 
            "p99_lats": [
                16.174161429999998, 
                30.35872966, 
                43.72996262, 
                57.974470159999996, 
                72.16700456000001, 
                85.54902518, 
                99.78345582, 
                113.9895242, 
                127.36597516, 
                141.61412689, 
                155.82723337, 
                169.20846479, 
                183.44993750999998, 
                197.65315118, 
                211.04486594
            ], 
            "mean_lats": [
                9.4642821, 
                23.39659442, 
                37.300644199999994, 
                51.251554039999995, 
                65.20299094, 
                79.11219584, 
                93.06386047999999, 
                107.01502963999998, 
                120.9320759, 
                134.88792712, 
                148.85092116, 
                162.77568206, 
                176.72926172000004, 
                190.6831328, 
                204.60664357999997
            ]
        }
    ], 
    "node_configs": [
        {
            "model_image": "model-comp/nmt", 
            "name": "nmt", 
            "cpus_per_replica": 1, 
            "input_type": "strings", 
            "use_nvidia_docker": true, 
            "batch_size": 6, 
            "num_replicas": 1, 
            "slo": 500000, 
            "allocated_cpus": [
                6, 
                7, 
                8, 
                9, 
                10, 
                11, 
                12, 
                13, 
                14, 
                15
            ], 
            "gpus": [
                0
            ], 
            "input_size": 80
        }
    ], 
    "clipper_metrics": {
        "histograms": [
            {
                "internal:rpc_request_queueing_delay": {
                    "p99": "0", 
                    "min": "0", 
                    "max": "0", 
                    "p95": "0", 
                    "std_dev": "0", 
                    "size": "0", 
                    "p50": "0", 
                    "unit": "microseconds", 
                    "mean": "0"
                }
            }, 
            {
                "app:nmt:prediction_latency": {
                    "p99": "209367911.320000000109", 
                    "min": "1919459", 
                    "max": "211045259", 
                    "p95": "201000575.199999999866", 
                    "std_dev": "60444950.3557456994131", 
                    "size": "751", 
                    "p50": "107273848", 
                    "unit": "microseconds", 
                    "mean": "107154773.009320905439"
                }
            }, 
            {
                "model:nmt:1:prediction_latency": {
                    "p99": "1864055.6600000008184", 
                    "min": "1698801", 
                    "max": "1919147", 
                    "p95": "1707798.649999999996", 
                    "std_dev": "19248.1050908949490399", 
                    "size": "126", 
                    "p50": "1703659.5", 
                    "unit": "microseconds", 
                    "mean": "1705426.59523809523796"
                }
            }, 
            {
                "model:nmt:1:batch_size": {
                    "p99": "6", 
                    "min": "1", 
                    "max": "6", 
                    "p95": "6", 
                    "std_dev": "0.443664281249958273505", 
                    "size": "126", 
                    "p50": "6", 
                    "unit": "queries", 
                    "mean": "5.96031746031746031359"
                }
            }
        ], 
        "meters": [
            {
                "internal:aggregate_model_throughput": {
                    "rate": "2.8378606493883702", 
                    "rate_1min": "3.426637900162234", 
                    "rate_15min": "0.72729056764216393", 
                    "unit": "events per second", 
                    "rate_5min": "1.7632259395527694"
                }
            }, 
            {
                "app:nmt:prediction_throughput": {
                    "rate": "0", 
                    "rate_1min": "0", 
                    "rate_15min": "0", 
                    "unit": "events per second", 
                    "rate_5min": "0"
                }
            }, 
            {
                "model:nmt:1:prediction_throughput": {
                    "rate": "3.0852551556133685", 
                    "rate_1min": "3.4468863627985606", 
                    "rate_15min": "0.73291052492846953", 
                    "unit": "events per second", 
                    "rate_5min": "1.7755387753682239"
                }
            }
        ], 
        "ratio_counters": [
            {
                "app:nmt:default_prediction_ratio": {
                    "ratio": "0"
                }
            }, 
            {
                "model:nmt:1:cache_hit_ratio": {
                    "ratio": "0"
                }
            }
        ], 
        "counters": [
            {
                "internal:aggregate_num_predictions": {
                    "count": "5000"
                }
            }, 
            {
                "app:nmt:num_predictions": {
                    "count": "751"
                }
            }, 
            {
                "model:nmt:1:num_predictions": {
                    "count": "751"
                }
            }
        ]
    }
}