{
    "client_metrics": [
        {
            "thrus": [
                14.700940242736046, 
                21.40795862269757, 
                21.12694505219623, 
                18.842512023406922, 
                21.21204793413744, 
                21.218015962737766, 
                18.99476656191686, 
                21.399840613987106, 
                21.193041053039824, 
                18.820695236482035, 
                21.29918194102001, 
                21.621836671240406, 
                18.801622203963756, 
                21.122660982136143, 
                21.278515338404993
            ], 
            "p99_lats": [
                3.0141536799999997, 
                5.226717649999999, 
                7.34299201, 
                9.59035436, 
                11.82421094, 
                13.93122339, 
                16.15807975, 
                18.37035788, 
                20.48084004, 
                22.73103864, 
                24.955752939999996, 
                27.018943559999997, 
                29.270180699999997, 
                31.5153339, 
                33.61566963
            ], 
            "mean_lats": [
                1.9447149400000001, 
                4.13230022, 
                6.31597638, 
                8.52292132, 
                10.71940086, 
                12.908902419999999, 
                15.091064179999996, 
                17.27318416, 
                19.45731638, 
                21.65812134, 
                23.85363534, 
                26.041014419999996, 
                28.197381760000003, 
                30.40637212, 
                32.593767320000005
            ]
        }
    ], 
    "node_configs": [
        {
            "model_image": "model-comp/nmt", 
            "name": "nmt", 
            "cpus_per_replica": 4, 
            "input_type": "strings", 
            "use_nvidia_docker": true, 
            "batch_size": 6, 
            "num_replicas": 1, 
            "slo": 500000, 
            "allocated_cpus": [
                6, 
                7, 
                8, 
                9, 
                10, 
                11, 
                12, 
                13, 
                14, 
                15
            ], 
            "gpus": [
                0
            ], 
            "input_size": 10
        }
    ], 
    "clipper_metrics": {
        "histograms": [
            {
                "internal:rpc_request_queueing_delay": {
                    "p99": "0", 
                    "min": "0", 
                    "max": "0", 
                    "p95": "0", 
                    "std_dev": "0", 
                    "size": "0", 
                    "p50": "0", 
                    "unit": "microseconds", 
                    "mean": "0"
                }
            }, 
            {
                "app:nmt:prediction_latency": {
                    "p99": "33612906.7199999997683", 
                    "min": "674823", 
                    "max": "33879098", 
                    "p95": "32291396.7000000001026", 
                    "std_dev": "9567560.44024799415911", 
                    "size": "757", 
                    "p50": "17319854", 
                    "unit": "microseconds", 
                    "mean": "17425394.0845442536393"
                }
            }, 
            {
                "model:nmt:1:prediction_latency": {
                    "p99": "584529.719999999622814", 
                    "min": "243000", 
                    "max": "674536", 
                    "p95": "298180.399999999996567", 
                    "std_dev": "34535.6245651612939156", 
                    "size": "127", 
                    "p50": "294786", 
                    "unit": "microseconds", 
                    "mean": "297439.755905511810965"
                }
            }, 
            {
                "model:nmt:1:batch_size": {
                    "p99": "6", 
                    "min": "1", 
                    "max": "6", 
                    "p95": "6", 
                    "std_dev": "0.441928037807945832481", 
                    "size": "127", 
                    "p50": "6", 
                    "unit": "queries", 
                    "mean": "5.96062992125984252804"
                }
            }
        ], 
        "meters": [
            {
                "internal:aggregate_model_throughput": {
                    "rate": "11.914159566291856", 
                    "rate_1min": "8.7348090454240346", 
                    "rate_15min": "0.74702600361529048", 
                    "unit": "events per second", 
                    "rate_5min": "2.1596691189662867"
                }
            }, 
            {
                "app:nmt:prediction_throughput": {
                    "rate": "0", 
                    "rate_1min": "0", 
                    "rate_15min": "0", 
                    "unit": "events per second", 
                    "rate_5min": "0"
                }
            }, 
            {
                "model:nmt:1:prediction_throughput": {
                    "rate": "17.457571126053697", 
                    "rate_1min": "8.7930036621551384", 
                    "rate_15min": "0.75345623266582817", 
                    "unit": "events per second", 
                    "rate_5min": "2.1776158954238092"
                }
            }
        ], 
        "ratio_counters": [
            {
                "app:nmt:default_prediction_ratio": {
                    "ratio": "0"
                }
            }, 
            {
                "model:nmt:1:cache_hit_ratio": {
                    "ratio": "0"
                }
            }
        ], 
        "counters": [
            {
                "internal:aggregate_num_predictions": {
                    "count": "5000"
                }
            }, 
            {
                "app:nmt:num_predictions": {
                    "count": "757"
                }
            }, 
            {
                "model:nmt:1:num_predictions": {
                    "count": "757"
                }
            }
        ]
    }
}