{
    "client_metrics": [
        {
            "thrus": [
                7.556711228592782, 
                8.542658362519324, 
                8.586853012826182, 
                8.69815421688256, 
                8.901423675899876, 
                8.447635473040554, 
                8.661668306609199, 
                8.545451375868943, 
                9.064145142343335, 
                8.500599632298062, 
                8.666161602768456, 
                8.853829298879424, 
                8.542167985150295, 
                8.357662488838342, 
                8.49623013772559
            ], 
            "p99_lats": [
                6.245516739999999, 
                11.840333779999998, 
                17.405795769999997, 
                22.89610263, 
                28.255444580000002, 
                33.91405542, 
                39.434689070000005, 
                45.02115827, 
                50.30206126, 
                55.91385364, 
                61.41346229, 
                66.83531887999999, 
                72.39919137999999, 
                78.12156187, 
                83.74691604999998
            ], 
            "mean_lats": [
                3.5538285199999997, 
                9.15105232, 
                14.71988348, 
                20.2768204, 
                25.66205602, 
                31.195803180000002, 
                36.80152851999999, 
                42.348309220000004, 
                47.71836644, 
                53.182163339999995, 
                58.77623764, 
                64.24956422, 
                69.70644328, 
                75.41041514000001, 
                81.07730088
            ]
        }
    ], 
    "node_configs": [
        {
            "model_image": "model-comp/nmt", 
            "name": "nmt", 
            "cpus_per_replica": 4, 
            "input_type": "strings", 
            "use_nvidia_docker": true, 
            "batch_size": 2, 
            "num_replicas": 1, 
            "slo": 500000, 
            "allocated_cpus": [
                6, 
                7, 
                8, 
                9, 
                10, 
                11, 
                12, 
                13, 
                14, 
                15
            ], 
            "gpus": [
                0
            ], 
            "input_size": 10
        }
    ], 
    "clipper_metrics": {
        "histograms": [
            {
                "internal:rpc_request_queueing_delay": {
                    "p99": "0", 
                    "min": "0", 
                    "max": "0", 
                    "p95": "0", 
                    "std_dev": "0", 
                    "size": "0", 
                    "p50": "0", 
                    "unit": "microseconds", 
                    "mean": "0"
                }
            }, 
            {
                "app:nmt:prediction_latency": {
                    "p99": "83216056.5600000000995", 
                    "min": "663109", 
                    "max": "83863706", 
                    "p95": "79885856.7999999998719", 
                    "std_dev": "23930618.4913323205274", 
                    "size": "751", 
                    "p50": "42416589", 
                    "unit": "microseconds", 
                    "mean": "42309157.4287616511247"
                }
            }, 
            {
                "model:nmt:1:prediction_latency": {
                    "p99": "253300.800000000015643", 
                    "min": "158922", 
                    "max": "662814", 
                    "p95": "249998.299999999999955", 
                    "std_dev": "32274.4462465113329497", 
                    "size": "376", 
                    "p50": "245910.5", 
                    "unit": "microseconds", 
                    "mean": "233302.125"
                }
            }, 
            {
                "model:nmt:1:batch_size": {
                    "p99": "2", 
                    "min": "1", 
                    "max": "2", 
                    "p95": "2", 
                    "std_dev": "0.0515024381144603309541", 
                    "size": "376", 
                    "p50": "2", 
                    "unit": "queries", 
                    "mean": "1.99734042553191488826"
                }
            }
        ], 
        "meters": [
            {
                "internal:aggregate_model_throughput": {
                    "rate": "6.6154578550013028", 
                    "rate_1min": "6.495221821669424", 
                    "rate_15min": "0.7670980474558059", 
                    "unit": "events per second", 
                    "rate_5min": "2.1029062732488004"
                }
            }, 
            {
                "app:nmt:prediction_throughput": {
                    "rate": "0", 
                    "rate_1min": "0", 
                    "rate_15min": "0", 
                    "unit": "events per second", 
                    "rate_5min": "0"
                }
            }, 
            {
                "model:nmt:1:prediction_throughput": {
                    "rate": "8.0412456152859733", 
                    "rate_1min": "6.4795877348510089", 
                    "rate_15min": "0.76697978415024115", 
                    "unit": "events per second", 
                    "rate_5min": "2.1019275066289085"
                }
            }
        ], 
        "ratio_counters": [
            {
                "app:nmt:default_prediction_ratio": {
                    "ratio": "0"
                }
            }, 
            {
                "model:nmt:1:cache_hit_ratio": {
                    "ratio": "0"
                }
            }
        ], 
        "counters": [
            {
                "internal:aggregate_num_predictions": {
                    "count": "5000"
                }
            }, 
            {
                "app:nmt:num_predictions": {
                    "count": "751"
                }
            }, 
            {
                "model:nmt:1:num_predictions": {
                    "count": "751"
                }
            }
        ]
    }
}