{
    "client_metrics": [
        {
            "thrus": [
                5.934507487508752, 
                7.722977417859571, 
                7.397252896986152, 
                6.7255872950965765, 
                7.6684164459313, 
                7.597753070897825, 
                6.795473507914484, 
                7.6539695476105996, 
                7.687482318790667, 
                6.823087307815806, 
                7.686372630118375, 
                7.4452602133335075, 
                6.685767458577994, 
                7.60283981272685, 
                7.494966380578803
            ], 
            "p99_lats": [
                7.775860809999998, 
                14.3939949, 
                20.903659910000002, 
                27.66677085, 
                34.331279620000004, 
                40.663921779999995, 
                47.35905758, 
                54.02659310999999, 
                60.28267013, 
                66.96011644000001, 
                73.588904, 
                80.05644996000001, 
                86.8664024, 
                93.58420480999999, 
                100.00718039
            ], 
            "mean_lats": [
                4.63780388, 
                11.155212079999998, 
                17.729462599999998, 
                24.455320219999997, 
                31.05495082, 
                37.6182129, 
                44.19054604, 
                50.726322259999996, 
                57.26699008, 
                63.80688808, 
                70.33426072, 
                76.88309554, 
                83.5882392, 
                90.27359853999998, 
                96.93551977999999
            ]
        }
    ], 
    "node_configs": [
        {
            "model_image": "model-comp/nmt", 
            "name": "nmt", 
            "cpus_per_replica": 3, 
            "input_type": "strings", 
            "use_nvidia_docker": true, 
            "batch_size": 6, 
            "num_replicas": 1, 
            "slo": 500000, 
            "allocated_cpus": [
                6, 
                7, 
                8, 
                9, 
                10, 
                11, 
                12, 
                13, 
                14, 
                15
            ], 
            "gpus": [
                0
            ], 
            "input_size": 40
        }
    ], 
    "clipper_metrics": {
        "histograms": [
            {
                "internal:rpc_request_queueing_delay": {
                    "p99": "0", 
                    "min": "0", 
                    "max": "0", 
                    "p95": "0", 
                    "std_dev": "0", 
                    "size": "0", 
                    "p50": "0", 
                    "unit": "microseconds", 
                    "mean": "0"
                }
            }, 
            {
                "app:nmt:prediction_latency": {
                    "p99": "99242654.8800000000847", 
                    "min": "1146534", 
                    "max": "100008835", 
                    "p95": "95153452.9999999998981", 
                    "std_dev": "28542273.1184460635977", 
                    "size": "751", 
                    "p50": "50829333", 
                    "unit": "microseconds", 
                    "mean": "50774116.7123834886806"
                }
            }, 
            {
                "model:nmt:1:prediction_latency": {
                    "p99": "1099464.8800000006886", 
                    "min": "766165", 
                    "max": "1146244", 
                    "p95": "887978.249999999497959", 
                    "std_dev": "42543.8043172484581476", 
                    "size": "126", 
                    "p50": "819407", 
                    "unit": "microseconds", 
                    "mean": "824224.269841269841265"
                }
            }, 
            {
                "model:nmt:1:batch_size": {
                    "p99": "6", 
                    "min": "1", 
                    "max": "6", 
                    "p95": "6", 
                    "std_dev": "0.443664281249958273505", 
                    "size": "126", 
                    "p50": "6", 
                    "unit": "queries", 
                    "mean": "5.96031746031746031359"
                }
            }
        ], 
        "meters": [
            {
                "internal:aggregate_model_throughput": {
                    "rate": "5.7825983413428999", 
                    "rate_1min": "5.8657515875613377", 
                    "rate_15min": "0.75268662582000156", 
                    "unit": "events per second", 
                    "rate_5min": "2.0329181726659145"
                }
            }, 
            {
                "app:nmt:prediction_throughput": {
                    "rate": "0", 
                    "rate_1min": "0", 
                    "rate_15min": "0", 
                    "unit": "events per second", 
                    "rate_5min": "0"
                }
            }, 
            {
                "model:nmt:1:prediction_throughput": {
                    "rate": "6.8378084847479226", 
                    "rate_1min": "5.8657515875613377", 
                    "rate_15min": "0.75268662582000156", 
                    "unit": "events per second", 
                    "rate_5min": "2.0329181726659145"
                }
            }
        ], 
        "ratio_counters": [
            {
                "app:nmt:default_prediction_ratio": {
                    "ratio": "0"
                }
            }, 
            {
                "model:nmt:1:cache_hit_ratio": {
                    "ratio": "0"
                }
            }
        ], 
        "counters": [
            {
                "internal:aggregate_num_predictions": {
                    "count": "5000"
                }
            }, 
            {
                "app:nmt:num_predictions": {
                    "count": "751"
                }
            }, 
            {
                "model:nmt:1:num_predictions": {
                    "count": "751"
                }
            }
        ]
    }
}