{
    "client_metrics": [
        {
            "thrus": [
                7.751130424861162, 
                10.474090869860678, 
                9.657666622756475, 
                10.460863816290493, 
                10.353692489120856, 
                10.448104578004191, 
                10.444235095554307, 
                9.61146794219817, 
                10.304332271025372, 
                10.448045630376564, 
                10.528614352228056, 
                10.417079009377455, 
                10.423026884530165, 
                10.349337756226317, 
                10.520523964175513
            ], 
            "p99_lats": [
                6.30916274, 
                10.825026739999998, 
                15.74246472, 
                20.262509090000002, 
                24.83436428, 
                29.36191117, 
                33.89016954, 
                38.83403686, 
                43.42825731, 
                47.95572627, 
                52.44652273, 
                56.98749582, 
                61.526592390000005, 
                66.09957212, 
                70.59380992
            ], 
            "mean_lats": [
                5.02295186, 
                9.54585028, 
                14.461383600000001, 
                18.98345562, 
                23.553712299999997, 
                28.08111324, 
                32.608012880000004, 
                37.54571238, 
                42.12952159999999, 
                46.67809748, 
                51.16062128000001, 
                55.707526900000005, 
                60.24369570000001, 
                64.81910538, 
                69.33252094
            ]
        }
    ], 
    "node_configs": [
        {
            "model_image": "model-comp/nmt", 
            "name": "nmt", 
            "cpus_per_replica": 1, 
            "input_type": "strings", 
            "use_nvidia_docker": true, 
            "batch_size": 25, 
            "num_replicas": 1, 
            "slo": 500000, 
            "allocated_cpus": [
                6, 
                7, 
                8, 
                9, 
                10, 
                11, 
                12, 
                13, 
                14, 
                15
            ], 
            "gpus": [
                0
            ], 
            "input_size": 40
        }
    ], 
    "clipper_metrics": {
        "histograms": [
            {
                "internal:rpc_request_queueing_delay": {
                    "p99": "0", 
                    "min": "0", 
                    "max": "0", 
                    "p95": "0", 
                    "std_dev": "0", 
                    "size": "0", 
                    "p50": "0", 
                    "unit": "microseconds", 
                    "mean": "0"
                }
            }, 
            {
                "app:nmt:prediction_latency": {
                    "p99": "70561096.0400000001027", 
                    "min": "1238310", 
                    "max": "70594367", 
                    "p95": "68307620.3999999998996", 
                    "std_dev": "19922865.8396175172002", 
                    "size": "751", 
                    "p50": "36570544", 
                    "unit": "microseconds", 
                    "mean": "37365779.18109187749"
                }
            }, 
            {
                "model:nmt:1:prediction_latency": {
                    "p99": "2818354", 
                    "min": "1238032", 
                    "max": "2818354", 
                    "p95": "2812461.9999999999859", 
                    "std_dev": "245109.048961713595901", 
                    "size": "31", 
                    "p50": "2393229", 
                    "unit": "microseconds", 
                    "mean": "2397998.29032258064512"
                }
            }, 
            {
                "model:nmt:1:batch_size": {
                    "p99": "25", 
                    "min": "1", 
                    "max": "25", 
                    "p95": "25", 
                    "std_dev": "4.24043270326580216609", 
                    "size": "31", 
                    "p50": "25", 
                    "unit": "queries", 
                    "mean": "24.2258064516129032299"
                }
            }
        ], 
        "meters": [
            {
                "internal:aggregate_model_throughput": {
                    "rate": "7.4495809928117094", 
                    "rate_1min": "7.015439581536941", 
                    "rate_15min": "0.77495305816335269", 
                    "unit": "events per second", 
                    "rate_5min": "2.1491660096121423"
                }
            }, 
            {
                "app:nmt:prediction_throughput": {
                    "rate": "0", 
                    "rate_1min": "0", 
                    "rate_15min": "0", 
                    "unit": "events per second", 
                    "rate_5min": "0"
                }
            }, 
            {
                "model:nmt:1:prediction_throughput": {
                    "rate": "9.4268889593192835", 
                    "rate_1min": "7.067416557619806", 
                    "rate_15min": "0.75080307822534076", 
                    "unit": "events per second", 
                    "rate_5min": "2.0958344971074778"
                }
            }
        ], 
        "ratio_counters": [
            {
                "app:nmt:default_prediction_ratio": {
                    "ratio": "0"
                }
            }, 
            {
                "model:nmt:1:cache_hit_ratio": {
                    "ratio": "0"
                }
            }
        ], 
        "counters": [
            {
                "internal:aggregate_num_predictions": {
                    "count": "5000"
                }
            }, 
            {
                "app:nmt:num_predictions": {
                    "count": "751"
                }
            }, 
            {
                "model:nmt:1:num_predictions": {
                    "count": "751"
                }
            }
        ]
    }
}