{
    "client_metrics": [
        {
            "thrus": [
                4.5302424033044675, 
                4.924584421707529, 
                4.911205406254911, 
                5.022447326079178, 
                5.12768394514978, 
                4.939602492404867, 
                5.073532739405296, 
                4.907300600918588, 
                5.1376900945334985, 
                4.836095533778725, 
                4.967717782760508, 
                5.149964918438975, 
                4.941172378134877, 
                4.850076379002817, 
                4.874311491316073
            ], 
            "p99_lats": [
                10.66667675, 
                20.575850000000003, 
                30.481431999999998, 
                40.17786977, 
                49.66980549, 
                59.53124328, 
                69.16127409, 
                79.08511425, 
                88.55436325, 
                98.61637976, 
                108.41080585, 
                117.89638353999999, 
                127.72103906999999, 
                137.78483626, 
                147.76745442
            ], 
            "mean_lats": [
                5.77400528, 
                15.831517299999998, 
                25.723551040000004, 
                35.523069740000004, 
                45.087753320000004, 
                54.76428548, 
                64.60504073999999, 
                74.300849, 
                83.94860687999999, 
                93.66891030000001, 
                103.71222723999999, 
                113.373853, 
                122.98023072, 
                132.9949436, 
                143.05150658
            ]
        }
    ], 
    "node_configs": [
        {
            "model_image": "model-comp/nmt", 
            "name": "nmt", 
            "cpus_per_replica": 4, 
            "input_type": "strings", 
            "use_nvidia_docker": true, 
            "batch_size": 1, 
            "num_replicas": 1, 
            "slo": 500000, 
            "allocated_cpus": [
                6, 
                7, 
                8, 
                9, 
                10, 
                11, 
                12, 
                13, 
                14, 
                15
            ], 
            "gpus": [
                0
            ], 
            "input_size": 10
        }
    ], 
    "clipper_metrics": {
        "histograms": [
            {
                "internal:rpc_request_queueing_delay": {
                    "p99": "0", 
                    "min": "0", 
                    "max": "0", 
                    "p95": "0", 
                    "std_dev": "0", 
                    "size": "0", 
                    "p50": "0", 
                    "unit": "microseconds", 
                    "mean": "0"
                }
            }, 
            {
                "app:nmt:prediction_latency": {
                    "p99": "146792257.720000003435", 
                    "min": "678121", 
                    "max": "148064580", 
                    "p95": "140997088.799999994793", 
                    "std_dev": "42348834.9437126283847", 
                    "size": "751", 
                    "p50": "74306552", 
                    "unit": "microseconds", 
                    "mean": "74452624.8402130492541"
                }
            }, 
            {
                "model:nmt:1:prediction_latency": {
                    "p99": "237477.360000000003765", 
                    "min": "128663", 
                    "max": "677836", 
                    "p95": "235526.799999999999841", 
                    "std_dev": "35332.2398203641940135", 
                    "size": "751", 
                    "p50": "202994", 
                    "unit": "microseconds", 
                    "mean": "202325.077230359520641"
                }
            }, 
            {
                "model:nmt:1:batch_size": {
                    "p99": "1", 
                    "min": "1", 
                    "max": "1", 
                    "p95": "1", 
                    "std_dev": "5.42101086242752217004e-18", 
                    "size": "751", 
                    "p50": "1", 
                    "unit": "queries", 
                    "mean": "0.999999999999999994579"
                }
            }
        ], 
        "meters": [
            {
                "internal:aggregate_model_throughput": {
                    "rate": "4.2272015103639022", 
                    "rate_1min": "4.5398508670176678", 
                    "rate_15min": "0.75585600704677391", 
                    "unit": "events per second", 
                    "rate_5min": "1.9397238035354403"
                }
            }, 
            {
                "app:nmt:prediction_throughput": {
                    "rate": "0", 
                    "rate_1min": "0", 
                    "rate_15min": "0", 
                    "unit": "events per second", 
                    "rate_5min": "0"
                }
            }, 
            {
                "model:nmt:1:prediction_throughput": {
                    "rate": "4.7627894611455472", 
                    "rate_1min": "4.5429408505845661", 
                    "rate_15min": "0.75587939732384479", 
                    "unit": "events per second", 
                    "rate_5min": "1.939914254097084"
                }
            }
        ], 
        "ratio_counters": [
            {
                "app:nmt:default_prediction_ratio": {
                    "ratio": "0"
                }
            }, 
            {
                "model:nmt:1:cache_hit_ratio": {
                    "ratio": "0"
                }
            }
        ], 
        "counters": [
            {
                "internal:aggregate_num_predictions": {
                    "count": "5000"
                }
            }, 
            {
                "app:nmt:num_predictions": {
                    "count": "751"
                }
            }, 
            {
                "model:nmt:1:num_predictions": {
                    "count": "751"
                }
            }
        ]
    }
}