{
    "client_metrics": [
        {
            "thrus": [
                12.788237277046674, 
                18.544611473699476, 
                18.51588514818633, 
                18.516797142191596, 
                15.90719867550301, 
                18.48361187520309, 
                18.45990490195391, 
                18.478126702297423, 
                15.79109767393973, 
                18.423460286941708, 
                18.36971700716162, 
                18.39558152848151, 
                15.684483403307043, 
                18.33089165856441, 
                18.342390805913293
            ], 
            "p99_lats": [
                3.4538439699999994, 
                6.1016355099999995, 
                8.55431027, 
                11.00673077, 
                13.662674540000001, 
                16.31757974, 
                18.778097250000002, 
                21.236226450000004, 
                23.915719879999997, 
                26.57961121, 
                29.053729949999997, 
                31.52412829, 
                34.22321616, 
                36.90306255, 
                39.3801908
            ], 
            "mean_lats": [
                2.19686674, 
                4.76164478, 
                7.313046119999999, 
                9.862457880000001, 
                12.41775808, 
                14.976571419999997, 
                17.533255920000002, 
                20.093448439999996, 
                22.657216319999996, 
                25.23309206, 
                27.802121839999998, 
                30.37085028, 
                32.95939704, 
                35.54881512, 
                38.1265062
            ]
        }
    ], 
    "node_configs": [
        {
            "model_image": "model-comp/nmt", 
            "name": "nmt", 
            "cpus_per_replica": 5, 
            "input_type": "strings", 
            "use_nvidia_docker": true, 
            "batch_size": 8, 
            "num_replicas": 1, 
            "slo": 500000, 
            "allocated_cpus": [
                6, 
                7, 
                8, 
                9, 
                10, 
                11, 
                12, 
                13, 
                14, 
                15
            ], 
            "gpus": [
                0
            ], 
            "input_size": 10
        }
    ], 
    "clipper_metrics": {
        "histograms": [
            {
                "internal:rpc_request_queueing_delay": {
                    "p99": "0", 
                    "min": "0", 
                    "max": "0", 
                    "p95": "0", 
                    "std_dev": "0", 
                    "size": "0", 
                    "p50": "0", 
                    "unit": "microseconds", 
                    "mean": "0"
                }
            }, 
            {
                "app:nmt:prediction_latency": {
                    "p99": "39757375.4999999999745", 
                    "min": "674101", 
                    "max": "39791265", 
                    "p95": "38114588.7999999998974", 
                    "std_dev": "11272340.8466187791073", 
                    "size": "761", 
                    "p50": "20401423", 
                    "unit": "microseconds", 
                    "mean": "20403834.5045992115556"
                }
            }, 
            {
                "model:nmt:1:prediction_latency": {
                    "p99": "673810", 
                    "min": "445725", 
                    "max": "673810", 
                    "p95": "458472.849999999984163", 
                    "std_dev": "23351.2794423269555679", 
                    "size": "96", 
                    "p50": "451818", 
                    "unit": "microseconds", 
                    "mean": "454922.677083333333343"
                }
            }, 
            {
                "model:nmt:1:batch_size": {
                    "p99": "8", 
                    "min": "1", 
                    "max": "8", 
                    "p95": "8", 
                    "std_dev": "0.71070375430898695098", 
                    "size": "96", 
                    "p50": "8", 
                    "unit": "queries", 
                    "mean": "7.92708333333333333868"
                }
            }
        ], 
        "meters": [
            {
                "internal:aggregate_model_throughput": {
                    "rate": "10.945215428519495", 
                    "rate_1min": "8.3586157820340841", 
                    "rate_15min": "0.7405815408037898", 
                    "unit": "events per second", 
                    "rate_5min": "2.1292907058967736"
                }
            }, 
            {
                "app:nmt:prediction_throughput": {
                    "rate": "0", 
                    "rate_1min": "0", 
                    "rate_15min": "0", 
                    "unit": "events per second", 
                    "rate_5min": "0"
                }
            }, 
            {
                "model:nmt:1:prediction_throughput": {
                    "rate": "15.394068117355637", 
                    "rate_1min": "8.3586157820340841", 
                    "rate_15min": "0.7405815408037898", 
                    "unit": "events per second", 
                    "rate_5min": "2.1292907058967736"
                }
            }
        ], 
        "ratio_counters": [
            {
                "app:nmt:default_prediction_ratio": {
                    "ratio": "0"
                }
            }, 
            {
                "model:nmt:1:cache_hit_ratio": {
                    "ratio": "0"
                }
            }
        ], 
        "counters": [
            {
                "internal:aggregate_num_predictions": {
                    "count": "5000"
                }
            }, 
            {
                "app:nmt:num_predictions": {
                    "count": "761"
                }
            }, 
            {
                "model:nmt:1:num_predictions": {
                    "count": "761"
                }
            }
        ]
    }
}