{
    "client_metrics": [
        {
            "thrus": [
                4.425781024216016, 
                4.826125322119735, 
                4.816654991094968, 
                4.921688552595379, 
                5.040905435336122, 
                4.841994111360441, 
                4.980935469490524, 
                4.809927536517691, 
                5.049415600836022, 
                4.755180936061172, 
                4.8850002549970135, 
                5.055995146244659, 
                4.85030691772114, 
                4.7722724100901495, 
                4.784259556414936
            ], 
            "p99_lats": [
                10.92542597, 
                21.04111117, 
                31.14421852, 
                41.045105019999994, 
                50.703134410000004, 
                60.77064003, 
                70.58420421, 
                80.71295515, 
                90.35099053, 
                100.59024965999998, 
                110.55606606, 
                120.22164212000001, 
                130.23269468, 
                140.46486955, 
                150.63829314999998
            ], 
            "mean_lats": [
                5.901416200000001, 
                16.19437916, 
                26.293362140000003, 
                36.292292360000005, 
                46.04362183999999, 
                55.9016967, 
                65.94360499999999, 
                75.83623568, 
                85.66498912000002, 
                95.55900406, 
                105.76507766, 
                115.61272220000001, 
                125.39925796, 
                135.59208358, 
                145.83537266000002
            ]
        }
    ], 
    "node_configs": [
        {
            "model_image": "model-comp/nmt", 
            "name": "nmt", 
            "cpus_per_replica": 3, 
            "input_type": "strings", 
            "use_nvidia_docker": true, 
            "batch_size": 1, 
            "num_replicas": 1, 
            "slo": 500000, 
            "allocated_cpus": [
                6, 
                7, 
                8, 
                9, 
                10, 
                11, 
                12, 
                13, 
                14, 
                15
            ], 
            "gpus": [
                0
            ], 
            "input_size": 10
        }
    ], 
    "clipper_metrics": {
        "histograms": [
            {
                "internal:rpc_request_queueing_delay": {
                    "p99": "0", 
                    "min": "0", 
                    "max": "0", 
                    "p95": "0", 
                    "std_dev": "0", 
                    "size": "0", 
                    "p50": "0", 
                    "unit": "microseconds", 
                    "mean": "0"
                }
            }, 
            {
                "app:nmt:prediction_latency": {
                    "p99": "149824225.900000004607", 
                    "min": "681538", 
                    "max": "151177532", 
                    "p95": "143935123.050000003859", 
                    "std_dev": "43217068.1096189966447", 
                    "size": "752", 
                    "p50": "75923327.5", 
                    "unit": "microseconds", 
                    "mean": "76054129.9734042553027"
                }
            }, 
            {
                "model:nmt:1:prediction_latency": {
                    "p99": "242679.200000000004366", 
                    "min": "131709", 
                    "max": "681258", 
                    "p95": "240247.700000000000045", 
                    "std_dev": "35951.8920495631439884", 
                    "size": "752", 
                    "p50": "207845", 
                    "unit": "microseconds", 
                    "mean": "206207.52659574468089"
                }
            }, 
            {
                "model:nmt:1:batch_size": {
                    "p99": "1", 
                    "min": "1", 
                    "max": "1", 
                    "p95": "1", 
                    "std_dev": "6.83047368665867793425e-18", 
                    "size": "752", 
                    "p50": "1", 
                    "unit": "queries", 
                    "mean": "1.00000000000000000683"
                }
            }
        ], 
        "meters": [
            {
                "internal:aggregate_model_throughput": {
                    "rate": "4.1615064954558703", 
                    "rate_1min": "4.4973989501486029", 
                    "rate_15min": "0.7651253980543492", 
                    "unit": "events per second", 
                    "rate_5min": "1.9542199809097582"
                }
            }, 
            {
                "app:nmt:prediction_throughput": {
                    "rate": "0", 
                    "rate_1min": "0", 
                    "rate_15min": "0", 
                    "unit": "events per second", 
                    "rate_5min": "0"
                }
            }, 
            {
                "model:nmt:1:prediction_throughput": {
                    "rate": "4.6875870935916533", 
                    "rate_1min": "4.490213921809536", 
                    "rate_15min": "0.76596685024150457", 
                    "unit": "events per second", 
                    "rate_5min": "1.9554858002510198"
                }
            }
        ], 
        "ratio_counters": [
            {
                "app:nmt:default_prediction_ratio": {
                    "ratio": "0"
                }
            }, 
            {
                "model:nmt:1:cache_hit_ratio": {
                    "ratio": "0"
                }
            }
        ], 
        "counters": [
            {
                "internal:aggregate_num_predictions": {
                    "count": "5000"
                }
            }, 
            {
                "app:nmt:num_predictions": {
                    "count": "752"
                }
            }, 
            {
                "model:nmt:1:num_predictions": {
                    "count": "752"
                }
            }
        ]
    }
}