{
    "client_metrics": [
        {
            "thrus": [
                4.230522884167438, 
                7.275504134232469, 
                4.844502139235255, 
                7.247198160719084, 
                4.818520542654074, 
                7.20735992532022, 
                4.79796581602891, 
                7.190893337622941, 
                4.786647627297064, 
                7.191161199945922, 
                4.790697768004328, 
                7.197657018687277, 
                4.799719235623593, 
                7.18278831532728, 
                4.796889159817188
            ], 
            "p99_lats": [
                11.60195903, 
                18.26728793, 
                28.27474292, 
                34.97101549, 
                45.02131926, 
                51.75134778, 
                61.863269849999995, 
                68.60889523, 
                78.74546358, 
                85.48987191, 
                95.61775195, 
                102.35754645, 
                112.46558145, 
                119.21945715000001, 
                129.33305976
            ], 
            "mean_lats": [
                7.3692755, 
                15.41531598, 
                24.034013879999996, 
                32.11246980000001, 
                40.764357659999995, 
                48.8773291, 
                57.571658019999994, 
                65.72520038, 
                74.4417442, 
                82.60755719999999, 
                91.32289700000001, 
                99.47769062000002, 
                108.178845, 
                116.33391128000001, 
                125.04626624000002
            ]
        }
    ], 
    "node_configs": [
        {
            "model_image": "model-comp/nmt", 
            "name": "nmt", 
            "cpus_per_replica": 4, 
            "input_type": "strings", 
            "use_nvidia_docker": true, 
            "batch_size": 20, 
            "num_replicas": 1, 
            "slo": 500000, 
            "allocated_cpus": [
                6, 
                7, 
                8, 
                9, 
                10, 
                11, 
                12, 
                13, 
                14, 
                15
            ], 
            "gpus": [
                0
            ], 
            "input_size": 80
        }
    ], 
    "clipper_metrics": {
        "histograms": [
            {
                "internal:rpc_request_queueing_delay": {
                    "p99": "0", 
                    "min": "0", 
                    "max": "0", 
                    "p95": "0", 
                    "std_dev": "0", 
                    "size": "0", 
                    "p50": "0", 
                    "unit": "microseconds", 
                    "mean": "0"
                }
            }, 
            {
                "app:nmt:prediction_latency": {
                    "p99": "129299938.559999999976", 
                    "min": "1521389", 
                    "max": "129333683", 
                    "p95": "125873458.699999999895", 
                    "std_dev": "36953482.0323177436258", 
                    "size": "761", 
                    "p50": "65234178", 
                    "unit": "microseconds", 
                    "mean": "66864193.1629434954302"
                }
            }, 
            {
                "model:nmt:1:prediction_latency": {
                    "p99": "3488790", 
                    "min": "1521089", 
                    "max": "3488790", 
                    "p95": "3482266", 
                    "std_dev": "307657.505222513562359", 
                    "size": "39", 
                    "p50": "3470727", 
                    "unit": "microseconds", 
                    "mean": "3414657.71794871794873"
                }
            }, 
            {
                "model:nmt:1:batch_size": {
                    "p99": "20", 
                    "min": "1", 
                    "max": "20", 
                    "p95": "20", 
                    "std_dev": "3.00317605272847570506", 
                    "size": "39", 
                    "p50": "20", 
                    "unit": "queries", 
                    "mean": "19.5128205128205128114"
                }
            }
        ], 
        "meters": [
            {
                "internal:aggregate_model_throughput": {
                    "rate": "4.1489060820308081", 
                    "rate_1min": "5.1604495753299933", 
                    "rate_15min": "0.76787689805885018", 
                    "unit": "events per second", 
                    "rate_5min": "2.0140938334431606"
                }
            }, 
            {
                "app:nmt:prediction_throughput": {
                    "rate": "0", 
                    "rate_1min": "0", 
                    "rate_15min": "0", 
                    "unit": "events per second", 
                    "rate_5min": "0"
                }
            }, 
            {
                "model:nmt:1:prediction_throughput": {
                    "rate": "4.6424615553701782", 
                    "rate_1min": "5.1963457376099562", 
                    "rate_15min": "0.76832970233075015", 
                    "unit": "events per second", 
                    "rate_5min": "2.0175363661712873"
                }
            }
        ], 
        "ratio_counters": [
            {
                "app:nmt:default_prediction_ratio": {
                    "ratio": "0"
                }
            }, 
            {
                "model:nmt:1:cache_hit_ratio": {
                    "ratio": "0"
                }
            }
        ], 
        "counters": [
            {
                "internal:aggregate_num_predictions": {
                    "count": "5000"
                }
            }, 
            {
                "app:nmt:num_predictions": {
                    "count": "761"
                }
            }, 
            {
                "model:nmt:1:num_predictions": {
                    "count": "761"
                }
            }
        ]
    }
}