{
    "client_metrics": [
        {
            "thrus": [
                3.6091071343241823, 
                4.573844816031729, 
                4.562343095318023, 
                4.047738051117751, 
                4.541620179399446, 
                4.541054263872852, 
                4.045995851883213, 
                4.543582176544883, 
                4.539469049173707, 
                4.0338960214893715, 
                4.539002147583476, 
                4.544538614353816, 
                4.03868608940811, 
                4.537437717995523, 
                4.54216973089007
            ], 
            "p99_lats": [
                12.943620439999997, 
                24.27977486, 
                34.9899413, 
                46.40737084999999, 
                57.82265726, 
                68.5658487, 
                79.98920099, 
                91.39925698, 
                102.165198, 
                113.62276108, 
                125.04585423, 
                135.79976841, 
                147.24104583000002, 
                158.66983464, 
                169.42810923000002
            ], 
            "mean_lats": [
                7.579156999999999, 
                18.71406192, 
                29.83417394, 
                41.01299229999999, 
                52.2173806, 
                63.39321576, 
                74.59667668, 
                85.79971862000001, 
                96.98938804000001, 
                108.21089110000001, 
                119.44176206, 
                130.62803644, 
                141.83576542, 
                153.057061, 
                164.25320022
            ]
        }
    ], 
    "node_configs": [
        {
            "model_image": "model-comp/nmt", 
            "name": "nmt", 
            "cpus_per_replica": 5, 
            "input_type": "strings", 
            "use_nvidia_docker": true, 
            "batch_size": 6, 
            "num_replicas": 1, 
            "slo": 500000, 
            "allocated_cpus": [
                6, 
                7, 
                8, 
                9, 
                10, 
                11, 
                12, 
                13, 
                14, 
                15
            ], 
            "gpus": [
                0
            ], 
            "input_size": 80
        }
    ], 
    "clipper_metrics": {
        "histograms": [
            {
                "internal:rpc_request_queueing_delay": {
                    "p99": "0", 
                    "min": "0", 
                    "max": "0", 
                    "p95": "0", 
                    "std_dev": "0", 
                    "size": "0", 
                    "p50": "0", 
                    "unit": "microseconds", 
                    "mean": "0"
                }
            }, 
            {
                "app:nmt:prediction_latency": {
                    "p99": "168076440.480000000083", 
                    "min": "1549645", 
                    "max": "169429345", 
                    "p95": "161354619.599999999904", 
                    "std_dev": "48546320.8194741735351", 
                    "size": "751", 
                    "p50": "86013520", 
                    "unit": "microseconds", 
                    "mean": "85946837.2330226365084"
                }
            }, 
            {
                "model:nmt:1:prediction_latency": {
                    "p99": "1504517.220000000656", 
                    "min": "1360685", 
                    "max": "1549341", 
                    "p95": "1381014.3999999999985", 
                    "std_dev": "16266.0517268961422825", 
                    "size": "126", 
                    "p50": "1374360", 
                    "unit": "microseconds", 
                    "mean": "1375411.58730158730157"
                }
            }, 
            {
                "model:nmt:1:batch_size": {
                    "p99": "6", 
                    "min": "1", 
                    "max": "6", 
                    "p95": "6", 
                    "std_dev": "0.443664281249958273505", 
                    "size": "126", 
                    "p50": "6", 
                    "unit": "queries", 
                    "mean": "5.96031746031746031359"
                }
            }
        ], 
        "meters": [
            {
                "internal:aggregate_model_throughput": {
                    "rate": "3.367239778947658", 
                    "rate_1min": "4.1108495820377584", 
                    "rate_15min": "0.74851344360907812", 
                    "unit": "events per second", 
                    "rate_5min": "1.8826095982994357"
                }
            }, 
            {
                "app:nmt:prediction_throughput": {
                    "rate": "0", 
                    "rate_1min": "0", 
                    "rate_15min": "0", 
                    "unit": "events per second", 
                    "rate_5min": "0"
                }
            }, 
            {
                "model:nmt:1:prediction_throughput": {
                    "rate": "3.6986620171415208", 
                    "rate_1min": "4.1115935000414989", 
                    "rate_15min": "0.74854496952306493", 
                    "unit": "events per second", 
                    "rate_5min": "1.882815177796278"
                }
            }
        ], 
        "ratio_counters": [
            {
                "app:nmt:default_prediction_ratio": {
                    "ratio": "0"
                }
            }, 
            {
                "model:nmt:1:cache_hit_ratio": {
                    "ratio": "0"
                }
            }
        ], 
        "counters": [
            {
                "internal:aggregate_num_predictions": {
                    "count": "5000"
                }
            }, 
            {
                "app:nmt:num_predictions": {
                    "count": "751"
                }
            }, 
            {
                "model:nmt:1:num_predictions": {
                    "count": "751"
                }
            }
        ]
    }
}