{
    "client_metrics": [
        {
            "thrus": [
                8.660774106918295, 
                10.689420594921842, 
                10.573668013892954, 
                9.623772102917389, 
                10.600078949388015, 
                11.239579504851564, 
                9.438717240572139, 
                10.782094305372201, 
                10.843481928795192, 
                9.370455329165356, 
                10.910739025815028, 
                10.79200122769806, 
                9.707578609544685, 
                10.658671810115335, 
                10.855792520619492
            ], 
            "p99_lats": [
                5.293665289999999, 
                9.94510147, 
                14.42429287, 
                19.07042309, 
                23.79448419, 
                27.99534526, 
                32.75780517, 
                37.40363649, 
                41.765680689999996, 
                46.586360709999994, 
                51.15489618, 
                55.54213221, 
                60.136587809999995, 
                64.85641155, 
                69.21421028
            ], 
            "mean_lats": [
                3.2338300799999997, 
                7.672433719999999, 
                12.26963952, 
                16.899178539999998, 
                21.461696319999998, 
                26.041659799999998, 
                30.50808588, 
                35.06827876, 
                39.643920040000005, 
                44.324887159999996, 
                48.9003277, 
                53.41541451999999, 
                57.96870902, 
                62.57777621999999, 
                67.13632340000001
            ]
        }
    ], 
    "node_configs": [
        {
            "model_image": "model-comp/nmt", 
            "name": "nmt", 
            "cpus_per_replica": 3, 
            "input_type": "strings", 
            "use_nvidia_docker": true, 
            "batch_size": 6, 
            "num_replicas": 1, 
            "slo": 500000, 
            "allocated_cpus": [
                6, 
                7, 
                8, 
                9, 
                10, 
                11, 
                12, 
                13, 
                14, 
                15
            ], 
            "gpus": [
                0
            ], 
            "input_size": 20
        }
    ], 
    "clipper_metrics": {
        "histograms": [
            {
                "internal:rpc_request_queueing_delay": {
                    "p99": "0", 
                    "min": "0", 
                    "max": "0", 
                    "p95": "0", 
                    "std_dev": "0", 
                    "size": "0", 
                    "p50": "0", 
                    "unit": "microseconds", 
                    "mean": "0"
                }
            }, 
            {
                "app:nmt:prediction_latency": {
                    "p99": "69211178.1399999997666", 
                    "min": "790850", 
                    "max": "69786169", 
                    "p95": "66502513.0000000001273", 
                    "std_dev": "19969529.2981782060888", 
                    "size": "757", 
                    "p50": "35124611", 
                    "unit": "microseconds", 
                    "mean": "35459028.8982826948304"
                }
            }, 
            {
                "model:nmt:1:prediction_latency": {
                    "p99": "748118.319999999832362", 
                    "min": "420739", 
                    "max": "790561", 
                    "p95": "604673.599999999998602", 
                    "std_dev": "39553.9682284301435864", 
                    "size": "127", 
                    "p50": "598200", 
                    "unit": "microseconds", 
                    "mean": "580127.82677165354346"
                }
            }, 
            {
                "model:nmt:1:batch_size": {
                    "p99": "6", 
                    "min": "1", 
                    "max": "6", 
                    "p95": "6", 
                    "std_dev": "0.441928037807945832481", 
                    "size": "127", 
                    "p50": "6", 
                    "unit": "queries", 
                    "mean": "5.96062992125984252804"
                }
            }
        ], 
        "meters": [
            {
                "internal:aggregate_model_throughput": {
                    "rate": "7.6015194724469168", 
                    "rate_1min": "7.0382572931563105", 
                    "rate_15min": "0.75848146370115943", 
                    "unit": "events per second", 
                    "rate_5min": "2.1124234578103627"
                }
            }, 
            {
                "app:nmt:prediction_throughput": {
                    "rate": "0", 
                    "rate_1min": "0", 
                    "rate_15min": "0", 
                    "unit": "events per second", 
                    "rate_5min": "0"
                }
            }, 
            {
                "model:nmt:1:prediction_throughput": {
                    "rate": "9.4713713599843299", 
                    "rate_1min": "6.9809843144806738", 
                    "rate_15min": "0.75211795580284679", 
                    "unit": "events per second", 
                    "rate_5min": "2.0949579898489024"
                }
            }
        ], 
        "ratio_counters": [
            {
                "app:nmt:default_prediction_ratio": {
                    "ratio": "0"
                }
            }, 
            {
                "model:nmt:1:cache_hit_ratio": {
                    "ratio": "0"
                }
            }
        ], 
        "counters": [
            {
                "internal:aggregate_num_predictions": {
                    "count": "5000"
                }
            }, 
            {
                "app:nmt:num_predictions": {
                    "count": "757"
                }
            }, 
            {
                "model:nmt:1:num_predictions": {
                    "count": "757"
                }
            }
        ]
    }
}