{
    "client_metrics": [
        {
            "thrus": [
                3.4843873314645406, 
                4.393798978775666, 
                4.394479022646772, 
                3.905737066874264, 
                4.3906154984336485, 
                4.387964900493242, 
                3.9041189000972674, 
                4.381304203852621, 
                4.387906368396683, 
                3.8970699645647224, 
                4.387753884215249, 
                4.390425044951367, 
                3.901260044574237, 
                4.3867083439053, 
                4.391328110638985
            ], 
            "p99_lats": [
                13.414450019999997, 
                25.22515009, 
                36.35393964, 
                48.19849798, 
                60.01755787, 
                71.16421689, 
                83.01288996, 
                94.85686533999998, 
                106.00417189999999, 
                117.87508465, 
                129.70366436999998, 
                140.84447382000002, 
                152.70046954999998, 
                164.53178966, 
                175.67000839000002
            ], 
            "mean_lats": [
                7.828571779999999, 
                19.42646162, 
                31.00099946, 
                42.608282, 
                54.21734621999999, 
                65.79961813999999, 
                77.41807686, 
                89.04404733999999, 
                100.64208128, 
                112.26926096000001, 
                123.89614590000001, 
                135.48606377999997, 
                147.10333112, 
                158.72832686, 
                170.31246802
            ]
        }
    ], 
    "node_configs": [
        {
            "model_image": "model-comp/nmt", 
            "name": "nmt", 
            "cpus_per_replica": 2, 
            "input_type": "strings", 
            "use_nvidia_docker": true, 
            "batch_size": 6, 
            "num_replicas": 1, 
            "slo": 500000, 
            "allocated_cpus": [
                6, 
                7, 
                8, 
                9, 
                10, 
                11, 
                12, 
                13, 
                14, 
                15
            ], 
            "gpus": [
                0
            ], 
            "input_size": 80
        }
    ], 
    "clipper_metrics": {
        "histograms": [
            {
                "internal:rpc_request_queueing_delay": {
                    "p99": "0", 
                    "min": "0", 
                    "max": "0", 
                    "p95": "0", 
                    "std_dev": "0", 
                    "size": "0", 
                    "p50": "0", 
                    "unit": "microseconds", 
                    "mean": "0"
                }
            }, 
            {
                "app:nmt:prediction_latency": {
                    "p99": "174272786.32000000008", 
                    "min": "1559169", 
                    "max": "175670891", 
                    "p95": "167312230.799999999872", 
                    "std_dev": "50334369.6920398852599", 
                    "size": "751", 
                    "p50": "89260228", 
                    "unit": "microseconds", 
                    "mean": "89165473.0505992011167"
                }
            }, 
            {
                "model:nmt:1:prediction_latency": {
                    "p99": "1524147.93000000051688", 
                    "min": "1416152", 
                    "max": "1558881", 
                    "p95": "1429074.79999999999768", 
                    "std_dev": "12366.2954869392792041", 
                    "size": "126", 
                    "p50": "1423557.5", 
                    "unit": "microseconds", 
                    "mean": "1424669.42857142857088"
                }
            }, 
            {
                "model:nmt:1:batch_size": {
                    "p99": "6", 
                    "min": "1", 
                    "max": "6", 
                    "p95": "6", 
                    "std_dev": "0.443664281249958273505", 
                    "size": "126", 
                    "p50": "6", 
                    "unit": "queries", 
                    "mean": "5.96031746031746031359"
                }
            }
        ], 
        "meters": [
            {
                "internal:aggregate_model_throughput": {
                    "rate": "3.2708231555638769", 
                    "rate_1min": "4.0085664415807791", 
                    "rate_15min": "0.74098296774220163", 
                    "unit": "events per second", 
                    "rate_5min": "1.8571354347149336"
                }
            }, 
            {
                "app:nmt:prediction_throughput": {
                    "rate": "0", 
                    "rate_1min": "0", 
                    "rate_15min": "0", 
                    "unit": "events per second", 
                    "rate_5min": "0"
                }
            }, 
            {
                "model:nmt:1:prediction_throughput": {
                    "rate": "3.5782107851170504", 
                    "rate_1min": "3.9416818721943061", 
                    "rate_15min": "0.73454857051109512", 
                    "unit": "events per second", 
                    "rate_5min": "1.839083869333128"
                }
            }
        ], 
        "ratio_counters": [
            {
                "app:nmt:default_prediction_ratio": {
                    "ratio": "0"
                }
            }, 
            {
                "model:nmt:1:cache_hit_ratio": {
                    "ratio": "0"
                }
            }
        ], 
        "counters": [
            {
                "internal:aggregate_num_predictions": {
                    "count": "5000"
                }
            }, 
            {
                "app:nmt:num_predictions": {
                    "count": "751"
                }
            }, 
            {
                "model:nmt:1:num_predictions": {
                    "count": "751"
                }
            }
        ]
    }
}