{
    "client_metrics": [
        {
            "thrus": [
                31.22148892658086, 
                67.18804590287296, 
                61.10238229634239, 
                66.86159049014226, 
                60.4524746825036, 
                66.35461418706772, 
                66.48612580823858, 
                60.73607261118952, 
                66.47857661390042, 
                60.693304472453185, 
                66.53406870334548, 
                66.32994051265615, 
                60.52519894027639, 
                66.3345076752342, 
                60.37279476292569, 
                66.40742094960221, 
                60.42063882016377, 
                66.23967687755702, 
                66.65703250356881, 
                60.480605502791605, 
                66.68311516840821, 
                60.5633505971183, 
                66.76096876040637, 
                66.54651914456845, 
                60.64444670311317
            ], 
            "p99_lats": [
                13.496087430000001, 
                18.452172830000002, 
                23.9118678, 
                28.90483088, 
                33.91781084, 
                39.46810083999999, 
                44.504649279999995, 
                50.01049905, 
                55.04564754, 
                60.5550814, 
                65.54422144, 
                70.60036181000001, 
                76.13625482, 
                81.19026182, 
                86.74587063, 
                91.79006014, 
                96.85028528, 
                102.33764811, 
                107.35961766999999, 
                112.90020548999999, 
                117.91515792000001, 
                123.43937192000001, 
                128.43672949, 
                133.37760100000003, 
                138.88886212
            ], 
            "mean_lats": [
                10.780570892, 
                15.927278784, 
                21.094356162, 
                26.282720809999997, 
                31.489398328, 
                36.739799055999995, 
                41.98262175199999, 
                47.21830035999999, 
                52.446098291999995, 
                57.672977052, 
                62.902155994, 
                68.10565097799999, 
                73.38008268399999, 
                78.62061158, 
                83.887016126, 
                89.147644314, 
                94.39409174400001, 
                99.62220008999999, 
                104.84207702, 
                110.102893932, 
                115.32234763199999, 
                120.542766456, 
                125.774393108, 
                130.912968102, 
                136.14803184200002
            ]
        }
    ], 
    "node_configs": [
        {
            "model_image": "model-comp/vgg-feats", 
            "name": "vgg", 
            "cpus_per_replica": 1, 
            "input_type": "floats", 
            "use_nvidia_docker": true, 
            "batch_size": 48, 
            "num_replicas": 1, 
            "slo": 500000, 
            "allocated_cpus": [
                17
            ], 
            "gpus": [
                0
            ], 
            "input_size": -1
        }
    ], 
    "clipper_metrics": {
        "histograms": [
            {
                "internal:rpc_request_queueing_delay": {
                    "p99": "0", 
                    "min": "0", 
                    "max": "0", 
                    "p95": "0", 
                    "std_dev": "0", 
                    "size": "0", 
                    "p50": "0", 
                    "unit": "microseconds", 
                    "mean": "0"
                }
            }, 
            {
                "app:vgg:prediction_latency": {
                    "p99": "140891991.279999997379", 
                    "min": "8340834", 
                    "max": "141916986", 
                    "p95": "135746044.099999998332", 
                    "std_dev": "38645745.1304416199673", 
                    "size": "4096", 
                    "p50": "75001951", 
                    "unit": "microseconds", 
                    "mean": "75178549.579345703125"
                }
            }, 
            {
                "model:vgg:1:prediction_latency": {
                    "p99": "1700349.21000000683125", 
                    "min": "729672", 
                    "max": "4805165", 
                    "p95": "757829.249999999990905", 
                    "std_dev": "308445.05056614063497", 
                    "size": "268", 
                    "p50": "747819", 
                    "unit": "microseconds", 
                    "mean": "773866.253731343283789"
                }
            }, 
            {
                "model:vgg:1:batch_size": {
                    "p99": "48", 
                    "min": "1", 
                    "max": "48", 
                    "p95": "48", 
                    "std_dev": "2.86562062687800380052", 
                    "size": "268", 
                    "p50": "48", 
                    "unit": "queries", 
                    "mean": "47.8246268656716418018"
                }
            }
        ], 
        "meters": [
            {
                "internal:aggregate_model_throughput": {
                    "rate": "53.527263984743179", 
                    "rate_1min": "61.738022594857156", 
                    "rate_15min": "12.512443236897589", 
                    "unit": "events per second", 
                    "rate_5min": "30.685442656927425"
                }
            }, 
            {
                "app:vgg:prediction_throughput": {
                    "rate": "0", 
                    "rate_1min": "0", 
                    "rate_15min": "0", 
                    "unit": "events per second", 
                    "rate_5min": "0"
                }
            }, 
            {
                "model:vgg:1:prediction_throughput": {
                    "rate": "57.762904669831819", 
                    "rate_1min": "61.572179990957338", 
                    "rate_15min": "12.637206254027738", 
                    "unit": "events per second", 
                    "rate_5min": "30.906903917744891"
                }
            }
        ], 
        "ratio_counters": [
            {
                "app:vgg:default_prediction_ratio": {
                    "ratio": "0"
                }
            }, 
            {
                "model:vgg:1:cache_hit_ratio": {
                    "ratio": "0"
                }
            }
        ], 
        "counters": [
            {
                "internal:aggregate_num_predictions": {
                    "count": "40000"
                }
            }, 
            {
                "app:vgg:num_predictions": {
                    "count": "12817"
                }
            }, 
            {
                "model:vgg:1:num_predictions": {
                    "count": "12817"
                }
            }
        ]
    }
}