{
    "client_metrics": [
        {
            "thrus": [
                30.924603589876423, 
                68.15571454314816, 
                67.63168057286738, 
                67.52809101057949, 
                67.07425455350347, 
                76.53033501766397, 
                67.38739734372358, 
                67.24957703378524, 
                67.40137763023766, 
                67.77728330484203, 
                77.54555297191006, 
                67.91945459047898, 
                67.82578215335464, 
                67.9400996599734, 
                67.72740424157769, 
                76.03412107217235, 
                68.98028377936905, 
                67.72398251150055, 
                67.91163175488138, 
                67.76705913733076, 
                67.93438570943131, 
                77.39663717803192, 
                67.8815103798975, 
                67.92146594084882, 
                67.73522139392583, 
                67.80384564427418, 
                77.18515019458377
            ], 
            "p99_lats": [
                13.81102119, 
                18.50028435, 
                23.245633429999998, 
                27.99959601, 
                32.17356481, 
                36.97541848000001, 
                41.74750993, 
                46.53561582, 
                51.309213889999995, 
                56.04089482, 
                60.12815403, 
                64.8435764, 
                69.57047725999999, 
                74.28398645000001, 
                79.02080681, 
                83.27440361000001, 
                87.81986343, 
                92.55700185999999, 
                97.27256855, 
                102.00433265, 
                106.13761186, 
                110.84848202, 
                115.48879628, 
                120.20308551000001, 
                124.93619468, 
                129.66531388, 
                133.81833175000003
            ], 
            "mean_lats": [
                11.552947198, 
                16.150229566, 
                20.752968172, 
                25.380537848, 
                30.016093836, 
                34.719300131999994, 
                39.382020736, 
                44.060533974, 
                48.71910332200001, 
                53.356975716, 
                57.943570096, 
                62.555055238, 
                67.158252844, 
                71.765457286, 
                76.375421786, 
                81.00732637600001, 
                85.569016916, 
                90.178842526, 
                94.787390334, 
                99.399312994, 
                104.00373923599999, 
                108.622484432, 
                113.16248845400001, 
                117.76448442399999, 
                122.375714856, 
                126.98464217, 
                131.610453716
            ]
        }
    ], 
    "node_configs": [
        {
            "model_image": "model-comp/vgg-feats", 
            "name": "vgg", 
            "cpus_per_replica": 1, 
            "input_type": "floats", 
            "use_nvidia_docker": true, 
            "batch_size": 64, 
            "num_replicas": 1, 
            "slo": 500000, 
            "allocated_cpus": [
                17
            ], 
            "gpus": [
                0
            ], 
            "input_size": -1
        }
    ], 
    "clipper_metrics": {
        "histograms": [
            {
                "internal:rpc_request_queueing_delay": {
                    "p99": "0", 
                    "min": "0", 
                    "max": "0", 
                    "p95": "0", 
                    "std_dev": "0", 
                    "size": "0", 
                    "p50": "0", 
                    "unit": "microseconds", 
                    "mean": "0"
                }
            }, 
            {
                "app:vgg:prediction_latency": {
                    "p99": "135927332.899999997375", 
                    "min": "9402582", 
                    "max": "136773490", 
                    "p95": "130294156.249999894426", 
                    "std_dev": "36712911.1345350561242", 
                    "size": "4096", 
                    "p50": "73617582", 
                    "unit": "microseconds", 
                    "mean": "73729404.734375"
                }
            }, 
            {
                "model:vgg:1:prediction_latency": {
                    "p99": "3315619.75999998021871", 
                    "min": "904090", 
                    "max": "5864934", 
                    "p95": "930211.399999999995657", 
                    "std_dev": "388202.594933511353105", 
                    "size": "217", 
                    "p50": "919464", 
                    "unit": "microseconds", 
                    "mean": "955335.566820276497822"
                }
            }, 
            {
                "model:vgg:1:batch_size": {
                    "p99": "64", 
                    "min": "1", 
                    "max": "64", 
                    "p95": "64", 
                    "std_dev": "4.26685310033198765588", 
                    "size": "217", 
                    "p50": "64", 
                    "unit": "queries", 
                    "mean": "63.7096774193548386657"
                }
            }
        ], 
        "meters": [
            {
                "internal:aggregate_model_throughput": {
                    "rate": "57.708198920015583", 
                    "rate_1min": "66.896978221790988", 
                    "rate_15min": "13.496765779398789", 
                    "unit": "events per second", 
                    "rate_5min": "33.140774101231685"
                }
            }, 
            {
                "app:vgg:prediction_throughput": {
                    "rate": "0", 
                    "rate_1min": "0", 
                    "rate_15min": "0", 
                    "unit": "events per second", 
                    "rate_5min": "0"
                }
            }, 
            {
                "model:vgg:1:prediction_throughput": {
                    "rate": "62.272854975588054", 
                    "rate_1min": "67.29391839376386", 
                    "rate_15min": "13.671960343603134", 
                    "unit": "events per second", 
                    "rate_5min": "33.50068465738525"
                }
            }
        ], 
        "ratio_counters": [
            {
                "app:vgg:default_prediction_ratio": {
                    "ratio": "0"
                }
            }, 
            {
                "model:vgg:1:cache_hit_ratio": {
                    "ratio": "0"
                }
            }
        ], 
        "counters": [
            {
                "internal:aggregate_num_predictions": {
                    "count": "40000"
                }
            }, 
            {
                "app:vgg:num_predictions": {
                    "count": "13825"
                }
            }, 
            {
                "model:vgg:1:num_predictions": {
                    "count": "13825"
                }
            }
        ]
    }
}