{
    "client_metrics": [
        {
            "thrus": [
                33.95874243713337, 
                61.66621876436437, 
                65.49941469723026, 
                61.26775983871384, 
                61.15771804897584, 
                64.34451598124744, 
                60.3755722849558, 
                64.37512673853077, 
                60.349862637677646, 
                59.95876036462121, 
                64.35915083506642, 
                60.24456401250002, 
                60.329218961039146, 
                64.51943409230125, 
                60.50974376301867, 
                64.23893182476338, 
                60.23343104802074, 
                60.56506723206983, 
                63.98957328297098, 
                60.34694909360693, 
                60.36221919042916, 
                64.13180985226211, 
                60.083833771584814, 
                64.40922633827236
            ], 
            "p99_lats": [
                12.20515086, 
                17.66753722, 
                22.817039169999997, 
                28.33341478, 
                33.49529954, 
                39.11394386, 
                44.75170231, 
                50.03382457, 
                55.67178909, 
                61.365009560000004, 
                66.64943805, 
                72.26090781, 
                77.57003581, 
                83.1684118, 
                88.78513435, 
                94.08483185000001, 
                99.73957882, 
                105.28580426, 
                110.61402598999999, 
                116.25457890999999, 
                121.55304584999999, 
                127.20310715999999, 
                132.87995044000002, 
                138.15794969
            ], 
            "mean_lats": [
                9.538496278, 
                14.836032805999999, 
                20.20553925, 
                25.561232502, 
                30.956080092000004, 
                36.37841331999999, 
                41.889385464, 
                47.391546994, 
                52.90004523, 
                58.433095386, 
                63.972172164, 
                69.43944666, 
                74.95408012199998, 
                80.459938092, 
                85.943487968, 
                91.43520671200001, 
                96.972734226, 
                102.43640560200001, 
                107.90840954600002, 
                113.44393547, 
                118.940417774, 
                124.461921668, 
                130.001274564, 
                135.52087701
            ]
        }
    ], 
    "node_configs": [
        {
            "model_image": "model-comp/vgg-feats", 
            "name": "vgg", 
            "cpus_per_replica": 1, 
            "input_type": "floats", 
            "use_nvidia_docker": true, 
            "batch_size": 32, 
            "num_replicas": 1, 
            "slo": 500000, 
            "allocated_cpus": [
                17
            ], 
            "gpus": [
                0
            ], 
            "input_size": -1
        }
    ], 
    "clipper_metrics": {
        "histograms": [
            {
                "internal:rpc_request_queueing_delay": {
                    "p99": "0", 
                    "min": "0", 
                    "max": "0", 
                    "p95": "0", 
                    "std_dev": "0", 
                    "size": "0", 
                    "p50": "0", 
                    "unit": "microseconds", 
                    "mean": "0"
                }
            }, 
            {
                "app:vgg:prediction_latency": {
                    "p99": "142285821.019999997414", 
                    "min": "7001738", 
                    "max": "143400408", 
                    "p95": "136982255.94999999454", 
                    "std_dev": "39630323.0353298588634", 
                    "size": "4096", 
                    "p50": "75037765.5", 
                    "unit": "microseconds", 
                    "mean": "75028417.427734375"
                }
            }, 
            {
                "model:vgg:1:prediction_latency": {
                    "p99": "525952.239999999958172", 
                    "min": "497804", 
                    "max": "3822680", 
                    "p95": "522919.999999999998067", 
                    "std_dev": "219264.281416056876196", 
                    "size": "391", 
                    "p50": "515660", 
                    "unit": "microseconds", 
                    "mean": "530709.864450127877376"
                }
            }, 
            {
                "model:vgg:1:batch_size": {
                    "p99": "32", 
                    "min": "1", 
                    "max": "32", 
                    "p95": "32", 
                    "std_dev": "1.56573132327896795499", 
                    "size": "391", 
                    "p50": "32", 
                    "unit": "queries", 
                    "mean": "31.9207161125319692514"
                }
            }
        ], 
        "meters": [
            {
                "internal:aggregate_model_throughput": {
                    "rate": "52.067147956620794", 
                    "rate_1min": "59.438823243935921", 
                    "rate_15min": "12.164870580518004", 
                    "unit": "events per second", 
                    "rate_5min": "29.777853001328758"
                }
            }, 
            {
                "app:vgg:prediction_throughput": {
                    "rate": "0", 
                    "rate_1min": "0", 
                    "rate_15min": "0", 
                    "unit": "events per second", 
                    "rate_5min": "0"
                }
            }, 
            {
                "model:vgg:1:prediction_throughput": {
                    "rate": "56.231074837284673", 
                    "rate_1min": "59.349841722997837", 
                    "rate_15min": "12.304976766256395", 
                    "unit": "events per second", 
                    "rate_5min": "30.03483204767069"
                }
            }
        ], 
        "ratio_counters": [
            {
                "app:vgg:default_prediction_ratio": {
                    "ratio": "0"
                }
            }, 
            {
                "model:vgg:1:cache_hit_ratio": {
                    "ratio": "0"
                }
            }
        ], 
        "counters": [
            {
                "internal:aggregate_num_predictions": {
                    "count": "40000"
                }
            }, 
            {
                "app:vgg:num_predictions": {
                    "count": "12481"
                }
            }, 
            {
                "model:vgg:1:num_predictions": {
                    "count": "12481"
                }
            }
        ]
    }
}