{
    "client_metrics": [
        {
            "thrus": [
                79.30247513046113, 
                79.0495904791191, 
                78.7507909686378, 
                78.67864320554557, 
                78.64936284830094, 
                78.81428210415618, 
                78.79590221233393, 
                78.89905917109681, 
                78.64854687301167, 
                79.12822456787954, 
                79.1707456932185, 
                78.88062841978144, 
                78.91928948464265
            ], 
            "p99_lats": [
                6.8948599999999995, 
                6.9482039999999996, 
                6.8955859999999998, 
                6.9196429999999998, 
                6.9083519999999998, 
                6.8868034000000273, 
                6.9036619999999997, 
                6.9062419999999998, 
                6.8951541900000208, 
                6.9125199999999998, 
                6.8819499999999998, 
                6.9024999999999999, 
                6.9060870000000003
            ], 
            "mean_lats": [
                2.4996711291992186, 
                2.501818359882813, 
                2.5113970494531253, 
                2.514351649355469, 
                2.5148212226757809, 
                2.5105033038671878, 
                2.5126929811914063, 
                2.508261321308594, 
                2.5125920185742188, 
                2.5059507138671875, 
                2.5022939825195314, 
                2.5096637020117192, 
                2.5060001875390623
            ]
        }
    ], 
    "node_configs": [
        {
            "batch_size": 512, 
            "input_type": "bytes", 
            "model_name": "tf-nmt", 
            "gpus": [
                0
            ], 
            "allocated_cpus": [
                0, 
                16, 
                1, 
                17, 
                2, 
                18, 
                3, 
                19
            ]
        }
    ]
}