{
    "client_metrics": [
        {
            "thrus": [
                18.15717559323351, 
                233.3096135226252, 
                242.6380580220388, 
                232.2562064664773, 
                233.22717609701317, 
                232.31097146640494, 
                230.39669703295135, 
                238.33697988912564, 
                225.72548169817793, 
                238.5903129947021, 
                231.321912199455, 
                234.95605734337536, 
                231.01010322686463, 
                229.0588658379317, 
                230.87356786239934, 
                228.76594498636555, 
                236.48908307270264, 
                228.23885195857463, 
                240.3687256251089, 
                233.60474311070413, 
                234.5023274355998
            ], 
            "p99_lats": [
                4.468877259999998, 
                0.27824033, 
                0.23235306, 
                0.23249395, 
                0.22512889, 
                0.23820189, 
                0.23147761000000003, 
                0.22893988, 
                0.22977725999999998, 
                0.22224211, 
                0.23098707, 
                0.22409529, 
                0.22472559, 
                0.23237407, 
                0.22627871000000002, 
                0.23261947, 
                0.22291377, 
                0.23794882, 
                0.22087295, 
                0.22370401, 
                0.24247678000000003
            ], 
            "mean_lats": [
                1.3829942499999999, 
                0.2141595, 
                0.2058815, 
                0.2151325, 
                0.21422575000000002, 
                0.21508725, 
                0.21687725, 
                0.20963325, 
                0.22136125, 
                0.20942475, 
                0.21601975, 
                0.2126705, 
                0.216298, 
                0.21807224999999997, 
                0.21639925, 
                0.21841549999999998, 
                0.211257, 
                0.218873, 
                0.20780949999999998, 
                0.21388700000000002, 
                0.2130695
            ]
        }
    ], 
    "node_configs": [
        {
            "batch_size": 50, 
            "input_type": "floats", 
            "model_name": "tf_resnet_feats", 
            "gpus": [
                0
            ], 
            "allocated_cpus": [
                0, 
                16, 
                1, 
                17, 
                2, 
                18, 
                3, 
                19
            ]
        }, 
        {
            "batch_size": 50, 
            "input_type": "floats", 
            "model_name": "inception_feats", 
            "gpus": [
                1
            ], 
            "allocated_cpus": [
                0, 
                16, 
                1, 
                17, 
                2, 
                18, 
                3, 
                19
            ]
        }, 
        {
            "batch_size": 50, 
            "input_type": "floats", 
            "model_name": "kernel_svm", 
            "gpus": [], 
            "allocated_cpus": [
                0, 
                16, 
                1, 
                17, 
                2, 
                18, 
                3, 
                19
            ]
        }, 
        {
            "batch_size": 50, 
            "input_type": "floats", 
            "model_name": "tf_log_reg", 
            "gpus": [], 
            "allocated_cpus": [
                0, 
                16, 
                1, 
                17, 
                2, 
                18, 
                3, 
                19
            ]
        }
    ]
}