{
    "client_metrics": [
        {
            "thrus": [
                1.028985534685991, 
                1.0411218779539881, 
                1.0104494824871826, 
                1.0487312040887764, 
                1.0272554919800827, 
                1.0695617278299105, 
                1.0483327305769576, 
                1.0504233899540951, 
                1.0515884474848718, 
                1.0753103264953991, 
                1.100816980128338, 
                1.0598169594368625, 
                1.0447792381469796, 
                1.0374621782788287, 
                1.0377075959988487
            ], 
            "p99_lats": [
                47.836898070000004, 
                95.60681220999999, 
                144.8325279, 
                192.25127929, 
                240.66846918, 
                287.14439642, 
                334.58022883, 
                381.92471762, 
                429.21430347, 
                475.62353321, 
                520.6124402199999, 
                567.53487036, 
                615.13298519, 
                663.06972208, 
                710.99588527
            ], 
            "mean_lats": [
                24.6435009, 
                72.81323598, 
                121.36009954, 
                169.64057186000002, 
                217.50452701999998, 
                264.5772313, 
                312.03706803999995, 
                358.96899894, 
                406.41378041999997, 
                453.22314536, 
                499.2898473800001, 
                544.9447514799999, 
                592.04296734, 
                639.85891802, 
                688.22908326
            ]
        }
    ], 
    "node_configs": [
        {
            "model_image": "model-comp/nmt", 
            "name": "nmt", 
            "cpus_per_replica": 4, 
            "input_type": "strings", 
            "use_nvidia_docker": true, 
            "batch_size": 1, 
            "num_replicas": 1, 
            "slo": 500000, 
            "allocated_cpus": [
                6, 
                7, 
                8, 
                9, 
                10, 
                11, 
                12, 
                13, 
                14, 
                15
            ], 
            "gpus": [
                0
            ], 
            "input_size": 80
        }
    ], 
    "clipper_metrics": {
        "histograms": [
            {
                "internal:rpc_request_queueing_delay": {
                    "p99": "0", 
                    "min": "0", 
                    "max": "0", 
                    "p95": "0", 
                    "std_dev": "0", 
                    "size": "0", 
                    "p50": "0", 
                    "unit": "microseconds", 
                    "mean": "0"
                }
            }, 
            {
                "app:nmt:prediction_latency": {
                    "p99": "705152065.390000005893", 
                    "min": "1547212", 
                    "max": "711483522", 
                    "p95": "676678422.349999931641", 
                    "std_dev": "204435395.461050033307", 
                    "size": "750", 
                    "p50": "358733601", 
                    "unit": "microseconds", 
                    "mean": "357701621.873333333497"
                }
            }, 
            {
                "model:nmt:1:prediction_latency": {
                    "p99": "1025350.11000000000126", 
                    "min": "651440", 
                    "max": "1546902", 
                    "p95": "1021224.64999999999748", 
                    "std_dev": "132641.681731204411847", 
                    "size": "750", 
                    "p50": "1008487", 
                    "unit": "microseconds", 
                    "mean": "953796.730666666666821"
                }
            }, 
            {
                "model:nmt:1:batch_size": {
                    "p99": "1", 
                    "min": "1", 
                    "max": "1", 
                    "p95": "1", 
                    "std_dev": "5.20417042793042128324e-18", 
                    "size": "750", 
                    "p50": "1", 
                    "unit": "queries", 
                    "mean": "1.0000000000000000052"
                }
            }
        ], 
        "meters": [
            {
                "internal:aggregate_model_throughput": {
                    "rate": "0.97991956791442258", 
                    "rate_1min": "1.0362287305432689", 
                    "rate_15min": "0.57496539792573864", 
                    "unit": "events per second", 
                    "rate_5min": "0.95266789426264842"
                }
            }, 
            {
                "app:nmt:prediction_throughput": {
                    "rate": "0", 
                    "rate_1min": "0", 
                    "rate_15min": "0", 
                    "unit": "events per second", 
                    "rate_5min": "0"
                }
            }, 
            {
                "model:nmt:1:prediction_throughput": {
                    "rate": "1.0060790934123096", 
                    "rate_1min": "1.0384894111305307", 
                    "rate_15min": "0.57504534180236411", 
                    "unit": "events per second", 
                    "rate_5min": "0.95308375656829991"
                }
            }
        ], 
        "ratio_counters": [
            {
                "app:nmt:default_prediction_ratio": {
                    "ratio": "0"
                }
            }, 
            {
                "model:nmt:1:cache_hit_ratio": {
                    "ratio": "0"
                }
            }
        ], 
        "counters": [
            {
                "internal:aggregate_num_predictions": {
                    "count": "5000"
                }
            }, 
            {
                "app:nmt:num_predictions": {
                    "count": "750"
                }
            }, 
            {
                "model:nmt:1:num_predictions": {
                    "count": "750"
                }
            }
        ]
    }
}