{
    "client_metrics": [
        {
            "thrus": [
                8.405001379260726, 
                9.990584872815859, 
                9.818628333694331, 
                10.05047347780554, 
                9.984141190133592, 
                10.34745940898623, 
                9.782610822306701, 
                9.945186112223867, 
                9.90667123166077, 
                9.728307819224693, 
                9.992415756440861, 
                9.751030830224217, 
                10.014852025553896, 
                9.679059799360834, 
                9.997574588404854
            ], 
            "p99_lats": [
                5.73259463, 
                10.47969329, 
                15.31408199, 
                20.03007055, 
                24.780069169999997, 
                29.35434952, 
                34.207087200000004, 
                38.97695571, 
                43.749417050000005, 
                48.63094088, 
                53.3771072, 
                58.246608030000004, 
                62.98125125, 
                67.88810599000001, 
                72.63143273
            ], 
            "mean_lats": [
                3.69475554, 
                8.491674119999999, 
                13.26027936, 
                18.028625480000002, 
                22.767515620000005, 
                27.50442146, 
                32.14833994000001, 
                36.92267352, 
                41.7276259, 
                46.55866452, 
                51.34416706000001, 
                56.17054768, 
                60.991220760000004, 
                65.80820378, 
                70.64667938000001
            ]
        }
    ], 
    "node_configs": [
        {
            "model_image": "model-comp/nmt", 
            "name": "nmt", 
            "cpus_per_replica": 2, 
            "input_type": "strings", 
            "use_nvidia_docker": true, 
            "batch_size": 10, 
            "num_replicas": 1, 
            "slo": 500000, 
            "allocated_cpus": [
                6, 
                7, 
                8, 
                9, 
                10, 
                11, 
                12, 
                13, 
                14, 
                15
            ], 
            "gpus": [
                0
            ], 
            "input_size": 20
        }
    ], 
    "clipper_metrics": {
        "histograms": [
            {
                "internal:rpc_request_queueing_delay": {
                    "p99": "0", 
                    "min": "0", 
                    "max": "0", 
                    "p95": "0", 
                    "std_dev": "0", 
                    "size": "0", 
                    "p50": "0", 
                    "unit": "microseconds", 
                    "mean": "0"
                }
            }, 
            {
                "app:nmt:prediction_latency": {
                    "p99": "72598338.6000000000786", 
                    "min": "805190", 
                    "max": "72632185", 
                    "p95": "69770154.3999999998705", 
                    "std_dev": "20706829.8409341019687", 
                    "size": "751", 
                    "p50": "37000479", 
                    "unit": "microseconds", 
                    "mean": "37116063.6924101198456"
                }
            }, 
            {
                "model:nmt:1:prediction_latency": {
                    "p99": "1078722", 
                    "min": "788769", 
                    "max": "1078722", 
                    "p95": "1033703.74999999999858", 
                    "std_dev": "46300.8703302501934651", 
                    "size": "76", 
                    "p50": "1021382.5", 
                    "unit": "microseconds", 
                    "mean": "1006123.23684210526295"
                }
            }, 
            {
                "model:nmt:1:batch_size": {
                    "p99": "10", 
                    "min": "1", 
                    "max": "10", 
                    "p95": "10", 
                    "std_dev": "1.02555639921841418565", 
                    "size": "76", 
                    "p50": "10", 
                    "unit": "queries", 
                    "mean": "9.88157894736842104966"
                }
            }
        ], 
        "meters": [
            {
                "internal:aggregate_model_throughput": {
                    "rate": "7.3196606425989525", 
                    "rate_1min": "6.9049761249529302", 
                    "rate_15min": "0.76912076962362164", 
                    "unit": "events per second", 
                    "rate_5min": "2.1302814409149358"
                }
            }, 
            {
                "app:nmt:prediction_throughput": {
                    "rate": "0", 
                    "rate_1min": "0", 
                    "rate_15min": "0", 
                    "unit": "events per second", 
                    "rate_5min": "0"
                }
            }, 
            {
                "model:nmt:1:prediction_throughput": {
                    "rate": "9.0478066586604218", 
                    "rate_1min": "6.9790786853153035", 
                    "rate_15min": "0.76971132121675157", 
                    "unit": "events per second", 
                    "rate_5min": "2.135151058860568"
                }
            }
        ], 
        "ratio_counters": [
            {
                "app:nmt:default_prediction_ratio": {
                    "ratio": "0"
                }
            }, 
            {
                "model:nmt:1:cache_hit_ratio": {
                    "ratio": "0"
                }
            }
        ], 
        "counters": [
            {
                "internal:aggregate_num_predictions": {
                    "count": "5000"
                }
            }, 
            {
                "app:nmt:num_predictions": {
                    "count": "751"
                }
            }, 
            {
                "model:nmt:1:num_predictions": {
                    "count": "751"
                }
            }
        ]
    }
}