{
    "client_metrics": [
        {
            "thrus": [
                6.9816927449181305, 
                8.432405667521039, 
                8.362226218623045, 
                7.605134134792788, 
                8.408064208014162, 
                8.898657637495383, 
                7.466925997984528, 
                8.537773157514401, 
                8.586758634286344, 
                7.440068758139436, 
                8.636316921740287, 
                8.516464284248238, 
                7.697432998464208, 
                8.458487940395404, 
                8.60343827807345
            ], 
            "p99_lats": [
                6.618883629999999, 
                12.58663464, 
                18.316868, 
                24.28522438, 
                30.31179068, 
                35.68265396, 
                41.7720117, 
                47.70835531, 
                53.283390440000005, 
                59.42291725, 
                65.26668893, 
                70.88983513, 
                76.75256865, 
                82.76950421999999, 
                88.33298592
            ], 
            "mean_lats": [
                3.9700058399999993, 
                9.67605684, 
                15.56498534, 
                21.503709399999998, 
                27.341116099999994, 
                33.1857067, 
                38.8996063, 
                44.72921868, 
                50.57202602, 
                56.54615488, 
                62.383866399999995, 
                68.17091186, 
                73.98844509999999, 
                79.87004534, 
                85.67749880000001
            ]
        }
    ], 
    "node_configs": [
        {
            "model_image": "model-comp/nmt", 
            "name": "nmt", 
            "cpus_per_replica": 1, 
            "input_type": "strings", 
            "use_nvidia_docker": true, 
            "batch_size": 6, 
            "num_replicas": 1, 
            "slo": 500000, 
            "allocated_cpus": [
                6, 
                7, 
                8, 
                9, 
                10, 
                11, 
                12, 
                13, 
                14, 
                15
            ], 
            "gpus": [
                0
            ], 
            "input_size": 20
        }
    ], 
    "clipper_metrics": {
        "histograms": [
            {
                "internal:rpc_request_queueing_delay": {
                    "p99": "0", 
                    "min": "0", 
                    "max": "0", 
                    "p95": "0", 
                    "std_dev": "0", 
                    "size": "0", 
                    "p50": "0", 
                    "unit": "microseconds", 
                    "mean": "0"
                }
            }, 
            {
                "app:nmt:prediction_latency": {
                    "p99": "88331279.0599999997721", 
                    "min": "876276", 
                    "max": "89062297", 
                    "p95": "84862539.200000000099", 
                    "std_dev": "25527448.963197305322", 
                    "size": "757", 
                    "p50": "44800183", 
                    "unit": "microseconds", 
                    "mean": "45211557.3579920739649"
                }
            }, 
            {
                "model:nmt:1:prediction_latency": {
                    "p99": "850397.519999999902211", 
                    "min": "534012", 
                    "max": "875987", 
                    "p95": "760383.599999999999341", 
                    "std_dev": "45314.9315578020946909", 
                    "size": "127", 
                    "p50": "757251", 
                    "unit": "microseconds", 
                    "mean": "731753.921259842519703"
                }
            }, 
            {
                "model:nmt:1:batch_size": {
                    "p99": "6", 
                    "min": "1", 
                    "max": "6", 
                    "p95": "6", 
                    "std_dev": "0.441928037807945832481", 
                    "size": "127", 
                    "p50": "6", 
                    "unit": "queries", 
                    "mean": "5.96062992125984252804"
                }
            }
        ], 
        "meters": [
            {
                "internal:aggregate_model_throughput": {
                    "rate": "6.3842250101129245", 
                    "rate_1min": "6.3581613251031852", 
                    "rate_15min": "0.76950662944330572", 
                    "unit": "events per second", 
                    "rate_5min": "2.1000352372931963"
                }
            }, 
            {
                "app:nmt:prediction_throughput": {
                    "rate": "0", 
                    "rate_1min": "0", 
                    "rate_15min": "0", 
                    "unit": "events per second", 
                    "rate_5min": "0"
                }
            }, 
            {
                "model:nmt:1:prediction_throughput": {
                    "rate": "7.7763027456625204", 
                    "rate_1min": "6.3273712544178409", 
                    "rate_15min": "0.7750982804853952", 
                    "unit": "events per second", 
                    "rate_5min": "2.1112528008180274"
                }
            }
        ], 
        "ratio_counters": [
            {
                "app:nmt:default_prediction_ratio": {
                    "ratio": "0"
                }
            }, 
            {
                "model:nmt:1:cache_hit_ratio": {
                    "ratio": "0"
                }
            }
        ], 
        "counters": [
            {
                "internal:aggregate_num_predictions": {
                    "count": "5000"
                }
            }, 
            {
                "app:nmt:num_predictions": {
                    "count": "757"
                }
            }, 
            {
                "model:nmt:1:num_predictions": {
                    "count": "757"
                }
            }
        ]
    }
}