{
    "client_metrics": [
        {
            "thrus": [
                3.1970110759809325, 
                4.106375830134672, 
                4.083692834425857, 
                4.075285852775571, 
                3.480435809034613, 
                4.054888265120922, 
                4.060762983254144, 
                4.061364620136912, 
                3.4824936437526013, 
                4.054433855884986, 
                4.06454464377965, 
                4.062544662600385, 
                3.4803413268188765, 
                4.058014347028564, 
                4.0614437961567855
            ], 
            "p99_lats": [
                14.411282879999995, 
                27.311199289999998, 
                39.29133762000001, 
                51.31251402000001, 
                64.4068602, 
                77.47322129, 
                89.53836831999999, 
                101.60093463999999, 
                114.68509043, 
                127.75430578999999, 
                139.80795293, 
                151.86711567999998, 
                164.96063128999998, 
                178.01904406, 
                190.08212741
            ], 
            "mean_lats": [
                8.43983618, 
                20.8444639, 
                33.280573239999995, 
                45.7645487, 
                58.33821860000001, 
                70.93381154, 
                83.49469525999999, 
                96.03120476, 
                108.61562253999999, 
                121.21400555999999, 
                133.76457256, 
                146.30334128, 
                158.89282746, 
                171.4827204, 
                184.0386161
            ]
        }
    ], 
    "node_configs": [
        {
            "model_image": "model-comp/nmt", 
            "name": "nmt", 
            "cpus_per_replica": 4, 
            "input_type": "strings", 
            "use_nvidia_docker": true, 
            "batch_size": 8, 
            "num_replicas": 1, 
            "slo": 500000, 
            "allocated_cpus": [
                6, 
                7, 
                8, 
                9, 
                10, 
                11, 
                12, 
                13, 
                14, 
                15
            ], 
            "gpus": [
                0
            ], 
            "input_size": 80
        }
    ], 
    "clipper_metrics": {
        "histograms": [
            {
                "internal:rpc_request_queueing_delay": {
                    "p99": "0", 
                    "min": "0", 
                    "max": "0", 
                    "p95": "0", 
                    "std_dev": "0", 
                    "size": "0", 
                    "p50": "0", 
                    "unit": "microseconds", 
                    "mean": "0"
                }
            }, 
            {
                "app:nmt:prediction_latency": {
                    "p99": "190049314.040000000212", 
                    "min": "1498470", 
                    "max": "190082776", 
                    "p95": "182016500.39999999979", 
                    "std_dev": "54578208.9076691353985", 
                    "size": "753", 
                    "p50": "95558773", 
                    "unit": "microseconds", 
                    "mean": "96468113.3731739707946"
                }
            }, 
            {
                "model:nmt:1:prediction_latency": {
                    "p99": "2059102", 
                    "min": "1498173", 
                    "max": "2059102", 
                    "p95": "2057557.39999999998872", 
                    "std_dev": "57033.9942480105917468", 
                    "size": "95", 
                    "p50": "2050404", 
                    "unit": "microseconds", 
                    "mean": "2041410.60000000000014"
                }
            }, 
            {
                "model:nmt:1:batch_size": {
                    "p99": "8", 
                    "min": "1", 
                    "max": "8", 
                    "p95": "8", 
                    "std_dev": "0.714394926356090590868", 
                    "size": "95", 
                    "p50": "8", 
                    "unit": "queries", 
                    "mean": "7.92631578947368420482"
                }
            }
        ], 
        "meters": [
            {
                "internal:aggregate_model_throughput": {
                    "rate": "3.0955888483783789", 
                    "rate_1min": "3.732425505174886", 
                    "rate_15min": "0.73864286202730334", 
                    "unit": "events per second", 
                    "rate_5min": "1.8228053996351083"
                }
            }, 
            {
                "app:nmt:prediction_throughput": {
                    "rate": "0", 
                    "rate_1min": "0", 
                    "rate_15min": "0", 
                    "unit": "events per second", 
                    "rate_5min": "0"
                }
            }, 
            {
                "model:nmt:1:prediction_throughput": {
                    "rate": "3.3683728505498056", 
                    "rate_1min": "3.7532772399996999", 
                    "rate_15min": "0.73894833333059895", 
                    "unit": "events per second", 
                    "rate_5min": "1.8249860242051361"
                }
            }
        ], 
        "ratio_counters": [
            {
                "app:nmt:default_prediction_ratio": {
                    "ratio": "0"
                }
            }, 
            {
                "model:nmt:1:cache_hit_ratio": {
                    "ratio": "0"
                }
            }
        ], 
        "counters": [
            {
                "internal:aggregate_num_predictions": {
                    "count": "5000"
                }
            }, 
            {
                "app:nmt:num_predictions": {
                    "count": "753"
                }
            }, 
            {
                "model:nmt:1:num_predictions": {
                    "count": "753"
                }
            }
        ]
    }
}