{
    "client_metrics": [
        {
            "thrus": [
                16.923709609451553, 
                34.342829354602074, 
                22.899592158263662, 
                34.30192831720228, 
                22.926840452117293, 
                34.19397283357247, 
                22.804268229275934, 
                34.03177887511358, 
                22.91574430795827, 
                34.09701555642238, 
                22.798060705764122, 
                34.38144007349377, 
                22.782935581249646, 
                34.17644340791089, 
                22.815038030386894
            ], 
            "p99_lats": [
                2.7324705, 
                3.9866413300000003, 
                5.86002035, 
                7.11050685, 
                8.98265023, 
                10.2374887, 
                12.121061690000001, 
                13.38155162, 
                15.254801350000001, 
                16.513651330000002, 
                18.39804839, 
                19.645696960000002, 
                21.52955176, 
                22.78508093, 
                24.66796602
            ], 
            "mean_lats": [
                1.8965177000000002, 
                3.4141469200000008, 
                5.02999564, 
                6.53501106, 
                8.15476642, 
                9.66048014, 
                11.287119800000001, 
                12.80336626, 
                14.427882399999998, 
                15.93433026, 
                17.5649462, 
                19.07036218, 
                20.698984919999997, 
                22.207509379999998, 
                23.837094659999998
            ]
        }
    ], 
    "node_configs": [
        {
            "model_image": "model-comp/nmt", 
            "name": "nmt", 
            "cpus_per_replica": 3, 
            "input_type": "strings", 
            "use_nvidia_docker": true, 
            "batch_size": 20, 
            "num_replicas": 1, 
            "slo": 500000, 
            "allocated_cpus": [
                6, 
                7, 
                8, 
                9, 
                10, 
                11, 
                12, 
                13, 
                14, 
                15
            ], 
            "gpus": [
                0
            ], 
            "input_size": 10
        }
    ], 
    "clipper_metrics": {
        "histograms": [
            {
                "internal:rpc_request_queueing_delay": {
                    "p99": "0", 
                    "min": "0", 
                    "max": "0", 
                    "p95": "0", 
                    "std_dev": "0", 
                    "size": "0", 
                    "p50": "0", 
                    "unit": "microseconds", 
                    "mean": "0"
                }
            }, 
            {
                "app:nmt:prediction_latency": {
                    "p99": "24634583.3399999999747", 
                    "min": "678238", 
                    "max": "24669442", 
                    "p95": "23951010.2999999998974", 
                    "std_dev": "6883348.60674787365906", 
                    "size": "761", 
                    "p50": "12754784", 
                    "unit": "microseconds", 
                    "mean": "13002100.9185282522949"
                }
            }, 
            {
                "model:nmt:1:prediction_latency": {
                    "p99": "792536", 
                    "min": "677937", 
                    "max": "792536", 
                    "p95": "749621", 
                    "std_dev": "13639.3083923428195057", 
                    "size": "39", 
                    "p50": "729508", 
                    "unit": "microseconds", 
                    "mean": "730516.74358974358978"
                }
            }, 
            {
                "model:nmt:1:batch_size": {
                    "p99": "20", 
                    "min": "1", 
                    "max": "20", 
                    "p95": "20", 
                    "std_dev": "3.00317605272847570506", 
                    "size": "39", 
                    "p50": "20", 
                    "unit": "queries", 
                    "mean": "19.5128205128205128114"
                }
            }
        ], 
        "meters": [
            {
                "internal:aggregate_model_throughput": {
                    "rate": "13.963911783822205", 
                    "rate_1min": "8.8453171574850131", 
                    "rate_15min": "0.70301683152181305", 
                    "unit": "events per second", 
                    "rate_5min": "2.0552585833646666"
                }
            }, 
            {
                "app:nmt:prediction_throughput": {
                    "rate": "0", 
                    "rate_1min": "0", 
                    "rate_15min": "0", 
                    "unit": "events per second", 
                    "rate_5min": "0"
                }
            }, 
            {
                "model:nmt:1:prediction_throughput": {
                    "rate": "22.148553462256931", 
                    "rate_1min": "8.8236712801986386", 
                    "rate_15min": "0.70289541498066144", 
                    "unit": "events per second", 
                    "rate_5min": "2.0542016373158845"
                }
            }
        ], 
        "ratio_counters": [
            {
                "app:nmt:default_prediction_ratio": {
                    "ratio": "0"
                }
            }, 
            {
                "model:nmt:1:cache_hit_ratio": {
                    "ratio": "0"
                }
            }
        ], 
        "counters": [
            {
                "internal:aggregate_num_predictions": {
                    "count": "5000"
                }
            }, 
            {
                "app:nmt:num_predictions": {
                    "count": "761"
                }
            }, 
            {
                "model:nmt:1:num_predictions": {
                    "count": "761"
                }
            }
        ]
    }
}