{
    "client_metrics": [
        {
            "thrus": [
                19.83074852746777, 
                29.36095298606764, 
                29.288117166526963, 
                29.183089450254798, 
                29.307825365219465, 
                29.350370636480395, 
                29.309182566898208, 
                29.180313326532374, 
                29.34298130558661, 
                29.288065698988976, 
                29.29805378888291, 
                29.310883541411297, 
                29.18639423697134, 
                29.21717829841491, 
                29.206426348402292
            ], 
            "p99_lats": [
                2.3808855400000004, 
                3.82553223, 
                5.2748396500000005, 
                6.73044868, 
                8.17841266, 
                9.623577319999999, 
                11.07061554, 
                12.52638172, 
                13.972481250000001, 
                15.42145754, 
                16.86982357, 
                18.31691416, 
                19.772112189999998, 
                21.225315209999998, 
                22.67915369
            ], 
            "mean_lats": [
                1.9297426199999999, 
                3.37858862, 
                4.82530248, 
                6.280417159999998, 
                7.729450560000001, 
                9.176221539999998, 
                10.622347680000003, 
                12.074318040000001, 
                13.52349854, 
                14.972261419999997, 
                16.42246456, 
                17.86839374, 
                19.3217043, 
                20.77471584, 
                22.22554548
            ]
        }
    ], 
    "node_configs": [
        {
            "model_image": "model-comp/nmt", 
            "name": "nmt", 
            "cpus_per_replica": 1, 
            "input_type": "strings", 
            "use_nvidia_docker": true, 
            "batch_size": 25, 
            "num_replicas": 1, 
            "slo": 500000, 
            "allocated_cpus": [
                6, 
                7, 
                8, 
                9, 
                10, 
                11, 
                12, 
                13, 
                14, 
                15
            ], 
            "gpus": [
                0
            ], 
            "input_size": 10
        }
    ], 
    "clipper_metrics": {
        "histograms": [
            {
                "internal:rpc_request_queueing_delay": {
                    "p99": "0", 
                    "min": "0", 
                    "max": "0", 
                    "p95": "0", 
                    "std_dev": "0", 
                    "size": "0", 
                    "p50": "0", 
                    "unit": "microseconds", 
                    "mean": "0"
                }
            }, 
            {
                "app:nmt:prediction_latency": {
                    "p99": "22646845.1600000001017", 
                    "min": "754331", 
                    "max": "22680100", 
                    "p95": "21887276.5999999998985", 
                    "std_dev": "6282368.90681172489985", 
                    "size": "751", 
                    "p50": "11797764", 
                    "unit": "microseconds", 
                    "mean": "12085783.7203728362192"
                }
            }, 
            {
                "model:nmt:1:prediction_latency": {
                    "p99": "905525", 
                    "min": "754012", 
                    "max": "905525", 
                    "p95": "879387.799999999937427", 
                    "std_dev": "20320.4104657449761948", 
                    "size": "31", 
                    "p50": "853491", 
                    "unit": "microseconds", 
                    "mean": "852303.290322580645125"
                }
            }, 
            {
                "model:nmt:1:batch_size": {
                    "p99": "25", 
                    "min": "1", 
                    "max": "25", 
                    "p95": "25", 
                    "std_dev": "4.24043270326580216609", 
                    "size": "31", 
                    "p50": "25", 
                    "unit": "queries", 
                    "mean": "24.2258064516129032299"
                }
            }
        ], 
        "meters": [
            {
                "internal:aggregate_model_throughput": {
                    "rate": "14.318697406552147", 
                    "rate_1min": "9.3229277172318508", 
                    "rate_15min": "0.74137073453915558", 
                    "unit": "events per second", 
                    "rate_5min": "2.1672009912713568"
                }
            }, 
            {
                "app:nmt:prediction_throughput": {
                    "rate": "0", 
                    "rate_1min": "0", 
                    "rate_15min": "0", 
                    "unit": "events per second", 
                    "rate_5min": "0"
                }
            }, 
            {
                "model:nmt:1:prediction_throughput": {
                    "rate": "24.016806007847194", 
                    "rate_1min": "9.9477858281946254", 
                    "rate_15min": "0.7958573887419409", 
                    "unit": "events per second", 
                    "rate_5min": "2.3244472231892885"
                }
            }
        ], 
        "ratio_counters": [
            {
                "app:nmt:default_prediction_ratio": {
                    "ratio": "0"
                }
            }, 
            {
                "model:nmt:1:cache_hit_ratio": {
                    "ratio": "0"
                }
            }
        ], 
        "counters": [
            {
                "internal:aggregate_num_predictions": {
                    "count": "5000"
                }
            }, 
            {
                "app:nmt:num_predictions": {
                    "count": "751"
                }
            }, 
            {
                "model:nmt:1:num_predictions": {
                    "count": "751"
                }
            }
        ]
    }
}