{
    "client_metrics": [
        {
            "thrus": [
                1.7169788397467416, 
                1.7256063625453413, 
                1.7142438475531174, 
                1.7088005037270477, 
                1.7236550104496584, 
                1.7260216753801993, 
                1.7169559044860176, 
                1.7145879716510024, 
                1.7162178225033295, 
                1.7248782011755803, 
                1.7363289359876988, 
                1.7483438113909076, 
                1.725970435507216, 
                1.7224056067471725, 
                1.7342691125734546
            ], 
            "p99_lats": [
                28.601698579999997, 
                57.330549930000004, 
                86.2282592, 
                115.18750467, 
                143.9504088, 
                172.65903883, 
                201.51554706, 
                230.42072439, 
                259.32427368000003, 
                288.04568444999995, 
                316.56907412, 
                344.89991968, 
                373.65024965, 
                402.38070088, 
                430.97637227999996
            ], 
            "mean_lats": [
                15.05537498, 
                43.66070398000001, 
                72.2147769, 
                101.26725181999998, 
                130.17045597999999, 
                158.8316954, 
                187.60047408, 
                216.44703364, 
                245.46571722000002, 
                274.24036586, 
                302.98642988, 
                331.27826239999996, 
                359.8124485, 
                388.53985623999995, 
                417.29631924
            ]
        }
    ], 
    "node_configs": [
        {
            "model_image": "model-comp/nmt", 
            "name": "nmt", 
            "cpus_per_replica": 5, 
            "input_type": "strings", 
            "use_nvidia_docker": true, 
            "batch_size": 1, 
            "num_replicas": 1, 
            "slo": 500000, 
            "allocated_cpus": [
                6, 
                7, 
                8, 
                9, 
                10, 
                11, 
                12, 
                13, 
                14, 
                15
            ], 
            "gpus": [
                0
            ], 
            "input_size": 40
        }
    ], 
    "clipper_metrics": {
        "histograms": [
            {
                "internal:rpc_request_queueing_delay": {
                    "p99": "0", 
                    "min": "0", 
                    "max": "0", 
                    "p95": "0", 
                    "std_dev": "0", 
                    "size": "0", 
                    "p50": "0", 
                    "unit": "microseconds", 
                    "mean": "0"
                }
            }, 
            {
                "app:nmt:prediction_latency": {
                    "p99": "427568672.110000004759", 
                    "min": "1167693", 
                    "max": "431254971", 
                    "p95": "410359951.899999963323", 
                    "std_dev": "124492798.163525758348", 
                    "size": "750", 
                    "p50": "216441253", 
                    "unit": "microseconds", 
                    "mean": "216322947.114666666675"
                }
            }, 
            {
                "model:nmt:1:prediction_latency": {
                    "p99": "642674.140000000011696", 
                    "min": "495762", 
                    "max": "1167405", 
                    "p95": "624436.699999999955935", 
                    "std_dev": "39786.2961767382860252", 
                    "size": "750", 
                    "p50": "583789", 
                    "unit": "microseconds", 
                    "mean": "580143.362666666666541"
                }
            }, 
            {
                "model:nmt:1:batch_size": {
                    "p99": "1", 
                    "min": "1", 
                    "max": "1", 
                    "p95": "1", 
                    "std_dev": "5.20417042793042128324e-18", 
                    "size": "750", 
                    "p50": "1", 
                    "unit": "queries", 
                    "mean": "1.0000000000000000052"
                }
            }
        ], 
        "meters": [
            {
                "internal:aggregate_model_throughput": {
                    "rate": "1.626151986122844", 
                    "rate_1min": "1.732671424107399", 
                    "rate_15min": "0.65979178781438241", 
                    "unit": "events per second", 
                    "rate_5min": "1.320195719109029"
                }
            }, 
            {
                "app:nmt:prediction_throughput": {
                    "rate": "0", 
                    "rate_1min": "0", 
                    "rate_15min": "0", 
                    "unit": "events per second", 
                    "rate_5min": "0"
                }
            }, 
            {
                "model:nmt:1:prediction_throughput": {
                    "rate": "1.6997166137277462", 
                    "rate_1min": "1.7338283473661025", 
                    "rate_15min": "0.65983564645040205", 
                    "unit": "events per second", 
                    "rate_5min": "1.320454064429003"
                }
            }
        ], 
        "ratio_counters": [
            {
                "app:nmt:default_prediction_ratio": {
                    "ratio": "0"
                }
            }, 
            {
                "model:nmt:1:cache_hit_ratio": {
                    "ratio": "0"
                }
            }
        ], 
        "counters": [
            {
                "internal:aggregate_num_predictions": {
                    "count": "5000"
                }
            }, 
            {
                "app:nmt:num_predictions": {
                    "count": "750"
                }
            }, 
            {
                "model:nmt:1:num_predictions": {
                    "count": "750"
                }
            }
        ]
    }
}