{
    "client_metrics": [
        {
            "thrus": [
                12.54558438084781, 
                15.95788140613191, 
                15.955829159022494, 
                15.958319422998237, 
                15.88625441836451, 
                15.875525718034153, 
                15.877350641762513, 
                15.839717267382664, 
                15.88288847480434, 
                15.871071037009433, 
                15.875934020888286, 
                15.846881096097071, 
                15.831697655103932, 
                15.81918544483075, 
                15.875566043307275
            ], 
            "p99_lats": [
                3.84491496, 
                6.71964752, 
                9.57960523, 
                12.454382840000001, 
                15.34351045, 
                18.23466561, 
                21.12506878, 
                24.02379346, 
                26.91102974, 
                29.8057731, 
                32.69695197, 
                35.5932628, 
                38.493405929999994, 
                41.39572177, 
                44.28706657
            ], 
            "mean_lats": [
                3.00843918, 
                5.878763519999999, 
                8.74687956, 
                11.61883664, 
                14.50510068, 
                17.397248259999998, 
                20.2835365, 
                23.1820116, 
                26.072374359999998, 
                28.96857458, 
                31.85654052, 
                34.75364648, 
                37.6519762, 
                40.554989240000005, 
                43.44884448
            ]
        }
    ], 
    "node_configs": [
        {
            "model_image": "model-comp/nmt", 
            "name": "nmt", 
            "cpus_per_replica": 4, 
            "input_type": "strings", 
            "use_nvidia_docker": true, 
            "batch_size": 25, 
            "num_replicas": 1, 
            "slo": 500000, 
            "allocated_cpus": [
                6, 
                7, 
                8, 
                9, 
                10, 
                11, 
                12, 
                13, 
                14, 
                15
            ], 
            "gpus": [
                0
            ], 
            "input_size": 20
        }
    ], 
    "clipper_metrics": {
        "histograms": [
            {
                "internal:rpc_request_queueing_delay": {
                    "p99": "0", 
                    "min": "0", 
                    "max": "0", 
                    "p95": "0", 
                    "std_dev": "0", 
                    "size": "0", 
                    "p50": "0", 
                    "unit": "microseconds", 
                    "mean": "0"
                }
            }, 
            {
                "app:nmt:prediction_latency": {
                    "p99": "44254138.6400000001013", 
                    "min": "789355", 
                    "max": "44287401", 
                    "p95": "42782122.1999999998952", 
                    "std_dev": "12525446.2725428450613", 
                    "size": "751", 
                    "p50": "22571522", 
                    "unit": "microseconds", 
                    "mean": "23220024.0106524633811"
                }
            }, 
            {
                "model:nmt:1:prediction_latency": {
                    "p99": "1621568", 
                    "min": "789076", 
                    "max": "1621568", 
                    "p95": "1598164.39999999994507", 
                    "std_dev": "139240.019130197377066", 
                    "size": "31", 
                    "p50": "1574480", 
                    "unit": "microseconds", 
                    "mean": "1549886.09677419354853"
                }
            }, 
            {
                "model:nmt:1:batch_size": {
                    "p99": "25", 
                    "min": "1", 
                    "max": "25", 
                    "p95": "25", 
                    "std_dev": "4.24043270326580216609", 
                    "size": "31", 
                    "p50": "25", 
                    "unit": "queries", 
                    "mean": "24.2258064516129032299"
                }
            }
        ], 
        "meters": [
            {
                "internal:aggregate_model_throughput": {
                    "rate": "10.075553233065255", 
                    "rate_1min": "8.0288063531732821", 
                    "rate_15min": "0.73336482908326406", 
                    "unit": "events per second", 
                    "rate_5min": "2.0985589064037438"
                }
            }, 
            {
                "app:nmt:prediction_throughput": {
                    "rate": "0", 
                    "rate_1min": "0", 
                    "rate_15min": "0", 
                    "unit": "events per second", 
                    "rate_5min": "0"
                }
            }, 
            {
                "model:nmt:1:prediction_throughput": {
                    "rate": "13.80653075745753", 
                    "rate_1min": "8.003912392551932", 
                    "rate_15min": "0.73321389923944036", 
                    "unit": "events per second", 
                    "rate_5min": "2.0972595610697349"
                }
            }
        ], 
        "ratio_counters": [
            {
                "app:nmt:default_prediction_ratio": {
                    "ratio": "0"
                }
            }, 
            {
                "model:nmt:1:cache_hit_ratio": {
                    "ratio": "0"
                }
            }
        ], 
        "counters": [
            {
                "internal:aggregate_num_predictions": {
                    "count": "5000"
                }
            }, 
            {
                "app:nmt:num_predictions": {
                    "count": "751"
                }
            }, 
            {
                "model:nmt:1:num_predictions": {
                    "count": "751"
                }
            }
        ]
    }
}