{
    "client_metrics": [
        {
            "thrus": [
                6.184843447387206, 
                7.865262392232141, 
                7.820267725301522, 
                8.109254362170653, 
                6.759187323982314, 
                8.022908291418986, 
                7.772656633410578, 
                7.97430741943916, 
                6.875743353803338, 
                7.9523507864636365, 
                8.111600042310107, 
                7.820544162847503, 
                6.85579050349611, 
                7.850755258357364, 
                7.978129712581494
            ], 
            "p99_lats": [
                7.424082699999998, 
                13.93681121, 
                20.08125469, 
                25.999191160000002, 
                32.60755502, 
                39.09216798, 
                45.276439010000004, 
                51.29882017, 
                57.780132370000004, 
                64.32237123, 
                70.23854596, 
                76.38310252, 
                82.88260707999999, 
                89.5082467, 
                95.527163
            ], 
            "mean_lats": [
                4.440930979999999, 
                10.63592466, 
                16.9983298, 
                23.30092154, 
                29.54249246, 
                35.89412604, 
                42.167512939999995, 
                48.453306700000006, 
                54.741806620000006, 
                61.10700994, 
                67.2746533, 
                73.53795342000001, 
                79.8735247, 
                86.21771217999999, 
                92.53279691999998
            ]
        }
    ], 
    "node_configs": [
        {
            "model_image": "model-comp/nmt", 
            "name": "nmt", 
            "cpus_per_replica": 1, 
            "input_type": "strings", 
            "use_nvidia_docker": true, 
            "batch_size": 8, 
            "num_replicas": 1, 
            "slo": 500000, 
            "allocated_cpus": [
                6, 
                7, 
                8, 
                9, 
                10, 
                11, 
                12, 
                13, 
                14, 
                15
            ], 
            "gpus": [
                0
            ], 
            "input_size": 20
        }
    ], 
    "clipper_metrics": {
        "histograms": [
            {
                "internal:rpc_request_queueing_delay": {
                    "p99": "0", 
                    "min": "0", 
                    "max": "0", 
                    "p95": "0", 
                    "std_dev": "0", 
                    "size": "0", 
                    "p50": "0", 
                    "unit": "microseconds", 
                    "mean": "0"
                }
            }, 
            {
                "app:nmt:prediction_latency": {
                    "p99": "95494424.0800000001618", 
                    "min": "906880", 
                    "max": "95528357", 
                    "p95": "91498506.3999999997468", 
                    "std_dev": "27352451.6408708587842", 
                    "size": "753", 
                    "p50": "48205096", 
                    "unit": "microseconds", 
                    "mean": "48633350.4966799468675"
                }
            }, 
            {
                "model:nmt:1:prediction_latency": {
                    "p99": "1116233", 
                    "min": "869996", 
                    "max": "1116233", 
                    "p95": "1076010.59999999999764", 
                    "std_dev": "49662.350393453039473", 
                    "size": "95", 
                    "p50": "1070432", 
                    "unit": "microseconds", 
                    "mean": "1045967.7999999999999"
                }
            }, 
            {
                "model:nmt:1:batch_size": {
                    "p99": "8", 
                    "min": "1", 
                    "max": "8", 
                    "p95": "8", 
                    "std_dev": "0.714394926356090590868", 
                    "size": "95", 
                    "p50": "8", 
                    "unit": "queries", 
                    "mean": "7.92631578947368420482"
                }
            }
        ], 
        "meters": [
            {
                "internal:aggregate_model_throughput": {
                    "rate": "5.9966794164194051", 
                    "rate_1min": "6.2095706848177405", 
                    "rate_15min": "0.79287066697073894", 
                    "unit": "events per second", 
                    "rate_5min": "2.1425480307655334"
                }
            }, 
            {
                "app:nmt:prediction_throughput": {
                    "rate": "0", 
                    "rate_1min": "0", 
                    "rate_15min": "0", 
                    "unit": "events per second", 
                    "rate_5min": "0"
                }
            }, 
            {
                "model:nmt:1:prediction_throughput": {
                    "rate": "7.2100551026306823", 
                    "rate_1min": "6.0652230910055431", 
                    "rate_15min": "0.76059934568426468", 
                    "unit": "events per second", 
                    "rate_5min": "2.0625450210036087"
                }
            }
        ], 
        "ratio_counters": [
            {
                "app:nmt:default_prediction_ratio": {
                    "ratio": "0"
                }
            }, 
            {
                "model:nmt:1:cache_hit_ratio": {
                    "ratio": "0"
                }
            }
        ], 
        "counters": [
            {
                "internal:aggregate_num_predictions": {
                    "count": "5000"
                }
            }, 
            {
                "app:nmt:num_predictions": {
                    "count": "753"
                }
            }, 
            {
                "model:nmt:1:num_predictions": {
                    "count": "753"
                }
            }
        ]
    }
}