{
    "client_metrics": [
        {
            "thrus": [
                0.7885540309967342, 
                0.7952707854875233, 
                0.7719904569627672, 
                0.8022189247102457, 
                0.7883535582810866, 
                0.821190539379133, 
                0.8027205032685093, 
                0.8029612439835319, 
                0.8027414197458141, 
                0.8213121568835001, 
                0.8407651649065023, 
                0.8087858994584014, 
                0.7971375365003299, 
                0.7907058911400092, 
                0.7907012020492699
            ], 
            "p99_lats": [
                62.50112554, 
                125.11522996, 
                189.62353277, 
                251.69615405999997, 
                314.86389235, 
                375.49487543, 
                437.52341531, 
                499.53548547, 
                561.56309252, 
                622.41462238, 
                681.3938900999999, 
                742.9553766500001, 
                805.42433886, 
                868.40124171, 
                931.37741375
            ], 
            "mean_lats": [
                32.130792899999996, 
                95.24117185999998, 
                158.88562530000002, 
                222.13110129999993, 
                284.64743732000005, 
                346.03282726000003, 
                408.04913545999995, 
                469.4483726, 
                531.65013572, 
                593.04706266, 
                653.45414414, 
                713.3085202399998, 
                775.12118946, 
                837.9042223600002, 
                901.4700939400001
            ]
        }
    ], 
    "node_configs": [
        {
            "model_image": "model-comp/nmt", 
            "name": "nmt", 
            "cpus_per_replica": 1, 
            "input_type": "strings", 
            "use_nvidia_docker": true, 
            "batch_size": 1, 
            "num_replicas": 1, 
            "slo": 500000, 
            "allocated_cpus": [
                6, 
                7, 
                8, 
                9, 
                10, 
                11, 
                12, 
                13, 
                14, 
                15
            ], 
            "gpus": [
                0
            ], 
            "input_size": 80
        }
    ], 
    "clipper_metrics": {
        "histograms": [
            {
                "internal:rpc_request_queueing_delay": {
                    "p99": "0", 
                    "min": "0", 
                    "max": "0", 
                    "p95": "0", 
                    "std_dev": "0", 
                    "size": "0", 
                    "p50": "0", 
                    "unit": "microseconds", 
                    "mean": "0"
                }
            }, 
            {
                "app:nmt:prediction_latency": {
                    "p99": "924755234.280000023893", 
                    "min": "1906488", 
                    "max": "932864074", 
                    "p95": "887529044.199999970151", 
                    "std_dev": "268080804.436466011204", 
                    "size": "751", 
                    "p50": "469545184", 
                    "unit": "microseconds", 
                    "mean": "468785363.451398135687"
                }
            }, 
            {
                "model:nmt:1:prediction_latency": {
                    "p99": "1336703.72000000000253", 
                    "min": "846540", 
                    "max": "1906172", 
                    "p95": "1335074.79999999999814", 
                    "std_dev": "178128.593670936972941", 
                    "size": "751", 
                    "p50": "1322198", 
                    "unit": "microseconds", 
                    "mean": "1247290.45938748335539"
                }
            }, 
            {
                "model:nmt:1:batch_size": {
                    "p99": "1", 
                    "min": "1", 
                    "max": "1", 
                    "p95": "1", 
                    "std_dev": "5.42101086242752217004e-18", 
                    "size": "751", 
                    "p50": "1", 
                    "unit": "queries", 
                    "mean": "0.999999999999999994579"
                }
            }
        ], 
        "meters": [
            {
                "internal:aggregate_model_throughput": {
                    "rate": "0.76148529615290694", 
                    "rate_1min": "0.78828097151683341", 
                    "rate_15min": "0.51813568335394111", 
                    "unit": "events per second", 
                    "rate_5min": "0.76552573210185348"
                }
            }, 
            {
                "app:nmt:prediction_throughput": {
                    "rate": "0", 
                    "rate_1min": "0", 
                    "rate_15min": "0", 
                    "unit": "events per second", 
                    "rate_5min": "0"
                }
            }, 
            {
                "model:nmt:1:prediction_throughput": {
                    "rate": "0.77821725591026913", 
                    "rate_1min": "0.80643313217446067", 
                    "rate_15min": "0.5196494212520284", 
                    "unit": "events per second", 
                    "rate_5min": "0.76908592552879751"
                }
            }
        ], 
        "ratio_counters": [
            {
                "app:nmt:default_prediction_ratio": {
                    "ratio": "0"
                }
            }, 
            {
                "model:nmt:1:cache_hit_ratio": {
                    "ratio": "0"
                }
            }
        ], 
        "counters": [
            {
                "internal:aggregate_num_predictions": {
                    "count": "5000"
                }
            }, 
            {
                "app:nmt:num_predictions": {
                    "count": "751"
                }
            }, 
            {
                "model:nmt:1:num_predictions": {
                    "count": "751"
                }
            }
        ]
    }
}