{
    "client_metrics": [
        {
            "thrus": [
                10.958176366588697, 
                18.306870751661805, 
                18.77970950042968, 
                18.64397868471205, 
                15.677126445431057, 
                18.469028362886856, 
                18.72725808596186, 
                18.489572066250357, 
                15.83485136775112, 
                18.48507422681556, 
                18.410761016170905, 
                18.6316957190698, 
                15.772835832854629, 
                18.387639387500375, 
                18.630626588959565
            ], 
            "p99_lats": [
                4.1063199599999995, 
                6.78968811, 
                9.20425342, 
                11.63825852, 
                14.33826175, 
                16.9967803, 
                19.41867111, 
                21.874899759999998, 
                24.54185484, 
                27.200110539999997, 
                29.667929620000002, 
                32.10364964, 
                34.7880689, 
                37.455909070000004, 
                39.891758370000005
            ], 
            "mean_lats": [
                2.861893340000001, 
                5.430992879999999, 
                7.9856294000000005, 
                10.52034208, 
                13.073586920000002, 
                15.6537349, 
                18.203720859999997, 
                20.72706358, 
                23.29291454, 
                25.859203320000002, 
                28.417568759999998, 
                30.985271600000004, 
                33.529656239999994, 
                36.10571566, 
                38.675488539999996
            ]
        }
    ], 
    "node_configs": [
        {
            "model_image": "model-comp/nmt", 
            "name": "nmt", 
            "cpus_per_replica": 3, 
            "input_type": "strings", 
            "use_nvidia_docker": true, 
            "batch_size": 8, 
            "num_replicas": 1, 
            "slo": 500000, 
            "allocated_cpus": [
                6, 
                7, 
                8, 
                9, 
                10, 
                11
            ], 
            "gpus": [
                0
            ], 
            "input_size": 10
        }
    ], 
    "clipper_metrics": {
        "histograms": [
            {
                "internal:rpc_request_queueing_delay": {
                    "p99": "0", 
                    "min": "0", 
                    "max": "0", 
                    "p95": "0", 
                    "std_dev": "0", 
                    "size": "0", 
                    "p50": "0", 
                    "unit": "microseconds", 
                    "mean": "0"
                }
            }, 
            {
                "app:nmt:prediction_latency": {
                    "p99": "39858664.2000000002045", 
                    "min": "1298242", 
                    "max": "39892050", 
                    "p95": "38259773.5999999997439", 
                    "std_dev": "11114709.9392021148205", 
                    "size": "753", 
                    "p50": "20644962", 
                    "unit": "microseconds", 
                    "mean": "20828988.4833997343903"
                }
            }, 
            {
                "model:nmt:1:prediction_latency": {
                    "p99": "1297941", 
                    "min": "407784", 
                    "max": "1297941", 
                    "p95": "461378.999999999995737", 
                    "std_dev": "87552.9240943045093672", 
                    "size": "95", 
                    "p50": "452615", 
                    "unit": "microseconds", 
                    "mean": "460340.589473684210532"
                }
            }, 
            {
                "model:nmt:1:batch_size": {
                    "p99": "8", 
                    "min": "1", 
                    "max": "8", 
                    "p95": "8", 
                    "std_dev": "0.714394926356090590868", 
                    "size": "95", 
                    "p50": "8", 
                    "unit": "queries", 
                    "mean": "7.92631578947368420482"
                }
            }
        ], 
        "meters": [
            {
                "internal:aggregate_model_throughput": {
                    "rate": "10.75245923950469", 
                    "rate_1min": "8.9921384372146633", 
                    "rate_15min": "0.81721800411487677", 
                    "unit": "events per second", 
                    "rate_5min": "2.3403055069544911"
                }
            }, 
            {
                "app:nmt:prediction_throughput": {
                    "rate": "0", 
                    "rate_1min": "0", 
                    "rate_15min": "0", 
                    "unit": "events per second", 
                    "rate_5min": "0"
                }
            }, 
            {
                "model:nmt:1:prediction_throughput": {
                    "rate": "15.604612524518982", 
                    "rate_1min": "8.5382941317247472", 
                    "rate_15min": "0.75787397703179005", 
                    "unit": "events per second", 
                    "rate_5min": "2.1784029105789626"
                }
            }
        ], 
        "ratio_counters": [
            {
                "app:nmt:default_prediction_ratio": {
                    "ratio": "0"
                }
            }, 
            {
                "model:nmt:1:cache_hit_ratio": {
                    "ratio": "0"
                }
            }
        ], 
        "counters": [
            {
                "internal:aggregate_num_predictions": {
                    "count": "5000"
                }
            }, 
            {
                "app:nmt:num_predictions": {
                    "count": "753"
                }
            }, 
            {
                "model:nmt:1:num_predictions": {
                    "count": "753"
                }
            }
        ]
    }
}