{
    "client_metrics": [
        {
            "thrus": [
                9.139459561821406, 
                11.46194074039094, 
                10.504614361950773, 
                11.211252509919156, 
                11.411114379761429, 
                11.323607411436933, 
                11.390909826140541, 
                11.49674779998234, 
                11.467384922498827, 
                11.478802669051197, 
                11.559902489910518, 
                10.451555264584258, 
                10.557610770452204, 
                11.355550695379858, 
                10.611516211637777
            ], 
            "p99_lats": [
                5.32927121, 
                9.43304561, 
                13.93461598, 
                18.13495261, 
                22.25846121, 
                26.4155503, 
                30.5463894, 
                34.637571390000005, 
                38.73845939, 
                42.83564053, 
                46.902669290000006, 
                51.4291111, 
                55.9064125, 
                60.05038939, 
                64.50291923
            ], 
            "mean_lats": [
                4.18373694, 
                8.264366840000001, 
                12.56601156, 
                16.944281299999997, 
                21.086797339999997, 
                25.2446322, 
                29.352684319999998, 
                33.46764678, 
                37.582528399999994, 
                41.680840859999996, 
                45.74575776, 
                50.055088639999994, 
                54.55271705999999, 
                58.86930984, 
                63.33919478
            ]
        }
    ], 
    "node_configs": [
        {
            "model_image": "model-comp/nmt", 
            "name": "nmt", 
            "cpus_per_replica": 5, 
            "input_type": "strings", 
            "use_nvidia_docker": true, 
            "batch_size": 25, 
            "num_replicas": 1, 
            "slo": 500000, 
            "allocated_cpus": [
                6, 
                7, 
                8, 
                9, 
                10, 
                11, 
                12, 
                13, 
                14, 
                15
            ], 
            "gpus": [
                0
            ], 
            "input_size": 40
        }
    ], 
    "clipper_metrics": {
        "histograms": [
            {
                "internal:rpc_request_queueing_delay": {
                    "p99": "0", 
                    "min": "0", 
                    "max": "0", 
                    "p95": "0", 
                    "std_dev": "0", 
                    "size": "0", 
                    "p50": "0", 
                    "unit": "microseconds", 
                    "mean": "0"
                }
            }, 
            {
                "app:nmt:prediction_latency": {
                    "p99": "64470256.1600000000835", 
                    "min": "1157529", 
                    "max": "64504017", 
                    "p95": "62406724.9999999998981", 
                    "std_dev": "18193573.9896856697542", 
                    "size": "751", 
                    "p50": "32576592", 
                    "unit": "microseconds", 
                    "mean": "33566731.7270306258361"
                }
            }, 
            {
                "model:nmt:1:prediction_latency": {
                    "p99": "2579739", 
                    "min": "1157235", 
                    "max": "2579739", 
                    "p95": "2574584.99999999998772", 
                    "std_dev": "228905.525574852106047", 
                    "size": "31", 
                    "p50": "2192283", 
                    "unit": "microseconds", 
                    "mean": "2201623.54838709677438"
                }
            }, 
            {
                "model:nmt:1:batch_size": {
                    "p99": "25", 
                    "min": "1", 
                    "max": "25", 
                    "p95": "25", 
                    "std_dev": "4.24043270326580216609", 
                    "size": "31", 
                    "p50": "25", 
                    "unit": "queries", 
                    "mean": "24.2258064516129032299"
                }
            }
        ], 
        "meters": [
            {
                "internal:aggregate_model_throughput": {
                    "rate": "7.9213484147509599", 
                    "rate_1min": "7.294363494124295", 
                    "rate_15min": "0.75271992900584339", 
                    "unit": "events per second", 
                    "rate_5min": "2.1115041076688152"
                }
            }, 
            {
                "app:nmt:prediction_throughput": {
                    "rate": "0", 
                    "rate_1min": "0", 
                    "rate_15min": "0", 
                    "unit": "events per second", 
                    "rate_5min": "0"
                }
            }, 
            {
                "model:nmt:1:prediction_throughput": {
                    "rate": "10.03809155001473", 
                    "rate_1min": "7.294363494124295", 
                    "rate_15min": "0.75271992900584339", 
                    "unit": "events per second", 
                    "rate_5min": "2.1115041076688152"
                }
            }
        ], 
        "ratio_counters": [
            {
                "app:nmt:default_prediction_ratio": {
                    "ratio": "0"
                }
            }, 
            {
                "model:nmt:1:cache_hit_ratio": {
                    "ratio": "0"
                }
            }
        ], 
        "counters": [
            {
                "internal:aggregate_num_predictions": {
                    "count": "5000"
                }
            }, 
            {
                "app:nmt:num_predictions": {
                    "count": "751"
                }
            }, 
            {
                "model:nmt:1:num_predictions": {
                    "count": "751"
                }
            }
        ]
    }
}