{
    "client_metrics": [
        {
            "thrus": [
                1.3509934111240745, 
                1.422362653035198, 
                1.400880778573674, 
                1.4196489350148602, 
                1.4187737419371442, 
                1.41883682962159, 
                1.3992065603310724, 
                1.4182857367513604, 
                1.3989693568912684, 
                1.4188793475243593, 
                1.4398922730197017, 
                1.3992231233374606, 
                1.4201125484638257, 
                1.398071656540993, 
                1.3991403513784288
            ], 
            "p99_lats": [
                36.06095279, 
                70.95503485999998, 
                106.38600901999999, 
                141.34875518, 
                176.33229378, 
                211.3130377, 
                246.78905482, 
                281.78396703, 
                317.26822866, 
                352.24652829999997, 
                386.7142861, 
                422.18688791, 
                457.13981606, 
                492.64440693, 
                528.1222752
            ], 
            "mean_lats": [
                19.12184088, 
                54.075764199999995, 
                89.35682691999999, 
                124.74341804, 
                159.28927184, 
                194.36829109999996, 
                229.74808655999996, 
                264.98388832, 
                300.21809802, 
                335.38755225999995, 
                370.2986676400001, 
                405.1441874800001, 
                440.2504578599999, 
                475.5859616199999, 
                511.08104714
            ]
        }
    ], 
    "node_configs": [
        {
            "model_image": "model-comp/nmt", 
            "name": "nmt", 
            "cpus_per_replica": 1, 
            "input_type": "strings", 
            "use_nvidia_docker": true, 
            "batch_size": 2, 
            "num_replicas": 1, 
            "slo": 500000, 
            "allocated_cpus": [
                6, 
                7, 
                8, 
                9, 
                10, 
                11, 
                12, 
                13, 
                14, 
                15
            ], 
            "gpus": [
                0
            ], 
            "input_size": 80
        }
    ], 
    "clipper_metrics": {
        "histograms": [
            {
                "internal:rpc_request_queueing_delay": {
                    "p99": "0", 
                    "min": "0", 
                    "max": "0", 
                    "p95": "0", 
                    "std_dev": "0", 
                    "size": "0", 
                    "p50": "0", 
                    "unit": "microseconds", 
                    "mean": "0"
                }
            }, 
            {
                "app:nmt:prediction_latency": {
                    "p99": "524552621.360000000073", 
                    "min": "1897831", 
                    "max": "528815716", 
                    "p95": "503274049.799999999872", 
                    "std_dev": "152290485.48840765412", 
                    "size": "751", 
                    "p50": "265431640", 
                    "unit": "microseconds", 
                    "mean": "265260067.464713715046"
                }
            }, 
            {
                "model:nmt:1:prediction_latency": {
                    "p99": "1435319.38000000002012", 
                    "min": "914881", 
                    "max": "1897520", 
                    "p95": "1432852.84999999999957", 
                    "std_dev": "85978.7616802020018483", 
                    "size": "376", 
                    "p50": "1429384.5", 
                    "unit": "microseconds", 
                    "mean": "1416686.59042553191478"
                }
            }, 
            {
                "model:nmt:1:batch_size": {
                    "p99": "2", 
                    "min": "1", 
                    "max": "2", 
                    "p95": "2", 
                    "std_dev": "0.0515024381144603309541", 
                    "size": "376", 
                    "p50": "2", 
                    "unit": "queries", 
                    "mean": "1.99734042553191488826"
                }
            }
        ], 
        "meters": [
            {
                "internal:aggregate_model_throughput": {
                    "rate": "1.2887456201117791", 
                    "rate_1min": "1.3974778963372763", 
                    "rate_15min": "0.62729312930847847", 
                    "unit": "events per second", 
                    "rate_5min": "1.1680865427580691"
                }
            }, 
            {
                "app:nmt:prediction_throughput": {
                    "rate": "0", 
                    "rate_1min": "0", 
                    "rate_15min": "0", 
                    "unit": "events per second", 
                    "rate_5min": "0"
                }
            }, 
            {
                "model:nmt:1:prediction_throughput": {
                    "rate": "1.3374257588015936", 
                    "rate_1min": "1.408041291601233", 
                    "rate_15min": "0.62868101960890066", 
                    "unit": "events per second", 
                    "rate_5min": "1.1701855456021297"
                }
            }
        ], 
        "ratio_counters": [
            {
                "app:nmt:default_prediction_ratio": {
                    "ratio": "0"
                }
            }, 
            {
                "model:nmt:1:cache_hit_ratio": {
                    "ratio": "0"
                }
            }
        ], 
        "counters": [
            {
                "internal:aggregate_num_predictions": {
                    "count": "5000"
                }
            }, 
            {
                "app:nmt:num_predictions": {
                    "count": "751"
                }
            }, 
            {
                "model:nmt:1:num_predictions": {
                    "count": "751"
                }
            }
        ]
    }
}