{
    "client_metrics": [
        {
            "thrus": [
                3.352193444088464, 
                3.833570299092088, 
                3.8261314061874665, 
                3.8249796415458577, 
                3.8181646433830405, 
                3.8122500402954826, 
                3.8169762921495334, 
                3.8169757093773016, 
                3.8163478756795675, 
                3.8132170373317, 
                3.817064001399183, 
                3.8174545167472878, 
                3.8177183055316903, 
                3.817108294645032, 
                3.817045060522303
            ], 
            "p99_lats": [
                14.69915202, 
                27.48432511, 
                40.29431083, 
                53.10697887, 
                65.94430036, 
                78.80194861, 
                91.64334325, 
                104.48459213000001, 
                117.32749769, 
                130.18195156, 
                143.0227863, 
                155.86282437, 
                168.70067548, 
                181.54177768, 
                194.38294435
            ], 
            "mean_lats": [
                9.31856408, 
                22.09062418, 
                34.89421636, 
                47.70171711999999, 
                60.5333048, 
                73.38198657999999, 
                86.23169879999999, 
                99.07463961999999, 
                111.90821442000002, 
                124.76398300000001, 
                137.61297398, 
                150.45345312, 
                163.28646134000002, 
                176.13137918, 
                188.97069551999996
            ]
        }
    ], 
    "node_configs": [
        {
            "model_image": "model-comp/nmt", 
            "name": "nmt", 
            "cpus_per_replica": 1, 
            "input_type": "strings", 
            "use_nvidia_docker": true, 
            "batch_size": 10, 
            "num_replicas": 1, 
            "slo": 500000, 
            "allocated_cpus": [
                6, 
                7, 
                8, 
                9, 
                10, 
                11, 
                12, 
                13, 
                14, 
                15
            ], 
            "gpus": [
                0
            ], 
            "input_size": 80
        }
    ], 
    "clipper_metrics": {
        "histograms": [
            {
                "internal:rpc_request_queueing_delay": {
                    "p99": "0", 
                    "min": "0", 
                    "max": "0", 
                    "p95": "0", 
                    "std_dev": "0", 
                    "size": "0", 
                    "p50": "0", 
                    "unit": "microseconds", 
                    "mean": "0"
                }
            }, 
            {
                "app:nmt:prediction_latency": {
                    "p99": "194350765.040000000095", 
                    "min": "1884759", 
                    "max": "194384015", 
                    "p95": "186650709.799999999901", 
                    "std_dev": "55659148.8608537313776", 
                    "size": "751", 
                    "p50": "99329580", 
                    "unit": "microseconds", 
                    "mean": "99214977.3994673768393"
                }
            }, 
            {
                "model:nmt:1:prediction_latency": {
                    "p99": "2630140", 
                    "min": "1884447", 
                    "max": "2630140", 
                    "p95": "2625640.44999999999186", 
                    "std_dev": "83742.2437217024526603", 
                    "size": "76", 
                    "p50": "2618298", 
                    "unit": "microseconds", 
                    "mean": "2607886.18421052631584"
                }
            }, 
            {
                "model:nmt:1:batch_size": {
                    "p99": "10", 
                    "min": "1", 
                    "max": "10", 
                    "p95": "10", 
                    "std_dev": "1.02555639921841418565", 
                    "size": "76", 
                    "p50": "10", 
                    "unit": "queries", 
                    "mean": "9.88157894736842104966"
                }
            }
        ], 
        "meters": [
            {
                "internal:aggregate_model_throughput": {
                    "rate": "3.0258000298881353", 
                    "rate_1min": "3.7210210306394629", 
                    "rate_15min": "0.74134999752382236", 
                    "unit": "events per second", 
                    "rate_5min": "1.824166594965227"
                }
            }, 
            {
                "app:nmt:prediction_throughput": {
                    "rate": "0", 
                    "rate_1min": "0", 
                    "rate_15min": "0", 
                    "unit": "events per second", 
                    "rate_5min": "0"
                }
            }, 
            {
                "model:nmt:1:prediction_throughput": {
                    "rate": "3.3087300834440141", 
                    "rate_1min": "3.6600680231176321", 
                    "rate_15min": "0.740506143398034", 
                    "unit": "events per second", 
                    "rate_5min": "1.8178928679220503"
                }
            }
        ], 
        "ratio_counters": [
            {
                "app:nmt:default_prediction_ratio": {
                    "ratio": "0"
                }
            }, 
            {
                "model:nmt:1:cache_hit_ratio": {
                    "ratio": "0"
                }
            }
        ], 
        "counters": [
            {
                "internal:aggregate_num_predictions": {
                    "count": "5000"
                }
            }, 
            {
                "app:nmt:num_predictions": {
                    "count": "751"
                }
            }, 
            {
                "model:nmt:1:num_predictions": {
                    "count": "751"
                }
            }
        ]
    }
}