{
    "client_metrics": [
        {
            "thrus": [
                1.9809137376645034, 
                1.9757015577932613, 
                1.9833880933563321, 
                1.9920368724431459, 
                2.024975726615965, 
                1.996849052069796, 
                1.9640718619326616, 
                1.977385355547333, 
                2.0378832718395263, 
                1.9094771129882289, 
                1.9603617212399351, 
                1.9090876428155057, 
                2.015516006563004, 
                1.95577943580066, 
                1.9956037647304494
            ], 
            "p99_lats": [
                24.793146229999998, 
                49.766916789999996, 
                74.77930701, 
                99.54589972, 
                123.95982554999999, 
                148.85725403, 
                174.01025041, 
                199.06392924, 
                223.24352547, 
                249.26040767, 
                274.44478547, 
                300.44008725, 
                324.97708216, 
                350.30419560999997, 
                375.0949182
            ], 
            "mean_lats": [
                13.27330594, 
                37.66256474, 
                62.65606994000001, 
                87.86534046000001, 
                112.13339373999999, 
                137.18050212, 
                161.94177100000002, 
                186.68098970000003, 
                211.61192393999997, 
                237.03747493999998, 
                262.12779704, 
                287.8813532, 
                313.44561266, 
                338.15156634, 
                363.15747925999995
            ]
        }
    ], 
    "node_configs": [
        {
            "model_image": "model-comp/nmt", 
            "name": "nmt", 
            "cpus_per_replica": 1, 
            "input_type": "strings", 
            "use_nvidia_docker": true, 
            "batch_size": 1, 
            "num_replicas": 1, 
            "slo": 500000, 
            "allocated_cpus": [
                6, 
                7, 
                8, 
                9, 
                10, 
                11, 
                12, 
                13, 
                14, 
                15
            ], 
            "gpus": [
                0
            ], 
            "input_size": 20
        }
    ], 
    "clipper_metrics": {
        "histograms": [
            {
                "internal:rpc_request_queueing_delay": {
                    "p99": "0", 
                    "min": "0", 
                    "max": "0", 
                    "p95": "0", 
                    "std_dev": "0", 
                    "size": "0", 
                    "p50": "0", 
                    "unit": "microseconds", 
                    "mean": "0"
                }
            }, 
            {
                "app:nmt:prediction_latency": {
                    "p99": "371853370.200000004901", 
                    "min": "874421", 
                    "max": "375307659", 
                    "p95": "357406383.299999971903", 
                    "std_dev": "108340197.097082539804", 
                    "size": "750", 
                    "p50": "186388790.5", 
                    "unit": "microseconds", 
                    "mean": "187518944.111999999906"
                }
            }, 
            {
                "model:nmt:1:prediction_latency": {
                    "p99": "635720.060000000006312", 
                    "min": "329972", 
                    "max": "874133", 
                    "p95": "629587.549999999998704", 
                    "std_dev": "80379.4801340156853584", 
                    "size": "750", 
                    "p50": "495452.5", 
                    "unit": "microseconds", 
                    "mean": "505542.073333333333352"
                }
            }, 
            {
                "model:nmt:1:batch_size": {
                    "p99": "1", 
                    "min": "1", 
                    "max": "1", 
                    "p95": "1", 
                    "std_dev": "5.20417042793042128324e-18", 
                    "size": "750", 
                    "p50": "1", 
                    "unit": "queries", 
                    "mean": "1.0000000000000000052"
                }
            }
        ], 
        "meters": [
            {
                "internal:aggregate_model_throughput": {
                    "rate": "1.8524007250474268", 
                    "rate_1min": "1.9705062100201727", 
                    "rate_15min": "0.67241915822106157", 
                    "unit": "events per second", 
                    "rate_5min": "1.407692814011011"
                }
            }, 
            {
                "app:nmt:prediction_throughput": {
                    "rate": "0", 
                    "rate_1min": "0", 
                    "rate_15min": "0", 
                    "unit": "events per second", 
                    "rate_5min": "0"
                }
            }, 
            {
                "model:nmt:1:prediction_throughput": {
                    "rate": "1.9546893928967743", 
                    "rate_1min": "1.9843175546924965", 
                    "rate_15min": "0.67490838108480122", 
                    "unit": "events per second", 
                    "rate_5min": "1.4124126445203276"
                }
            }
        ], 
        "ratio_counters": [
            {
                "app:nmt:default_prediction_ratio": {
                    "ratio": "0"
                }
            }, 
            {
                "model:nmt:1:cache_hit_ratio": {
                    "ratio": "0"
                }
            }
        ], 
        "counters": [
            {
                "internal:aggregate_num_predictions": {
                    "count": "5000"
                }
            }, 
            {
                "app:nmt:num_predictions": {
                    "count": "750"
                }
            }, 
            {
                "model:nmt:1:num_predictions": {
                    "count": "750"
                }
            }
        ]
    }
}