{
    "client_metrics": [
        {
            "thrus": [
                16.994582806784507, 
                34.511629383753444, 
                22.996869206226265, 
                34.40782076002747, 
                22.866027942286145, 
                34.44788310868721, 
                23.034405108846776, 
                34.397571256288735, 
                22.895051829818332, 
                34.21812273903754, 
                22.911197572879377, 
                34.31793784884184, 
                22.82285901041909, 
                34.36409584283787, 
                22.830299643116756
            ], 
            "p99_lats": [
                2.7254188999999998, 
                3.96793241, 
                5.83215611, 
                7.078355499999999, 
                8.95632444, 
                10.20052308, 
                12.06261962, 
                13.308271739999999, 
                15.183398619999998, 
                16.43768198, 
                18.3110447, 
                19.56056753, 
                21.442364740000002, 
                22.690318, 
                24.5714591
            ], 
            "mean_lats": [
                1.8872783199999998, 
                3.39561342, 
                5.00768194, 
                6.50533122, 
                8.123090600000001, 
                9.62864628, 
                11.240204039999998, 
                12.73672328, 
                14.3533182, 
                15.86143626, 
                17.48148324, 
                18.98570568, 
                20.611352899999996, 
                22.11745754, 
                23.73775048
            ]
        }
    ], 
    "node_configs": [
        {
            "model_image": "model-comp/nmt", 
            "name": "nmt", 
            "cpus_per_replica": 5, 
            "input_type": "strings", 
            "use_nvidia_docker": true, 
            "batch_size": 20, 
            "num_replicas": 1, 
            "slo": 500000, 
            "allocated_cpus": [
                6, 
                7, 
                8, 
                9, 
                10, 
                11, 
                12, 
                13, 
                14, 
                15
            ], 
            "gpus": [
                0
            ], 
            "input_size": 10
        }
    ], 
    "clipper_metrics": {
        "histograms": [
            {
                "internal:rpc_request_queueing_delay": {
                    "p99": "0", 
                    "min": "0", 
                    "max": "0", 
                    "p95": "0", 
                    "std_dev": "0", 
                    "size": "0", 
                    "p50": "0", 
                    "unit": "microseconds", 
                    "mean": "0"
                }
            }, 
            {
                "app:nmt:prediction_latency": {
                    "p99": "24538016.49999999998", 
                    "min": "681573", 
                    "max": "24572228", 
                    "p95": "23855052.2999999998974", 
                    "std_dev": "6854226.73705037213404", 
                    "size": "761", 
                    "p50": "12688235", 
                    "unit": "microseconds", 
                    "mean": "12944810.5597897503276"
                }
            }, 
            {
                "model:nmt:1:prediction_latency": {
                    "p99": "781713", 
                    "min": "681280", 
                    "max": "781713", 
                    "p95": "744205", 
                    "std_dev": "12045.4497267771443649", 
                    "size": "39", 
                    "p50": "726931", 
                    "unit": "microseconds", 
                    "mean": "727894.461538461538453"
                }
            }, 
            {
                "model:nmt:1:batch_size": {
                    "p99": "20", 
                    "min": "1", 
                    "max": "20", 
                    "p95": "20", 
                    "std_dev": "3.00317605272847570506", 
                    "size": "39", 
                    "p50": "20", 
                    "unit": "queries", 
                    "mean": "19.5128205128205128114"
                }
            }
        ], 
        "meters": [
            {
                "internal:aggregate_model_throughput": {
                    "rate": "13.972069007846869", 
                    "rate_1min": "8.8453171574850131", 
                    "rate_15min": "0.70301683152181305", 
                    "unit": "events per second", 
                    "rate_5min": "2.0552585833646666"
                }
            }, 
            {
                "app:nmt:prediction_throughput": {
                    "rate": "0", 
                    "rate_1min": "0", 
                    "rate_15min": "0", 
                    "unit": "events per second", 
                    "rate_5min": "0"
                }
            }, 
            {
                "model:nmt:1:prediction_throughput": {
                    "rate": "21.979185509148987", 
                    "rate_1min": "8.8652323259820935", 
                    "rate_15min": "0.70313757539687205", 
                    "unit": "events per second", 
                    "rate_5min": "2.0562980596318736"
                }
            }
        ], 
        "ratio_counters": [
            {
                "app:nmt:default_prediction_ratio": {
                    "ratio": "0"
                }
            }, 
            {
                "model:nmt:1:cache_hit_ratio": {
                    "ratio": "0"
                }
            }
        ], 
        "counters": [
            {
                "internal:aggregate_num_predictions": {
                    "count": "5000"
                }
            }, 
            {
                "app:nmt:num_predictions": {
                    "count": "761"
                }
            }, 
            {
                "model:nmt:1:num_predictions": {
                    "count": "761"
                }
            }
        ]
    }
}