{
    "client_metrics": [
        {
            "thrus": [
                4.221998418777152, 
                7.2706016132010856, 
                4.8452208727851405, 
                7.239844163802343, 
                4.822133670702664, 
                7.203694400265787, 
                4.797857161842948, 
                7.187701210710768, 
                4.790848329886318, 
                7.201173272758984, 
                4.792087152347255, 
                7.190650313785598, 
                4.801439817360912, 
                7.195151503988129, 
                4.793648300953677
            ], 
            "p99_lats": [
                11.625117499999998, 
                18.294435710000002, 
                28.289011439999996, 
                34.98745218, 
                45.04766492, 
                51.78057821, 
                61.89333442, 
                68.6414787, 
                78.76995454, 
                85.50520689999999, 
                95.63108427, 
                102.37655143, 
                112.48166458, 
                119.22356524, 
                129.34544449999999
            ], 
            "mean_lats": [
                7.3925788, 
                15.44044734, 
                24.05187566, 
                32.12633698, 
                40.78079132, 
                48.90177153999999, 
                57.60237688, 
                65.75970788000001, 
                74.47378126, 
                82.62921364, 
                91.34143916, 
                99.49545348000001, 
                108.20169872000001, 
                116.34413922, 
                125.05739121999999
            ]
        }
    ], 
    "node_configs": [
        {
            "model_image": "model-comp/nmt", 
            "name": "nmt", 
            "cpus_per_replica": 5, 
            "input_type": "strings", 
            "use_nvidia_docker": true, 
            "batch_size": 20, 
            "num_replicas": 1, 
            "slo": 500000, 
            "allocated_cpus": [
                6, 
                7, 
                8, 
                9, 
                10, 
                11, 
                12, 
                13, 
                14, 
                15
            ], 
            "gpus": [
                0
            ], 
            "input_size": 80
        }
    ], 
    "clipper_metrics": {
        "histograms": [
            {
                "internal:rpc_request_queueing_delay": {
                    "p99": "0", 
                    "min": "0", 
                    "max": "0", 
                    "p95": "0", 
                    "std_dev": "0", 
                    "size": "0", 
                    "p50": "0", 
                    "unit": "microseconds", 
                    "mean": "0"
                }
            }, 
            {
                "app:nmt:prediction_latency": {
                    "p99": "129312320.759999999973", 
                    "min": "1551870", 
                    "max": "129346069", 
                    "p95": "125882454.799999999894", 
                    "std_dev": "36951312.388747753168", 
                    "size": "761", 
                    "p50": "65272422", 
                    "unit": "microseconds", 
                    "mean": "66885151.4349540078729"
                }
            }, 
            {
                "model:nmt:1:prediction_latency": {
                    "p99": "3484626", 
                    "min": "1551585", 
                    "max": "3484626", 
                    "p95": "3484620", 
                    "std_dev": "302751.900335423260856", 
                    "size": "39", 
                    "p50": "3467700", 
                    "unit": "microseconds", 
                    "mean": "3414897.53846153846121"
                }
            }, 
            {
                "model:nmt:1:batch_size": {
                    "p99": "20", 
                    "min": "1", 
                    "max": "20", 
                    "p95": "20", 
                    "std_dev": "3.00317605272847570506", 
                    "size": "39", 
                    "p50": "20", 
                    "unit": "queries", 
                    "mean": "19.5128205128205128114"
                }
            }
        ], 
        "meters": [
            {
                "internal:aggregate_model_throughput": {
                    "rate": "4.1501192251268222", 
                    "rate_1min": "5.1604495753299933", 
                    "rate_15min": "0.76787689805885018", 
                    "unit": "events per second", 
                    "rate_5min": "2.0140938334431606"
                }
            }, 
            {
                "app:nmt:prediction_throughput": {
                    "rate": "0", 
                    "rate_1min": "0", 
                    "rate_15min": "0", 
                    "unit": "events per second", 
                    "rate_5min": "0"
                }
            }, 
            {
                "model:nmt:1:prediction_throughput": {
                    "rate": "4.6594753756461706", 
                    "rate_1min": "5.1502247868951736", 
                    "rate_15min": "0.76776140307228558", 
                    "unit": "events per second", 
                    "rate_5min": "2.0131841115483224"
                }
            }
        ], 
        "ratio_counters": [
            {
                "app:nmt:default_prediction_ratio": {
                    "ratio": "0"
                }
            }, 
            {
                "model:nmt:1:cache_hit_ratio": {
                    "ratio": "0"
                }
            }
        ], 
        "counters": [
            {
                "internal:aggregate_num_predictions": {
                    "count": "5000"
                }
            }, 
            {
                "app:nmt:num_predictions": {
                    "count": "761"
                }
            }, 
            {
                "model:nmt:1:num_predictions": {
                    "count": "761"
                }
            }
        ]
    }
}