{
    "client_metrics": [
        {
            "thrus": [
                12.374813295004412, 
                15.67109751277743, 
                15.62918569129295, 
                15.657195107439673, 
                15.655273384908067, 
                15.602498272023317, 
                15.639999737248003, 
                15.636967166434562, 
                15.59435708832145, 
                15.606511161308587, 
                15.596074156213398, 
                15.611110989691358, 
                15.525139392464036, 
                15.490926035165641, 
                15.52721734874627
            ], 
            "p99_lats": [
                3.89910754, 
                6.83253114, 
                9.7731886, 
                12.70810139, 
                15.64423994, 
                18.59080769, 
                21.51331264, 
                24.45305939, 
                27.40010697, 
                30.347188610000003, 
                33.29538476, 
                36.24111893, 
                39.20234793, 
                42.17193754, 
                45.134317010000004
            ], 
            "mean_lats": [
                3.04812138, 
                5.982784399999999, 
                8.9226106, 
                11.86346112, 
                14.790843459999998, 
                17.7362401, 
                20.664248660000002, 
                23.599091499999997, 
                26.545810379999992, 
                29.496255519999995, 
                32.44397436, 
                35.38700524, 
                38.343579899999995, 
                41.31458052, 
                44.28010517999999
            ]
        }
    ], 
    "node_configs": [
        {
            "model_image": "model-comp/nmt", 
            "name": "nmt", 
            "cpus_per_replica": 2, 
            "input_type": "strings", 
            "use_nvidia_docker": true, 
            "batch_size": 25, 
            "num_replicas": 1, 
            "slo": 500000, 
            "allocated_cpus": [
                6, 
                7, 
                8, 
                9, 
                10, 
                11, 
                12, 
                13, 
                14, 
                15
            ], 
            "gpus": [
                0
            ], 
            "input_size": 20
        }
    ], 
    "clipper_metrics": {
        "histograms": [
            {
                "internal:rpc_request_queueing_delay": {
                    "p99": "0", 
                    "min": "0", 
                    "max": "0", 
                    "p95": "0", 
                    "std_dev": "0", 
                    "size": "0", 
                    "p50": "0", 
                    "unit": "microseconds", 
                    "mean": "0"
                }
            }, 
            {
                "app:nmt:prediction_latency": {
                    "p99": "45101404.3200000001016", 
                    "min": "804506", 
                    "max": "45135693", 
                    "p95": "43600584.5999999998749", 
                    "std_dev": "12757471.1544951224178", 
                    "size": "751", 
                    "p50": "22978671", 
                    "unit": "microseconds", 
                    "mean": "23653112.6205059920121"
                }
            }, 
            {
                "model:nmt:1:prediction_latency": {
                    "p99": "1632568", 
                    "min": "804229", 
                    "max": "1632568", 
                    "p95": "1623730.59999999997945", 
                    "std_dev": "141350.255715755496126", 
                    "size": "31", 
                    "p50": "1601768", 
                    "unit": "microseconds", 
                    "mean": "1577050.16129032258073"
                }
            }, 
            {
                "model:nmt:1:batch_size": {
                    "p99": "25", 
                    "min": "1", 
                    "max": "25", 
                    "p95": "25", 
                    "std_dev": "4.24043270326580216609", 
                    "size": "31", 
                    "p50": "25", 
                    "unit": "queries", 
                    "mean": "24.2258064516129032299"
                }
            }
        ], 
        "meters": [
            {
                "internal:aggregate_model_throughput": {
                    "rate": "9.9464170224596717", 
                    "rate_1min": "8.6381435291669746", 
                    "rate_15min": "0.81270685690909239", 
                    "unit": "events per second", 
                    "rate_5min": "2.3144214991819179"
                }
            }, 
            {
                "app:nmt:prediction_throughput": {
                    "rate": "0", 
                    "rate_1min": "0", 
                    "rate_15min": "0", 
                    "unit": "events per second", 
                    "rate_5min": "0"
                }
            }, 
            {
                "model:nmt:1:prediction_throughput": {
                    "rate": "13.43884466735549", 
                    "rate_1min": "8.7159278572125167", 
                    "rate_15min": "0.81315973456491786", 
                    "unit": "events per second", 
                    "rate_5min": "2.3183263055846011"
                }
            }
        ], 
        "ratio_counters": [
            {
                "app:nmt:default_prediction_ratio": {
                    "ratio": "0"
                }
            }, 
            {
                "model:nmt:1:cache_hit_ratio": {
                    "ratio": "0"
                }
            }
        ], 
        "counters": [
            {
                "internal:aggregate_num_predictions": {
                    "count": "5000"
                }
            }, 
            {
                "app:nmt:num_predictions": {
                    "count": "751"
                }
            }, 
            {
                "model:nmt:1:num_predictions": {
                    "count": "751"
                }
            }
        ]
    }
}