{
    "client_metrics": [
        {
            "thrus": [
                2.6948387262984896, 
                2.6882996649787194, 
                2.7001170122708436, 
                2.711303984841425, 
                2.7560211344929497, 
                2.716759362496115, 
                2.6737473199693738, 
                2.687134895622813, 
                2.7741701236525302, 
                2.6006417135441007, 
                2.665935134065879, 
                2.5963639169597656, 
                2.744643978231899, 
                2.659167813432786, 
                2.7116365925379338
            ], 
            "p99_lats": [
                18.1581325, 
                36.44304884, 
                54.744909, 
                72.85612935, 
                90.72431935, 
                108.95165414, 
                127.36301078, 
                145.7251481, 
                163.41722282, 
                182.45087119, 
                200.89973021999998, 
                219.94398474, 
                237.89093779, 
                256.44987826, 
                274.62324724
            ], 
            "mean_lats": [
                9.74250258, 
                27.58147094, 
                45.874002579999996, 
                64.31214842, 
                82.07742098, 
                100.40192888, 
                118.53994836000001, 
                136.64586652, 
                154.9040057, 
                173.51245873999997, 
                191.87635065999999, 
                210.74062416, 
                229.46078247999998, 
                247.54794051999997, 
                265.87361858
            ]
        }
    ], 
    "node_configs": [
        {
            "model_image": "model-comp/nmt", 
            "name": "nmt", 
            "cpus_per_replica": 4, 
            "input_type": "strings", 
            "use_nvidia_docker": true, 
            "batch_size": 1, 
            "num_replicas": 1, 
            "slo": 500000, 
            "allocated_cpus": [
                6, 
                7, 
                8, 
                9, 
                10, 
                11, 
                12, 
                13, 
                14, 
                15
            ], 
            "gpus": [
                0
            ], 
            "input_size": 20
        }
    ], 
    "clipper_metrics": {
        "histograms": [
            {
                "internal:rpc_request_queueing_delay": {
                    "p99": "0", 
                    "min": "0", 
                    "max": "0", 
                    "p95": "0", 
                    "std_dev": "0", 
                    "size": "0", 
                    "p50": "0", 
                    "unit": "microseconds", 
                    "mean": "0"
                }
            }, 
            {
                "app:nmt:prediction_latency": {
                    "p99": "272654668.400000007619", 
                    "min": "792945", 
                    "max": "275173829", 
                    "p95": "261928222.799999993906", 
                    "std_dev": "79416420.675795105788", 
                    "size": "751", 
                    "p50": "136589711", 
                    "unit": "microseconds", 
                    "mean": "137454827.282290279603"
                }
            }, 
            {
                "model:nmt:1:prediction_latency": {
                    "p99": "466206.160000000002583", 
                    "min": "241662", 
                    "max": "792667", 
                    "p95": "463631.799999999998249", 
                    "std_dev": "60092.1901029301490667", 
                    "size": "751", 
                    "p50": "363121", 
                    "unit": "microseconds", 
                    "mean": "371594.808255659121158"
                }
            }, 
            {
                "model:nmt:1:batch_size": {
                    "p99": "1", 
                    "min": "1", 
                    "max": "1", 
                    "p95": "1", 
                    "std_dev": "5.42101086242752217004e-18", 
                    "size": "751", 
                    "p50": "1", 
                    "unit": "queries", 
                    "mean": "0.999999999999999994579"
                }
            }
        ], 
        "meters": [
            {
                "internal:aggregate_model_throughput": {
                    "rate": "2.4628475834667407", 
                    "rate_1min": "2.6597814097955101", 
                    "rate_15min": "0.70663513934112476", 
                    "unit": "events per second", 
                    "rate_5min": "1.6109252913622401"
                }
            }, 
            {
                "app:nmt:prediction_throughput": {
                    "rate": "0", 
                    "rate_1min": "0", 
                    "rate_15min": "0", 
                    "unit": "events per second", 
                    "rate_5min": "0"
                }
            }, 
            {
                "model:nmt:1:prediction_throughput": {
                    "rate": "2.6368718175177963", 
                    "rate_1min": "2.6541828689778897", 
                    "rate_15min": "0.70654414999894788", 
                    "unit": "events per second", 
                    "rate_5min": "1.6102964672709046"
                }
            }
        ], 
        "ratio_counters": [
            {
                "app:nmt:default_prediction_ratio": {
                    "ratio": "0"
                }
            }, 
            {
                "model:nmt:1:cache_hit_ratio": {
                    "ratio": "0"
                }
            }
        ], 
        "counters": [
            {
                "internal:aggregate_num_predictions": {
                    "count": "5000"
                }
            }, 
            {
                "app:nmt:num_predictions": {
                    "count": "751"
                }
            }, 
            {
                "model:nmt:1:num_predictions": {
                    "count": "751"
                }
            }
        ]
    }
}