{
    "client_metrics": [
        {
            "thrus": [
                7.219205396500418, 
                8.159311536874865, 
                8.238400867075214, 
                8.304351147827415, 
                8.550884948185058, 
                8.092015931560965, 
                8.309297305992864, 
                8.204922198466237, 
                8.687721417439976, 
                8.164063718231382, 
                8.320713584396998, 
                8.490091553751279, 
                8.21328252049214, 
                8.050580833305961, 
                8.165004952075504
            ], 
            "p99_lats": [
                6.549600759999999, 
                12.42082397, 
                18.23091165, 
                23.99580482, 
                29.58274763, 
                35.502823750000005, 
                41.26862294, 
                47.09890646, 
                52.61490628999999, 
                58.47267661, 
                64.21019164, 
                69.87740392, 
                75.67357944, 
                81.62379895000001, 
                87.49057191
            ], 
            "mean_lats": [
                3.7254438999999997, 
                9.60239092, 
                15.4222603, 
                21.24508572, 
                26.878282480000003, 
                32.66099838, 
                38.51977502, 
                44.309510339999996, 
                49.919359480000004, 
                55.62280474, 
                61.45429702000001, 
                67.16733158000001, 
                72.86895198, 
                78.80603236, 
                84.70481224
            ]
        }
    ], 
    "node_configs": [
        {
            "model_image": "model-comp/nmt", 
            "name": "nmt", 
            "cpus_per_replica": 2, 
            "input_type": "strings", 
            "use_nvidia_docker": true, 
            "batch_size": 2, 
            "num_replicas": 1, 
            "slo": 500000, 
            "allocated_cpus": [
                6, 
                7, 
                8, 
                9, 
                10, 
                11, 
                12, 
                13, 
                14, 
                15
            ], 
            "gpus": [
                0
            ], 
            "input_size": 10
        }
    ], 
    "clipper_metrics": {
        "histograms": [
            {
                "internal:rpc_request_queueing_delay": {
                    "p99": "0", 
                    "min": "0", 
                    "max": "0", 
                    "p95": "0", 
                    "std_dev": "0", 
                    "size": "0", 
                    "p50": "0", 
                    "unit": "microseconds", 
                    "mean": "0"
                }
            }, 
            {
                "app:nmt:prediction_latency": {
                    "p99": "87114898.9200000001656", 
                    "min": "684539", 
                    "max": "87857828", 
                    "p95": "83643320.7999999997919", 
                    "std_dev": "25063070.1972158208137", 
                    "size": "753", 
                    "p50": "44380296", 
                    "unit": "microseconds", 
                    "mean": "44365853.4528552456759"
                }
            }, 
            {
                "model:nmt:1:prediction_latency": {
                    "p99": "268523.119999999991251", 
                    "min": "166781", 
                    "max": "684250", 
                    "p95": "260298.69999999999601", 
                    "std_dev": "33234.2100235219511468", 
                    "size": "377", 
                    "p50": "256260", 
                    "unit": "microseconds", 
                    "mean": "243302.920424403182921"
                }
            }, 
            {
                "model:nmt:1:batch_size": {
                    "p99": "2", 
                    "min": "1", 
                    "max": "2", 
                    "p95": "2", 
                    "std_dev": "0.0514342690442050824284", 
                    "size": "377", 
                    "p50": "2", 
                    "unit": "queries", 
                    "mean": "1.997347480106100805"
                }
            }
        ], 
        "meters": [
            {
                "internal:aggregate_model_throughput": {
                    "rate": "6.4061348073489377", 
                    "rate_1min": "6.3752734856998901", 
                    "rate_15min": "0.77559617660183966", 
                    "unit": "events per second", 
                    "rate_5min": "2.1151999531056584"
                }
            }, 
            {
                "app:nmt:prediction_throughput": {
                    "rate": "0", 
                    "rate_1min": "0", 
                    "rate_15min": "0", 
                    "unit": "events per second", 
                    "rate_5min": "0"
                }
            }, 
            {
                "model:nmt:1:prediction_throughput": {
                    "rate": "7.7216463198038872", 
                    "rate_1min": "6.3752734856998901", 
                    "rate_15min": "0.77559617660183966", 
                    "unit": "events per second", 
                    "rate_5min": "2.1151999531056584"
                }
            }
        ], 
        "ratio_counters": [
            {
                "app:nmt:default_prediction_ratio": {
                    "ratio": "0"
                }
            }, 
            {
                "model:nmt:1:cache_hit_ratio": {
                    "ratio": "0"
                }
            }
        ], 
        "counters": [
            {
                "internal:aggregate_num_predictions": {
                    "count": "5000"
                }
            }, 
            {
                "app:nmt:num_predictions": {
                    "count": "753"
                }
            }, 
            {
                "model:nmt:1:num_predictions": {
                    "count": "753"
                }
            }
        ]
    }
}