{
    "client_metrics": [
        {
            "thrus": [
                3.8246183030933514, 
                4.31893653270938, 
                4.304404378474569, 
                4.29806754585071, 
                4.296812091985466, 
                4.2899660097413115, 
                4.286320738865682, 
                4.287717875024172, 
                4.288969858921199, 
                4.291394620857002, 
                4.289441565323605, 
                4.294787699624954, 
                4.291933911084864, 
                4.29319204495556, 
                4.294046699303712
            ], 
            "p99_lats": [
                12.85697342, 
                24.176044859999998, 
                35.53386251, 
                46.90766606, 
                58.271156680000004, 
                69.66775789, 
                81.07492003, 
                92.47819609999999, 
                103.87710648000001, 
                115.27016262, 
                126.66885173, 
                138.05294103, 
                149.44456841, 
                160.8330853, 
                172.2190419
            ], 
            "mean_lats": [
                8.1028554, 
                19.400824859999997, 
                30.735845240000003, 
                42.10274026, 
                53.472350940000005, 
                64.85702694000001, 
                76.25934828, 
                87.66715738000002, 
                99.06848932000001, 
                110.46578312, 
                121.85929700000001, 
                133.24612381999998, 
                144.64361534, 
                156.0306141, 
                167.41803561999998
            ]
        }
    ], 
    "node_configs": [
        {
            "model_image": "model-comp/nmt", 
            "name": "nmt", 
            "cpus_per_replica": 5, 
            "input_type": "strings", 
            "use_nvidia_docker": true, 
            "batch_size": 10, 
            "num_replicas": 1, 
            "slo": 500000, 
            "allocated_cpus": [
                6, 
                7, 
                8, 
                9, 
                10, 
                11, 
                12, 
                13, 
                14, 
                15
            ], 
            "gpus": [
                0
            ], 
            "input_size": 80
        }
    ], 
    "clipper_metrics": {
        "histograms": [
            {
                "internal:rpc_request_queueing_delay": {
                    "p99": "0", 
                    "min": "0", 
                    "max": "0", 
                    "p95": "0", 
                    "std_dev": "0", 
                    "size": "0", 
                    "p50": "0", 
                    "unit": "microseconds", 
                    "mean": "0"
                }
            }, 
            {
                "app:nmt:prediction_latency": {
                    "p99": "172186032.800000000105", 
                    "min": "1544017", 
                    "max": "172220322", 
                    "p95": "165357887.599999999875", 
                    "std_dev": "49369663.0323676257758", 
                    "size": "751", 
                    "p50": "87893220", 
                    "unit": "microseconds", 
                    "mean": "87798901.3488681757444"
                }
            }, 
            {
                "model:nmt:1:prediction_latency": {
                    "p99": "2337406", 
                    "min": "1543728", 
                    "max": "2337406", 
                    "p95": "2336764.04999999999882", 
                    "std_dev": "89593.7089162503981612", 
                    "size": "76", 
                    "p50": "2328448.5", 
                    "unit": "microseconds", 
                    "mean": "2316459.84210526315746"
                }
            }, 
            {
                "model:nmt:1:batch_size": {
                    "p99": "10", 
                    "min": "1", 
                    "max": "10", 
                    "p95": "10", 
                    "std_dev": "1.02555639921841418565", 
                    "size": "76", 
                    "p50": "10", 
                    "unit": "queries", 
                    "mean": "9.88157894736842104966"
                }
            }
        ], 
        "meters": [
            {
                "internal:aggregate_model_throughput": {
                    "rate": "3.3149149420192687", 
                    "rate_1min": "4.006031478530538", 
                    "rate_15min": "0.74866393624555583", 
                    "unit": "events per second", 
                    "rate_5min": "1.8741316197754474"
                }
            }, 
            {
                "app:nmt:prediction_throughput": {
                    "rate": "0", 
                    "rate_1min": "0", 
                    "rate_15min": "0", 
                    "unit": "events per second", 
                    "rate_5min": "0"
                }
            }, 
            {
                "model:nmt:1:prediction_throughput": {
                    "rate": "3.6360796515444651", 
                    "rate_1min": "4.006031478530538", 
                    "rate_15min": "0.74866393624555583", 
                    "unit": "events per second", 
                    "rate_5min": "1.8741316197754474"
                }
            }
        ], 
        "ratio_counters": [
            {
                "app:nmt:default_prediction_ratio": {
                    "ratio": "0"
                }
            }, 
            {
                "model:nmt:1:cache_hit_ratio": {
                    "ratio": "0"
                }
            }
        ], 
        "counters": [
            {
                "internal:aggregate_num_predictions": {
                    "count": "5000"
                }
            }, 
            {
                "app:nmt:num_predictions": {
                    "count": "751"
                }
            }, 
            {
                "model:nmt:1:num_predictions": {
                    "count": "751"
                }
            }
        ]
    }
}