{
    "client_metrics": [
        {
            "thrus": [
                4.4232580214678405, 
                4.471220497434011, 
                4.621867887234188, 
                4.599939998382661, 
                4.637553404905622, 
                4.619784782706113, 
                4.527901517779756, 
                4.63018610940463, 
                4.579132818480061, 
                4.426735142947246, 
                4.550843571669506, 
                4.478654196660214, 
                4.64135894534215, 
                4.424029025169629, 
                4.609845708464138
            ], 
            "p99_lats": [
                10.888478339999999, 
                21.764266539999998, 
                32.34422540999999, 
                42.92309063, 
                53.41297824, 
                64.06498916, 
                74.79962678, 
                85.29807459, 
                95.95879541000001, 
                107.06640426999999, 
                117.75003956, 
                128.70434519, 
                139.20801268000002, 
                150.23662485, 
                160.81252139999998
            ], 
            "mean_lats": [
                6.07753806, 
                16.5105763, 
                27.183530899999997, 
                37.92101164, 
                48.27800744, 
                59.1389463, 
                69.65074691999999, 
                80.04838337999999, 
                90.81254018, 
                101.83296238000001, 
                112.50848224, 
                123.46764821999999, 
                134.25101518, 
                144.94005721999997, 
                155.66025163999998
            ]
        }
    ], 
    "node_configs": [
        {
            "model_image": "model-comp/nmt", 
            "name": "nmt", 
            "cpus_per_replica": 3, 
            "input_type": "strings", 
            "use_nvidia_docker": true, 
            "batch_size": 2, 
            "num_replicas": 1, 
            "slo": 500000, 
            "allocated_cpus": [
                6, 
                7, 
                8, 
                9, 
                10, 
                11, 
                12, 
                13, 
                14, 
                15
            ], 
            "gpus": [
                0
            ], 
            "input_size": 20
        }
    ], 
    "clipper_metrics": {
        "histograms": [
            {
                "internal:rpc_request_queueing_delay": {
                    "p99": "0", 
                    "min": "0", 
                    "max": "0", 
                    "p95": "0", 
                    "std_dev": "0", 
                    "size": "0", 
                    "p50": "0", 
                    "unit": "microseconds", 
                    "mean": "0"
                }
            }, 
            {
                "app:nmt:prediction_latency": {
                    "p99": "159683602.320000000109", 
                    "min": "782004", 
                    "max": "161017786", 
                    "p95": "153296116.799999999901", 
                    "std_dev": "46371454.9921294540618", 
                    "size": "751", 
                    "p50": "80126872", 
                    "unit": "microseconds", 
                    "mean": "80657667.8002663116204"
                }
            }, 
            {
                "model:nmt:1:prediction_latency": {
                    "p99": "507224.62000000000171", 
                    "min": "305132", 
                    "max": "781713", 
                    "p95": "501760.749999999998977", 
                    "std_dev": "57177.0139514623437407", 
                    "size": "376", 
                    "p50": "441709", 
                    "unit": "microseconds", 
                    "mean": "438539.03457446808514"
                }
            }, 
            {
                "model:nmt:1:batch_size": {
                    "p99": "2", 
                    "min": "1", 
                    "max": "2", 
                    "p95": "2", 
                    "std_dev": "0.0515024381144603309541", 
                    "size": "376", 
                    "p50": "2", 
                    "unit": "queries", 
                    "mean": "1.99734042553191488826"
                }
            }
        ], 
        "meters": [
            {
                "internal:aggregate_model_throughput": {
                    "rate": "3.9392052539577569", 
                    "rate_1min": "4.2463106186787956", 
                    "rate_15min": "0.75860604461680936", 
                    "unit": "events per second", 
                    "rate_5min": "1.9169184114099289"
                }
            }, 
            {
                "app:nmt:prediction_throughput": {
                    "rate": "0", 
                    "rate_1min": "0", 
                    "rate_15min": "0", 
                    "unit": "events per second", 
                    "rate_5min": "0"
                }
            }, 
            {
                "model:nmt:1:prediction_throughput": {
                    "rate": "4.3938727438735992", 
                    "rate_1min": "4.2570391555677425", 
                    "rate_15min": "0.75877225844140339", 
                    "unit": "events per second", 
                    "rate_5min": "1.9181322755421129"
                }
            }
        ], 
        "ratio_counters": [
            {
                "app:nmt:default_prediction_ratio": {
                    "ratio": "0"
                }
            }, 
            {
                "model:nmt:1:cache_hit_ratio": {
                    "ratio": "0"
                }
            }
        ], 
        "counters": [
            {
                "internal:aggregate_num_predictions": {
                    "count": "5000"
                }
            }, 
            {
                "app:nmt:num_predictions": {
                    "count": "751"
                }
            }, 
            {
                "model:nmt:1:num_predictions": {
                    "count": "751"
                }
            }
        ]
    }
}