{
    "client_metrics": [
        {
            "thrus": [
                3.9526135392191755, 
                5.996577872939471, 
                5.982409800814469, 
                4.473957451590885, 
                5.945593066962837, 
                5.944469853750586, 
                4.4515859754386415, 
                5.931924287765715, 
                5.935438102995995, 
                4.445944209624491, 
                5.928251557055272, 
                5.938272606380294, 
                4.448305177933987, 
                5.938825582987782, 
                5.953354751122386
            ], 
            "p99_lats": [
                12.40750307, 
                20.511987689999998, 
                28.63639888, 
                39.501998650000004, 
                47.67779649, 
                55.85588366, 
                66.77861393, 
                74.95611291, 
                83.14767007, 
                94.08403787, 
                102.28491307, 
                110.47136814999999, 
                121.40197957000001, 
                129.58765591000002, 
                137.75315598
            ], 
            "mean_lats": [
                7.325140800000001, 
                16.2649131, 
                25.186009300000002, 
                34.35716002, 
                43.39571744, 
                52.38605889999999, 
                61.61018001999999, 
                70.67746806, 
                79.67099286000001, 
                88.91854347999998, 
                97.99221152, 
                106.99886343999998, 
                116.23581054, 
                125.29843814, 
                134.28930096
            ]
        }
    ], 
    "node_configs": [
        {
            "model_image": "model-comp/nmt", 
            "name": "nmt", 
            "cpus_per_replica": 3, 
            "input_type": "strings", 
            "use_nvidia_docker": true, 
            "batch_size": 15, 
            "num_replicas": 1, 
            "slo": 500000, 
            "allocated_cpus": [
                6, 
                7, 
                8, 
                9, 
                10, 
                11, 
                12, 
                13, 
                14, 
                15
            ], 
            "gpus": [
                0
            ], 
            "input_size": 80
        }
    ], 
    "clipper_metrics": {
        "histograms": [
            {
                "internal:rpc_request_queueing_delay": {
                    "p99": "0", 
                    "min": "0", 
                    "max": "0", 
                    "p95": "0", 
                    "std_dev": "0", 
                    "size": "0", 
                    "p50": "0", 
                    "unit": "microseconds", 
                    "mean": "0"
                }
            }, 
            {
                "app:nmt:prediction_latency": {
                    "p99": "137719520.000000000102", 
                    "min": "1568510", 
                    "max": "137753807", 
                    "p95": "132277942.799999999872", 
                    "std_dev": "39394953.2427056620836", 
                    "size": "751", 
                    "p50": "69514508", 
                    "unit": "microseconds", 
                    "mean": "70793541.6511318242628"
                }
            }, 
            {
                "model:nmt:1:prediction_latency": {
                    "p99": "2819586", 
                    "min": "1568222", 
                    "max": "2819586", 
                    "p95": "2815863.19999999999868", 
                    "std_dev": "171319.764289273573652", 
                    "size": "51", 
                    "p50": "2803475", 
                    "unit": "microseconds", 
                    "mean": "2775901.15686274509767"
                }
            }, 
            {
                "model:nmt:1:batch_size": {
                    "p99": "15", 
                    "min": "1", 
                    "max": "15", 
                    "p95": "15", 
                    "std_dev": "1.94107743855130692823", 
                    "size": "51", 
                    "p50": "15", 
                    "unit": "queries", 
                    "mean": "14.7254901960784313764"
                }
            }
        ], 
        "meters": [
            {
                "internal:aggregate_model_throughput": {
                    "rate": "3.9169430736737354", 
                    "rate_1min": "4.8062370305060353", 
                    "rate_15min": "0.75823424916318682", 
                    "unit": "events per second", 
                    "rate_5min": "1.9670136906144116"
                }
            }, 
            {
                "app:nmt:prediction_throughput": {
                    "rate": "0", 
                    "rate_1min": "0", 
                    "rate_15min": "0", 
                    "unit": "events per second", 
                    "rate_5min": "0"
                }
            }, 
            {
                "model:nmt:1:prediction_throughput": {
                    "rate": "4.3601300442749436", 
                    "rate_1min": "4.837043279351632", 
                    "rate_15min": "0.75865718511724178", 
                    "unit": "events per second", 
                    "rate_5min": "1.9702034088604157"
                }
            }
        ], 
        "ratio_counters": [
            {
                "app:nmt:default_prediction_ratio": {
                    "ratio": "0"
                }
            }, 
            {
                "model:nmt:1:cache_hit_ratio": {
                    "ratio": "0"
                }
            }
        ], 
        "counters": [
            {
                "internal:aggregate_num_predictions": {
                    "count": "5000"
                }
            }, 
            {
                "app:nmt:num_predictions": {
                    "count": "751"
                }
            }, 
            {
                "model:nmt:1:num_predictions": {
                    "count": "751"
                }
            }
        ]
    }
}