{
    "client_metrics": [
        {
            "thrus": [
                3.598241640061268, 
                4.540171024610361, 
                4.542627379360082, 
                4.029049771174147, 
                4.536791336180321, 
                4.530700525135375, 
                4.022488607507766, 
                4.529331361081286, 
                4.529974387524813, 
                4.020292183579085, 
                4.525320161876133, 
                4.5271770968299805, 
                4.029455643107568, 
                4.520531213047483, 
                4.525639239754156
            ], 
            "p99_lats": [
                12.976363049999998, 
                24.402723530000003, 
                35.16143770000001, 
                46.634768769999994, 
                58.06529318, 
                68.85194778, 
                80.34459938, 
                91.79405735, 
                102.58336623, 
                114.07135667, 
                125.52393858, 
                136.3201538, 
                147.79163022999998, 
                159.26235350000002, 
                170.06135344
            ], 
            "mean_lats": [
                7.57910896, 
                18.7897825, 
                29.985116939999997, 
                41.2158648, 
                52.45177325999999, 
                63.66040922, 
                74.91949506, 
                86.17397324, 
                97.39515411999999, 
                108.65385846000002, 
                119.8943892, 
                131.12603954, 
                142.37408046, 
                153.62965732, 
                164.8667844
            ]
        }
    ], 
    "node_configs": [
        {
            "model_image": "model-comp/nmt", 
            "name": "nmt", 
            "cpus_per_replica": 3, 
            "input_type": "strings", 
            "use_nvidia_docker": true, 
            "batch_size": 6, 
            "num_replicas": 1, 
            "slo": 500000, 
            "allocated_cpus": [
                6, 
                7, 
                8, 
                9, 
                10, 
                11, 
                12, 
                13, 
                14, 
                15
            ], 
            "gpus": [
                0
            ], 
            "input_size": 80
        }
    ], 
    "clipper_metrics": {
        "histograms": [
            {
                "internal:rpc_request_queueing_delay": {
                    "p99": "0", 
                    "min": "0", 
                    "max": "0", 
                    "p95": "0", 
                    "std_dev": "0", 
                    "size": "0", 
                    "p50": "0", 
                    "unit": "microseconds", 
                    "mean": "0"
                }
            }, 
            {
                "app:nmt:prediction_latency": {
                    "p99": "168706131.480000000083", 
                    "min": "1526146", 
                    "max": "170062382", 
                    "p95": "161960405.199999999866", 
                    "std_dev": "48724103.5481961574187", 
                    "size": "751", 
                    "p50": "86383143", 
                    "unit": "microseconds", 
                    "mean": "86290696.9054593875117"
                }
            }, 
            {
                "model:nmt:1:prediction_latency": {
                    "p99": "1489528.7700000005425", 
                    "min": "1366832", 
                    "max": "1525857", 
                    "p95": "1385300.04999999999848", 
                    "std_dev": "13537.6042899444992145", 
                    "size": "126", 
                    "p50": "1379362.5", 
                    "unit": "microseconds", 
                    "mean": "1380353.18253968253975"
                }
            }, 
            {
                "model:nmt:1:batch_size": {
                    "p99": "6", 
                    "min": "1", 
                    "max": "6", 
                    "p95": "6", 
                    "std_dev": "0.443664281249958273505", 
                    "size": "126", 
                    "p50": "6", 
                    "unit": "queries", 
                    "mean": "5.96031746031746031359"
                }
            }
        ], 
        "meters": [
            {
                "internal:aggregate_model_throughput": {
                    "rate": "3.3656134653793908", 
                    "rate_1min": "4.0559715716032425", 
                    "rate_15min": "0.7423094002472318", 
                    "unit": "events per second", 
                    "rate_5min": "1.8662030752462164"
                }
            }, 
            {
                "app:nmt:prediction_throughput": {
                    "rate": "0", 
                    "rate_1min": "0", 
                    "rate_15min": "0", 
                    "unit": "events per second", 
                    "rate_5min": "0"
                }
            }, 
            {
                "model:nmt:1:prediction_throughput": {
                    "rate": "3.6918483496847969", 
                    "rate_1min": "4.0764380764199046", 
                    "rate_15min": "0.74257648620941652", 
                    "unit": "events per second", 
                    "rate_5min": "1.868177428032362"
                }
            }
        ], 
        "ratio_counters": [
            {
                "app:nmt:default_prediction_ratio": {
                    "ratio": "0"
                }
            }, 
            {
                "model:nmt:1:cache_hit_ratio": {
                    "ratio": "0"
                }
            }
        ], 
        "counters": [
            {
                "internal:aggregate_num_predictions": {
                    "count": "5000"
                }
            }, 
            {
                "app:nmt:num_predictions": {
                    "count": "751"
                }
            }, 
            {
                "model:nmt:1:num_predictions": {
                    "count": "751"
                }
            }
        ]
    }
}