{
    "client_metrics": [
        {
            "thrus": [
                8.683845164956585, 
                15.53114818361669, 
                10.33257884842582, 
                15.5039096208891, 
                10.384893220450929, 
                15.440772285666641, 
                10.29566896212038, 
                15.409160992756771, 
                10.273313281195584, 
                15.362516994784425, 
                10.339877993575627, 
                15.393756907948413, 
                10.246353066784705, 
                15.341767009493791, 
                10.215020042890826
            ], 
            "p99_lats": [
                5.5411909900000005, 
                8.553728020000001, 
                13.0844481, 
                16.101334190000003, 
                20.605895869999998, 
                23.63697367, 
                28.184516610000003, 
                31.22245939, 
                35.780204170000005, 
                38.826675429999995, 
                43.35369009, 
                46.394407560000005, 
                50.96517824, 
                54.01178272, 
                58.5848053
            ], 
            "mean_lats": [
                3.6026835000000004, 
                7.2395109400000015, 
                11.137646519999999, 
                14.78438034, 
                18.67161136, 
                22.313434540000003, 
                26.229763679999998, 
                29.896069819999997, 
                33.823536340000004, 
                37.49701548, 
                41.42656125999999, 
                45.06710430000001, 
                49.00436232, 
                52.68371754, 
                56.623405840000004
            ]
        }
    ], 
    "node_configs": [
        {
            "model_image": "model-comp/nmt", 
            "name": "nmt", 
            "cpus_per_replica": 1, 
            "input_type": "strings", 
            "use_nvidia_docker": true, 
            "batch_size": 20, 
            "num_replicas": 1, 
            "slo": 500000, 
            "allocated_cpus": [
                6, 
                7, 
                8, 
                9, 
                10, 
                11, 
                12, 
                13, 
                14, 
                15
            ], 
            "gpus": [
                0
            ], 
            "input_size": 20
        }
    ], 
    "clipper_metrics": {
        "histograms": [
            {
                "internal:rpc_request_queueing_delay": {
                    "p99": "0", 
                    "min": "0", 
                    "max": "0", 
                    "p95": "0", 
                    "std_dev": "0", 
                    "size": "0", 
                    "p50": "0", 
                    "unit": "microseconds", 
                    "mean": "0"
                }
            }, 
            {
                "app:nmt:prediction_latency": {
                    "p99": "58551333.0799999999799", 
                    "min": "891542", 
                    "max": "58585527", 
                    "p95": "56968450.0999999998749", 
                    "std_dev": "16638358.4038848228793", 
                    "size": "761", 
                    "p50": "29701639", 
                    "unit": "microseconds", 
                    "mean": "30409333.6320630749069"
                }
            }, 
            {
                "model:nmt:1:prediction_latency": {
                    "p99": "1644614", 
                    "min": "891248", 
                    "max": "1644614", 
                    "p95": "1634938", 
                    "std_dev": "115690.862315098357847", 
                    "size": "39", 
                    "p50": "1621780", 
                    "unit": "microseconds", 
                    "mean": "1600595.38461538461547"
                }
            }, 
            {
                "model:nmt:1:batch_size": {
                    "p99": "20", 
                    "min": "1", 
                    "max": "20", 
                    "p95": "20", 
                    "std_dev": "3.00317605272847570506", 
                    "size": "39", 
                    "p50": "20", 
                    "unit": "queries", 
                    "mean": "19.5128205128205128114"
                }
            }
        ], 
        "meters": [
            {
                "internal:aggregate_model_throughput": {
                    "rate": "8.5926527624898767", 
                    "rate_1min": "7.758210654838587", 
                    "rate_15min": "0.7761494608469387", 
                    "unit": "events per second", 
                    "rate_5min": "2.1879649101949044"
                }
            }, 
            {
                "app:nmt:prediction_throughput": {
                    "rate": "0", 
                    "rate_1min": "0", 
                    "rate_15min": "0", 
                    "unit": "events per second", 
                    "rate_5min": "0"
                }
            }, 
            {
                "model:nmt:1:prediction_throughput": {
                    "rate": "11.291976792301954", 
                    "rate_1min": "7.6150332728194963", 
                    "rate_15min": "0.77519144837883536", 
                    "unit": "events per second", 
                    "rate_5min": "2.1798485029742336"
                }
            }
        ], 
        "ratio_counters": [
            {
                "app:nmt:default_prediction_ratio": {
                    "ratio": "0"
                }
            }, 
            {
                "model:nmt:1:cache_hit_ratio": {
                    "ratio": "0"
                }
            }
        ], 
        "counters": [
            {
                "internal:aggregate_num_predictions": {
                    "count": "5000"
                }
            }, 
            {
                "app:nmt:num_predictions": {
                    "count": "761"
                }
            }, 
            {
                "model:nmt:1:num_predictions": {
                    "count": "761"
                }
            }
        ]
    }
}