{
    "client_metrics": [
        {
            "thrus": [
                5.792261469170052, 
                7.514907321653965, 
                7.19143839123496, 
                6.56367904187089, 
                7.492485411756279, 
                7.410425371755104, 
                6.618583101671894, 
                7.473587966447178, 
                7.502198519276074, 
                6.6391496046054455, 
                7.49247193881947, 
                7.226025600652539, 
                6.499740335373602, 
                7.359433712182263, 
                7.291635677215038
            ], 
            "p99_lats": [
                7.945602569999998, 
                14.753091470000001, 
                21.45663841, 
                28.393954559999997, 
                35.218352980000006, 
                41.71531367, 
                48.59538312, 
                55.43096899, 
                61.84654833, 
                68.71342575999999, 
                75.52145345, 
                82.19192810000001, 
                89.20692109000001, 
                96.14956319999999, 
                102.75634543999999
            ], 
            "mean_lats": [
                4.73059928, 
                11.42017148, 
                18.18645034, 
                25.10017974, 
                31.857130680000004, 
                38.589034319999996, 
                45.34132372000001, 
                52.05012912000001, 
                58.75498428, 
                65.47448408, 
                72.17764027999999, 
                78.92439780000001, 
                85.82863734, 
                92.72798122, 
                99.60004006000001
            ]
        }
    ], 
    "node_configs": [
        {
            "model_image": "model-comp/nmt", 
            "name": "nmt", 
            "cpus_per_replica": 2, 
            "input_type": "strings", 
            "use_nvidia_docker": true, 
            "batch_size": 6, 
            "num_replicas": 1, 
            "slo": 500000, 
            "allocated_cpus": [
                6, 
                7, 
                8, 
                9, 
                10, 
                11, 
                12, 
                13, 
                14, 
                15
            ], 
            "gpus": [
                0
            ], 
            "input_size": 40
        }
    ], 
    "clipper_metrics": {
        "histograms": [
            {
                "internal:rpc_request_queueing_delay": {
                    "p99": "0", 
                    "min": "0", 
                    "max": "0", 
                    "p95": "0", 
                    "std_dev": "0", 
                    "size": "0", 
                    "p50": "0", 
                    "unit": "microseconds", 
                    "mean": "0"
                }
            }, 
            {
                "app:nmt:prediction_latency": {
                    "p99": "101971537.440000000104", 
                    "min": "1176284", 
                    "max": "102756923", 
                    "p95": "97765319.5999999998749", 
                    "std_dev": "29324402.5065642085156", 
                    "size": "751", 
                    "p50": "52158518", 
                    "unit": "microseconds", 
                    "mean": "52116350.43009320907"
                }
            }, 
            {
                "model:nmt:1:prediction_latency": {
                    "p99": "1129121.25000000068394", 
                    "min": "780887", 
                    "max": "1176000", 
                    "p95": "910616.749999999527063", 
                    "std_dev": "43980.4174959797910205", 
                    "size": "126", 
                    "p50": "841344.5", 
                    "unit": "microseconds", 
                    "mean": "846364.079365079364948"
                }
            }, 
            {
                "model:nmt:1:batch_size": {
                    "p99": "6", 
                    "min": "1", 
                    "max": "6", 
                    "p95": "6", 
                    "std_dev": "0.443664281249958273505", 
                    "size": "126", 
                    "p50": "6", 
                    "unit": "queries", 
                    "mean": "5.96031746031746031359"
                }
            }
        ], 
        "meters": [
            {
                "internal:aggregate_model_throughput": {
                    "rate": "5.6475257505366203", 
                    "rate_1min": "5.7595472589016534", 
                    "rate_15min": "0.76305830549309706", 
                    "unit": "events per second", 
                    "rate_5min": "2.0493505491570825"
                }
            }, 
            {
                "app:nmt:prediction_throughput": {
                    "rate": "0", 
                    "rate_1min": "0", 
                    "rate_15min": "0", 
                    "unit": "events per second", 
                    "rate_5min": "0"
                }
            }, 
            {
                "model:nmt:1:prediction_throughput": {
                    "rate": "6.6472938618853075", 
                    "rate_1min": "5.7595472589016534", 
                    "rate_15min": "0.76305830549309706", 
                    "unit": "events per second", 
                    "rate_5min": "2.0493505491570825"
                }
            }
        ], 
        "ratio_counters": [
            {
                "app:nmt:default_prediction_ratio": {
                    "ratio": "0"
                }
            }, 
            {
                "model:nmt:1:cache_hit_ratio": {
                    "ratio": "0"
                }
            }
        ], 
        "counters": [
            {
                "internal:aggregate_num_predictions": {
                    "count": "5000"
                }
            }, 
            {
                "app:nmt:num_predictions": {
                    "count": "751"
                }
            }, 
            {
                "model:nmt:1:num_predictions": {
                    "count": "751"
                }
            }
        ]
    }
}