{
    "client_metrics": [
        {
            "thrus": [
                3.8081105290371857, 
                6.669469622433321, 
                4.435849935906404, 
                6.639336501890286, 
                4.423621964344722, 
                6.61645132984717, 
                4.4057766075643485, 
                6.614056695958561, 
                4.4048105464555105, 
                6.609418527151887, 
                4.409171853469463, 
                6.611906854101002, 
                4.410947123859572, 
                6.602101633808887, 
                4.408854602500314
            ], 
            "p99_lats": [
                12.91303838, 
                20.20282307, 
                31.16538757, 
                38.48981061, 
                49.48307753, 
                56.83278551000001, 
                67.87204025, 
                75.22426665, 
                86.26696763, 
                93.62487726, 
                104.65603671, 
                112.01034863, 
                123.03633743, 
                130.40242533, 
                141.43466988
            ], 
            "mean_lats": [
                8.29927412, 
                17.091539639999997, 
                26.5159474, 
                35.36331906, 
                44.826389860000006, 
                53.69856506, 
                63.19704034, 
                72.0890399, 
                81.59072932, 
                90.484907, 
                99.97889796, 
                108.87407391999999, 
                118.36458687999999, 
                127.2579911, 
                136.75653716
            ]
        }
    ], 
    "node_configs": [
        {
            "model_image": "model-comp/nmt", 
            "name": "nmt", 
            "cpus_per_replica": 1, 
            "input_type": "strings", 
            "use_nvidia_docker": true, 
            "batch_size": 20, 
            "num_replicas": 1, 
            "slo": 500000, 
            "allocated_cpus": [
                6, 
                7, 
                8, 
                9, 
                10, 
                11, 
                12, 
                13, 
                14, 
                15
            ], 
            "gpus": [
                0
            ], 
            "input_size": 80
        }
    ], 
    "clipper_metrics": {
        "histograms": [
            {
                "internal:rpc_request_queueing_delay": {
                    "p99": "0", 
                    "min": "0", 
                    "max": "0", 
                    "p95": "0", 
                    "std_dev": "0", 
                    "size": "0", 
                    "p50": "0", 
                    "unit": "microseconds", 
                    "mean": "0"
                }
            }, 
            {
                "app:nmt:prediction_latency": {
                    "p99": "141400930.89999999998", 
                    "min": "1904113", 
                    "max": "141434653", 
                    "p95": "137662599.499999999898", 
                    "std_dev": "40333114.1479513857557", 
                    "size": "761", 
                    "p50": "71553873", 
                    "unit": "microseconds", 
                    "mean": "73288107.7385019710782"
                }
            }, 
            {
                "model:nmt:1:prediction_latency": {
                    "p99": "3791959", 
                    "min": "1903810", 
                    "max": "3791959", 
                    "p95": "3787230", 
                    "std_dev": "295701.039430249851648", 
                    "size": "39", 
                    "p50": "3775441", 
                    "unit": "microseconds", 
                    "mean": "3724407.15384615384596"
                }
            }, 
            {
                "model:nmt:1:batch_size": {
                    "p99": "20", 
                    "min": "1", 
                    "max": "20", 
                    "p95": "20", 
                    "std_dev": "3.00317605272847570506", 
                    "size": "39", 
                    "p50": "20", 
                    "unit": "queries", 
                    "mean": "19.5128205128205128114"
                }
            }
        ], 
        "meters": [
            {
                "internal:aggregate_model_throughput": {
                    "rate": "3.8785711026025376", 
                    "rate_1min": "4.6726465059813327", 
                    "rate_15min": "0.76121722062613217", 
                    "unit": "events per second", 
                    "rate_5min": "1.9640145888714435"
                }
            }, 
            {
                "app:nmt:prediction_throughput": {
                    "rate": "0", 
                    "rate_1min": "0", 
                    "rate_15min": "0", 
                    "unit": "events per second", 
                    "rate_5min": "0"
                }
            }, 
            {
                "model:nmt:1:prediction_throughput": {
                    "rate": "4.3486292529158375", 
                    "rate_1min": "4.6390722404399583", 
                    "rate_15min": "0.74214869216585622", 
                    "unit": "events per second", 
                    "rate_5min": "1.9218931625655395"
                }
            }
        ], 
        "ratio_counters": [
            {
                "app:nmt:default_prediction_ratio": {
                    "ratio": "0"
                }
            }, 
            {
                "model:nmt:1:cache_hit_ratio": {
                    "ratio": "0"
                }
            }
        ], 
        "counters": [
            {
                "internal:aggregate_num_predictions": {
                    "count": "5000"
                }
            }, 
            {
                "app:nmt:num_predictions": {
                    "count": "761"
                }
            }, 
            {
                "model:nmt:1:num_predictions": {
                    "count": "761"
                }
            }
        ]
    }
}