{
    "client_metrics": [
        {
            "thrus": [
                16.715330565720333, 
                33.87322741400943, 
                22.70681595035745, 
                33.874833843939996, 
                22.617700250332707, 
                33.96409180358158, 
                22.451174308672215, 
                33.68686576053489, 
                22.547710956383707, 
                33.59354896360542, 
                22.447243366278403, 
                33.70750915664486, 
                22.50934137667132, 
                33.688931232132234, 
                22.47766843640843
            ], 
            "p99_lats": [
                2.7745463800000003, 
                4.04400174, 
                5.93736905, 
                7.20558927, 
                9.10614845, 
                10.370473230000002, 
                12.28909594, 
                13.5655347, 
                15.474283750000001, 
                16.75469371, 
                18.672805170000004, 
                19.94892723, 
                21.86119129, 
                23.137985039999997, 
                25.05251738
            ], 
            "mean_lats": [
                1.9203280200000001, 
                3.4608090400000004, 
                5.10397048, 
                6.622898, 
                8.26568846, 
                9.78938756, 
                11.4399496, 
                12.979724820000001, 
                14.62975828, 
                16.16769712, 
                17.825183359999997, 
                19.361549399999998, 
                21.02009282, 
                22.55274094, 
                24.20787284
            ]
        }
    ], 
    "node_configs": [
        {
            "model_image": "model-comp/nmt", 
            "name": "nmt", 
            "cpus_per_replica": 2, 
            "input_type": "strings", 
            "use_nvidia_docker": true, 
            "batch_size": 20, 
            "num_replicas": 1, 
            "slo": 500000, 
            "allocated_cpus": [
                6, 
                7, 
                8, 
                9, 
                10, 
                11, 
                12, 
                13, 
                14, 
                15
            ], 
            "gpus": [
                0
            ], 
            "input_size": 10
        }
    ], 
    "clipper_metrics": {
        "histograms": [
            {
                "internal:rpc_request_queueing_delay": {
                    "p99": "0", 
                    "min": "0", 
                    "max": "0", 
                    "p95": "0", 
                    "std_dev": "0", 
                    "size": "0", 
                    "p50": "0", 
                    "unit": "microseconds", 
                    "mean": "0"
                }
            }, 
            {
                "app:nmt:prediction_latency": {
                    "p99": "25657325.979999999774", 
                    "min": "683866", 
                    "max": "25692494", 
                    "p95": "24960119.4999999998727", 
                    "std_dev": "7177512.12041969178927", 
                    "size": "781", 
                    "p50": "13515034", 
                    "unit": "microseconds", 
                    "mean": "13511985.2343149807975"
                }
            }, 
            {
                "model:nmt:1:prediction_latency": {
                    "p99": "805413", 
                    "min": "683556", 
                    "max": "805413", 
                    "p95": "751673.349999999973079", 
                    "std_dev": "14148.4581972515648385", 
                    "size": "40", 
                    "p50": "740205", 
                    "unit": "microseconds", 
                    "mean": "740418.125000000000057"
                }
            }, 
            {
                "model:nmt:1:batch_size": {
                    "p99": "20", 
                    "min": "1", 
                    "max": "20", 
                    "p95": "20", 
                    "std_dev": "2.96637404923923914644", 
                    "size": "40", 
                    "p50": "20", 
                    "unit": "queries", 
                    "mean": "19.5249999999999999997"
                }
            }
        ], 
        "meters": [
            {
                "internal:aggregate_model_throughput": {
                    "rate": "14.066987173033056", 
                    "rate_1min": "10.10091311733526", 
                    "rate_15min": "0.83232850737469888", 
                    "unit": "events per second", 
                    "rate_5min": "2.4200883218329938"
                }
            }, 
            {
                "app:nmt:prediction_throughput": {
                    "rate": "0", 
                    "rate_1min": "0", 
                    "rate_15min": "0", 
                    "unit": "events per second", 
                    "rate_5min": "0"
                }
            }, 
            {
                "model:nmt:1:prediction_throughput": {
                    "rate": "22.165162302059567", 
                    "rate_1min": "10.356925868250876", 
                    "rate_15min": "0.85412552340789893", 
                    "unit": "events per second", 
                    "rate_5min": "2.4830479636885103"
                }
            }
        ], 
        "ratio_counters": [
            {
                "app:nmt:default_prediction_ratio": {
                    "ratio": "0"
                }
            }, 
            {
                "model:nmt:1:cache_hit_ratio": {
                    "ratio": "0"
                }
            }
        ], 
        "counters": [
            {
                "internal:aggregate_num_predictions": {
                    "count": "5000"
                }
            }, 
            {
                "app:nmt:num_predictions": {
                    "count": "781"
                }
            }, 
            {
                "model:nmt:1:num_predictions": {
                    "count": "781"
                }
            }
        ]
    }
}