{
    "client_metrics": [
        {
            "thrus": [
                15.620543263750061, 
                20.333716962793364, 
                20.29733155041573, 
                20.33727334108861, 
                20.274689604639498, 
                20.325021483547708, 
                20.242120046297778, 
                20.174802559294754, 
                20.20927104350975, 
                20.185472192695364, 
                20.142723280073284, 
                20.136817593456986, 
                20.117737044277934, 
                20.104034356990553, 
                20.071035408517826
            ], 
            "p99_lats": [
                2.9845103699999997, 
                5.18576829, 
                7.39083874, 
                9.590369639999999, 
                11.7984587, 
                14.00024743, 
                16.212423989999998, 
                18.432510830000002, 
                20.64768249, 
                22.86679182, 
                25.09101311, 
                27.31598082, 
                29.543425290000002, 
                31.77144714, 
                34.00463527
            ], 
            "mean_lats": [
                2.03522252, 
                4.24169326, 
                6.44570692, 
                8.64523822, 
                10.850683219999999, 
                13.0552427, 
                15.263285040000001, 
                17.47979572, 
                19.698093999999998, 
                21.913543259999997, 
                24.137050099999996, 
                26.360757, 
                28.589207899999998, 
                30.813300859999995, 
                33.043973720000004
            ]
        }
    ], 
    "node_configs": [
        {
            "model_image": "model-comp/nmt", 
            "name": "nmt", 
            "cpus_per_replica": 3, 
            "input_type": "strings", 
            "use_nvidia_docker": true, 
            "batch_size": 10, 
            "num_replicas": 1, 
            "slo": 500000, 
            "allocated_cpus": [
                6, 
                7, 
                8, 
                9, 
                10, 
                11, 
                12, 
                13, 
                14, 
                15
            ], 
            "gpus": [
                0
            ], 
            "input_size": 10
        }
    ], 
    "clipper_metrics": {
        "histograms": [
            {
                "internal:rpc_request_queueing_delay": {
                    "p99": "0", 
                    "min": "0", 
                    "max": "0", 
                    "p95": "0", 
                    "std_dev": "0", 
                    "size": "0", 
                    "p50": "0", 
                    "unit": "microseconds", 
                    "mean": "0"
                }
            }, 
            {
                "app:nmt:prediction_latency": {
                    "p99": "33971939.4400000000824", 
                    "min": "666483", 
                    "max": "34005745", 
                    "p95": "32628201.1999999998716", 
                    "std_dev": "9602056.28808639857652", 
                    "size": "751", 
                    "p50": "17519829", 
                    "unit": "microseconds", 
                    "mean": "17524666.9813581890867"
                }
            }, 
            {
                "model:nmt:1:prediction_latency": {
                    "p99": "666191", 
                    "min": "488088", 
                    "max": "666191", 
                    "p95": "499714.19999999998663", 
                    "std_dev": "20590.1215412206064546", 
                    "size": "76", 
                    "p50": "495234.5", 
                    "unit": "microseconds", 
                    "mean": "497665.749999999999943"
                }
            }, 
            {
                "model:nmt:1:batch_size": {
                    "p99": "10", 
                    "min": "1", 
                    "max": "10", 
                    "p95": "10", 
                    "std_dev": "1.02555639921841418565", 
                    "size": "76", 
                    "p50": "10", 
                    "unit": "queries", 
                    "mean": "9.88157894736842104966"
                }
            }
        ], 
        "meters": [
            {
                "internal:aggregate_model_throughput": {
                    "rate": "11.827612438465311", 
                    "rate_1min": "8.6933849873704716", 
                    "rate_15min": "0.74272690506919004", 
                    "unit": "events per second", 
                    "rate_5min": "2.14759517932408"
                }
            }, 
            {
                "app:nmt:prediction_throughput": {
                    "rate": "0", 
                    "rate_1min": "0", 
                    "rate_15min": "0", 
                    "unit": "events per second", 
                    "rate_5min": "0"
                }
            }, 
            {
                "model:nmt:1:prediction_throughput": {
                    "rate": "17.363130499832277", 
                    "rate_1min": "8.6550141316172269", 
                    "rate_15min": "0.74248608254214299", 
                    "unit": "events per second", 
                    "rate_5min": "2.1455331214573676"
                }
            }
        ], 
        "ratio_counters": [
            {
                "app:nmt:default_prediction_ratio": {
                    "ratio": "0"
                }
            }, 
            {
                "model:nmt:1:cache_hit_ratio": {
                    "ratio": "0"
                }
            }
        ], 
        "counters": [
            {
                "internal:aggregate_num_predictions": {
                    "count": "5000"
                }
            }, 
            {
                "app:nmt:num_predictions": {
                    "count": "751"
                }
            }, 
            {
                "model:nmt:1:num_predictions": {
                    "count": "751"
                }
            }
        ]
    }
}