{
    "client_metrics": [
        {
            "thrus": [
                3.818466439727569, 
                4.319792884938256, 
                4.306644825660988, 
                4.3016736177410655, 
                4.292845192189391, 
                4.2882168890907595, 
                4.284175899351341, 
                4.287819360001797, 
                4.288016460494547, 
                4.2882856643210605, 
                4.287330364271309, 
                4.286504104713465, 
                4.286817957617603, 
                4.281143003533484, 
                4.290049196568167
            ], 
            "p99_lats": [
                12.8778193, 
                24.17861792, 
                35.53047204, 
                46.89595815, 
                58.28558764, 
                69.68700482, 
                81.09871575, 
                92.50210971999999, 
                103.90425908, 
                115.30571239, 
                126.70950406, 
                138.11575098999998, 
                149.52227126000002, 
                160.94303416, 
                172.33987816
            ], 
            "mean_lats": [
                8.118214340000002, 
                19.414897500000002, 
                30.7373675, 
                42.09928694, 
                53.48016052, 
                64.8756251, 
                76.28429628, 
                87.69344832, 
                99.09769578, 
                110.49900828, 
                121.90315272, 
                133.3004132, 
                144.71084742, 
                156.12586458, 
                167.53003638
            ]
        }
    ], 
    "node_configs": [
        {
            "model_image": "model-comp/nmt", 
            "name": "nmt", 
            "cpus_per_replica": 4, 
            "input_type": "strings", 
            "use_nvidia_docker": true, 
            "batch_size": 10, 
            "num_replicas": 1, 
            "slo": 500000, 
            "allocated_cpus": [
                6, 
                7, 
                8, 
                9, 
                10, 
                11, 
                12, 
                13, 
                14, 
                15
            ], 
            "gpus": [
                0
            ], 
            "input_size": 80
        }
    ], 
    "clipper_metrics": {
        "histograms": [
            {
                "internal:rpc_request_queueing_delay": {
                    "p99": "0", 
                    "min": "0", 
                    "max": "0", 
                    "p95": "0", 
                    "std_dev": "0", 
                    "size": "0", 
                    "p50": "0", 
                    "unit": "microseconds", 
                    "mean": "0"
                }
            }, 
            {
                "app:nmt:prediction_latency": {
                    "p99": "172306173.760000000097", 
                    "min": "1560189", 
                    "max": "172339749", 
                    "p95": "165466501.799999999872", 
                    "std_dev": "49398562.7326567819327", 
                    "size": "751", 
                    "p50": "87915425", 
                    "unit": "microseconds", 
                    "mean": "87834959.3288948069749"
                }
            }, 
            {
                "model:nmt:1:prediction_latency": {
                    "p99": "2341715", 
                    "min": "1559888", 
                    "max": "2341715", 
                    "p95": "2339067.19999999999322", 
                    "std_dev": "87965.3357320880583643", 
                    "size": "76", 
                    "p50": "2329992", 
                    "unit": "microseconds", 
                    "mean": "2318038.96052631578937"
                }
            }, 
            {
                "model:nmt:1:batch_size": {
                    "p99": "10", 
                    "min": "1", 
                    "max": "10", 
                    "p95": "10", 
                    "std_dev": "1.02555639921841418565", 
                    "size": "76", 
                    "p50": "10", 
                    "unit": "queries", 
                    "mean": "9.88157894736842104966"
                }
            }
        ], 
        "meters": [
            {
                "internal:aggregate_model_throughput": {
                    "rate": "3.2942345416826888", 
                    "rate_1min": "4.1173194393302897", 
                    "rate_15min": "0.74990988130834313", 
                    "unit": "events per second", 
                    "rate_5min": "1.8836543193212956"
                }
            }, 
            {
                "app:nmt:prediction_throughput": {
                    "rate": "0", 
                    "rate_1min": "0", 
                    "rate_15min": "0", 
                    "unit": "events per second", 
                    "rate_5min": "0"
                }
            }, 
            {
                "model:nmt:1:prediction_throughput": {
                    "rate": "3.6056512913853749", 
                    "rate_1min": "3.974070696081371", 
                    "rate_15min": "0.73910493156683243", 
                    "unit": "events per second", 
                    "rate_5min": "1.8525866964503768"
                }
            }
        ], 
        "ratio_counters": [
            {
                "app:nmt:default_prediction_ratio": {
                    "ratio": "0"
                }
            }, 
            {
                "model:nmt:1:cache_hit_ratio": {
                    "ratio": "0"
                }
            }
        ], 
        "counters": [
            {
                "internal:aggregate_num_predictions": {
                    "count": "5000"
                }
            }, 
            {
                "app:nmt:num_predictions": {
                    "count": "751"
                }
            }, 
            {
                "model:nmt:1:num_predictions": {
                    "count": "751"
                }
            }
        ]
    }
}