{
    "client_metrics": [
        {
            "thrus": [
                2.9255211464859925, 
                3.0889775027297297, 
                3.075709827692584, 
                3.042692690533264, 
                3.0913565732040347, 
                3.0861160945028003, 
                3.087017338665065, 
                3.0962837102470457, 
                3.082839282647962, 
                3.0891443020856917, 
                3.104715342311011, 
                3.087380462031426, 
                3.0697911492149963, 
                3.057986144876375, 
                3.0675194779818056
            ], 
            "p99_lats": [
                16.51303481, 
                32.460147, 
                48.47930045, 
                64.61274221000001, 
                80.53563842, 
                96.48079293, 
                112.41232031, 
                128.30304251, 
                144.26944575, 
                160.21305123000002, 
                176.04449993, 
                191.97245637, 
                208.04344757, 
                224.09250701, 
                240.14940266000002
            ], 
            "mean_lats": [
                8.98123814, 
                24.84655352, 
                40.71797125999999, 
                56.81715961999999, 
                72.88130796, 
                88.80295942, 
                104.72651779999998, 
                120.57013689999998, 
                136.57795882, 
                152.57893, 
                168.47945888, 
                184.30790336, 
                200.29127092000002, 
                216.32368456000003, 
                232.45756251999998
            ]
        }
    ], 
    "node_configs": [
        {
            "model_image": "model-comp/nmt", 
            "name": "nmt", 
            "cpus_per_replica": 5, 
            "input_type": "strings", 
            "use_nvidia_docker": true, 
            "batch_size": 2, 
            "num_replicas": 1, 
            "slo": 500000, 
            "allocated_cpus": [
                6, 
                7, 
                8, 
                9, 
                10, 
                11, 
                12, 
                13, 
                14, 
                15
            ], 
            "gpus": [
                0
            ], 
            "input_size": 40
        }
    ], 
    "clipper_metrics": {
        "histograms": [
            {
                "internal:rpc_request_queueing_delay": {
                    "p99": "0", 
                    "min": "0", 
                    "max": "0", 
                    "p95": "0", 
                    "std_dev": "0", 
                    "size": "0", 
                    "p50": "0", 
                    "unit": "microseconds", 
                    "mean": "0"
                }
            }, 
            {
                "app:nmt:prediction_latency": {
                    "p99": "239196860.180000000168", 
                    "min": "1170515", 
                    "max": "241087985", 
                    "p95": "229471348.69999999975", 
                    "std_dev": "69362309.8775582992748", 
                    "size": "753", 
                    "p50": "120845580", 
                    "unit": "microseconds", 
                    "mean": "121101523.442231075693"
                }
            }, 
            {
                "model:nmt:1:prediction_latency": {
                    "p99": "779705.939999999725842", 
                    "min": "564459", 
                    "max": "1170218", 
                    "p95": "681848.699999999995327", 
                    "std_dev": "39821.8312298353717402", 
                    "size": "377", 
                    "p50": "654883", 
                    "unit": "microseconds", 
                    "mean": "649738.668435013262581"
                }
            }, 
            {
                "model:nmt:1:batch_size": {
                    "p99": "2", 
                    "min": "1", 
                    "max": "2", 
                    "p95": "2", 
                    "std_dev": "0.0514342690442050824284", 
                    "size": "377", 
                    "p50": "2", 
                    "unit": "queries", 
                    "mean": "1.997347480106100805"
                }
            }
        ], 
        "meters": [
            {
                "internal:aggregate_model_throughput": {
                    "rate": "2.7788215990370562", 
                    "rate_1min": "3.0149207750844611", 
                    "rate_15min": "0.72910991414494442", 
                    "unit": "events per second", 
                    "rate_5min": "1.7095172385680004"
                }
            }, 
            {
                "app:nmt:prediction_throughput": {
                    "rate": "0", 
                    "rate_1min": "0", 
                    "rate_15min": "0", 
                    "unit": "events per second", 
                    "rate_5min": "0"
                }
            }, 
            {
                "model:nmt:1:prediction_throughput": {
                    "rate": "3.0007646330852706", 
                    "rate_1min": "3.0147703720586017", 
                    "rate_15min": "0.72909975002108096", 
                    "unit": "events per second", 
                    "rate_5min": "1.7094552332276258"
                }
            }
        ], 
        "ratio_counters": [
            {
                "app:nmt:default_prediction_ratio": {
                    "ratio": "0"
                }
            }, 
            {
                "model:nmt:1:cache_hit_ratio": {
                    "ratio": "0"
                }
            }
        ], 
        "counters": [
            {
                "internal:aggregate_num_predictions": {
                    "count": "5000"
                }
            }, 
            {
                "app:nmt:num_predictions": {
                    "count": "753"
                }
            }, 
            {
                "model:nmt:1:num_predictions": {
                    "count": "753"
                }
            }
        ]
    }
}