{
    "client_metrics": [
        {
            "thrus": [
                7.251731532196601, 
                9.267711755628977, 
                9.212310594894168, 
                9.515635140098697, 
                7.924540622304666, 
                9.404177636639881, 
                9.096833610544175, 
                9.343524003513165, 
                8.052175520677826, 
                9.263652632294686, 
                9.462677025396122, 
                9.101185156331058, 
                7.968250664591946, 
                9.135915934955934, 
                9.274815185395209
            ], 
            "p99_lats": [
                6.3005014899999985, 
                11.78546166, 
                16.965180699999998, 
                21.97162125, 
                27.55307793, 
                33.045435080000004, 
                38.29379789, 
                43.397229089999996, 
                48.88996478999999, 
                54.46789495, 
                59.50422748, 
                64.75018272, 
                70.30644963, 
                75.96195325000001, 
                81.10448841000002
            ], 
            "mean_lats": [
                3.79111382, 
                9.002058380000001, 
                14.36321564, 
                19.689203619999997, 
                24.967614759999996, 
                30.334762920000003, 
                35.654115020000006, 
                40.97860956, 
                46.303879699999996, 
                51.72206158, 
                56.97712418000001, 
                62.31637221999999, 
                67.72970461999999, 
                73.15336916, 
                78.54388136
            ]
        }
    ], 
    "node_configs": [
        {
            "model_image": "model-comp/nmt", 
            "name": "nmt", 
            "cpus_per_replica": 4, 
            "input_type": "strings", 
            "use_nvidia_docker": true, 
            "batch_size": 8, 
            "num_replicas": 1, 
            "slo": 500000, 
            "allocated_cpus": [
                6, 
                7, 
                8, 
                9, 
                10, 
                11, 
                12, 
                13, 
                14, 
                15
            ], 
            "gpus": [
                0
            ], 
            "input_size": 20
        }
    ], 
    "clipper_metrics": {
        "histograms": [
            {
                "internal:rpc_request_queueing_delay": {
                    "p99": "0", 
                    "min": "0", 
                    "max": "0", 
                    "p95": "0", 
                    "std_dev": "0", 
                    "size": "0", 
                    "p50": "0", 
                    "unit": "microseconds", 
                    "mean": "0"
                }
            }, 
            {
                "app:nmt:prediction_latency": {
                    "p99": "81954850.5799999999726", 
                    "min": "787259", 
                    "max": "81988686", 
                    "p95": "78538657.499999999869", 
                    "std_dev": "23461938.832667277482", 
                    "size": "761", 
                    "p50": "41622567", 
                    "unit": "microseconds", 
                    "mean": "41621156.3101182654282"
                }
            }, 
            {
                "model:nmt:1:prediction_latency": {
                    "p99": "965601", 
                    "min": "735819", 
                    "max": "965601", 
                    "p95": "924959.849999999999341", 
                    "std_dev": "42664.2737341245287475", 
                    "size": "96", 
                    "p50": "913401.5", 
                    "unit": "microseconds", 
                    "mean": "894616.322916666666742"
                }
            }, 
            {
                "model:nmt:1:batch_size": {
                    "p99": "8", 
                    "min": "1", 
                    "max": "8", 
                    "p95": "8", 
                    "std_dev": "0.71070375430898695098", 
                    "size": "96", 
                    "p50": "8", 
                    "unit": "queries", 
                    "mean": "7.92708333333333333868"
                }
            }
        ], 
        "meters": [
            {
                "internal:aggregate_model_throughput": {
                    "rate": "6.8217906603464673", 
                    "rate_1min": "6.7124148425466128", 
                    "rate_15min": "0.79058891474017523", 
                    "unit": "events per second", 
                    "rate_5min": "2.1681280968787751"
                }
            }, 
            {
                "app:nmt:prediction_throughput": {
                    "rate": "0", 
                    "rate_1min": "0", 
                    "rate_15min": "0", 
                    "unit": "events per second", 
                    "rate_5min": "0"
                }
            }, 
            {
                "model:nmt:1:prediction_throughput": {
                    "rate": "8.3112908471139573", 
                    "rate_1min": "6.7124148425466128", 
                    "rate_15min": "0.79058891474017523", 
                    "unit": "events per second", 
                    "rate_5min": "2.1681280968787751"
                }
            }
        ], 
        "ratio_counters": [
            {
                "app:nmt:default_prediction_ratio": {
                    "ratio": "0"
                }
            }, 
            {
                "model:nmt:1:cache_hit_ratio": {
                    "ratio": "0"
                }
            }
        ], 
        "counters": [
            {
                "internal:aggregate_num_predictions": {
                    "count": "5000"
                }
            }, 
            {
                "app:nmt:num_predictions": {
                    "count": "761"
                }
            }, 
            {
                "model:nmt:1:num_predictions": {
                    "count": "761"
                }
            }
        ]
    }
}