{
    "client_metrics": [
        {
            "thrus": [
                2.5661876244472692, 
                2.554516968430053, 
                2.5654352748376463, 
                2.5751557930627467, 
                2.6159966942172974, 
                2.5810687896129534, 
                2.5407390999878907, 
                2.5567981196692995, 
                2.6371602889230616, 
                2.4684969188962005, 
                2.53545337126304, 
                2.4708531979635224, 
                2.6067690911426578, 
                2.532181879331709, 
                2.588878798014641
            ], 
            "p99_lats": [
                19.079929269999997, 
                38.33543083, 
                57.614059399999995, 
                76.71439486999999, 
                95.55406525999999, 
                114.75807562, 
                134.14743753, 
                153.4591532, 
                172.08721830000002, 
                192.15434846, 
                211.56784969, 
                231.59304502, 
                250.49025039000003, 
                269.99247942, 
                289.04297046
            ], 
            "mean_lats": [
                10.22075328, 
                29.002816819999993, 
                48.274428499999985, 
                67.70189896000002, 
                86.42702395999999, 
                105.74728578, 
                124.85133822, 
                143.91070699999997, 
                163.12413886000002, 
                182.72949559999998, 
                202.0726212, 
                221.91992249999998, 
                241.60811994, 
                260.64110444, 
                279.88042287999997
            ]
        }
    ], 
    "node_configs": [
        {
            "model_image": "model-comp/nmt", 
            "name": "nmt", 
            "cpus_per_replica": 2, 
            "input_type": "strings", 
            "use_nvidia_docker": true, 
            "batch_size": 1, 
            "num_replicas": 1, 
            "slo": 500000, 
            "allocated_cpus": [
                6, 
                7, 
                8, 
                9, 
                10, 
                11, 
                12, 
                13, 
                14, 
                15
            ], 
            "gpus": [
                0
            ], 
            "input_size": 20
        }
    ], 
    "clipper_metrics": {
        "histograms": [
            {
                "internal:rpc_request_queueing_delay": {
                    "p99": "0", 
                    "min": "0", 
                    "max": "0", 
                    "p95": "0", 
                    "std_dev": "0", 
                    "size": "0", 
                    "p50": "0", 
                    "unit": "microseconds", 
                    "mean": "0"
                }
            }, 
            {
                "app:nmt:prediction_latency": {
                    "p99": "286551986.88000000373", 
                    "min": "808654", 
                    "max": "289205725", 
                    "p95": "275469656.699999978387", 
                    "std_dev": "83513245.7174560498024", 
                    "size": "750", 
                    "p50": "143684167.5", 
                    "unit": "microseconds", 
                    "mean": "144539234.511999999973"
                }
            }, 
            {
                "model:nmt:1:prediction_latency": {
                    "p99": "491049.550000000000864", 
                    "min": "255189", 
                    "max": "808369", 
                    "p95": "487525.799999999990177", 
                    "std_dev": "62899.2771512918421841", 
                    "size": "750", 
                    "p50": "380888", 
                    "unit": "microseconds", 
                    "mean": "390764.324000000000183"
                }
            }, 
            {
                "model:nmt:1:batch_size": {
                    "p99": "1", 
                    "min": "1", 
                    "max": "1", 
                    "p95": "1", 
                    "std_dev": "5.20417042793042128324e-18", 
                    "size": "750", 
                    "p50": "1", 
                    "unit": "queries", 
                    "mean": "1.0000000000000000052"
                }
            }
        ], 
        "meters": [
            {
                "internal:aggregate_model_throughput": {
                    "rate": "2.3527072195741527", 
                    "rate_1min": "2.5361741298020823", 
                    "rate_15min": "0.70300147440484861", 
                    "unit": "events per second", 
                    "rate_5min": "1.5816810674202475"
                }
            }, 
            {
                "app:nmt:prediction_throughput": {
                    "rate": "0", 
                    "rate_1min": "0", 
                    "rate_15min": "0", 
                    "unit": "events per second", 
                    "rate_5min": "0"
                }
            }, 
            {
                "model:nmt:1:prediction_throughput": {
                    "rate": "2.5089708503651895", 
                    "rate_1min": "2.5401153177139402", 
                    "rate_15min": "0.70308060305286713", 
                    "unit": "events per second", 
                    "rate_5min": "1.582211666212612"
                }
            }
        ], 
        "ratio_counters": [
            {
                "app:nmt:default_prediction_ratio": {
                    "ratio": "0"
                }
            }, 
            {
                "model:nmt:1:cache_hit_ratio": {
                    "ratio": "0"
                }
            }
        ], 
        "counters": [
            {
                "internal:aggregate_num_predictions": {
                    "count": "5000"
                }
            }, 
            {
                "app:nmt:num_predictions": {
                    "count": "750"
                }
            }, 
            {
                "model:nmt:1:num_predictions": {
                    "count": "750"
                }
            }
        ]
    }
}