{
    "client_metrics": [
        {
            "thrus": [
                4.663857159114016, 
                5.646016661846851, 
                5.102153792589081, 
                5.550897735588981, 
                5.204364463308762, 
                5.588616569264531, 
                5.1788446681152935, 
                5.602781399975953, 
                5.1856031063836845, 
                5.64478582102055, 
                5.1730846886729, 
                5.5225314312115135, 
                5.105226894662016, 
                5.5243802501638255, 
                5.08441811936119
            ], 
            "p99_lats": [
                10.102926799999999, 
                19.07125864, 
                28.26794177, 
                37.36035316, 
                46.35146116, 
                55.39759983, 
                64.42581659, 
                73.45925911, 
                82.48340744000001, 
                91.44179065, 
                100.48947239, 
                109.64455104, 
                118.82609331, 
                127.97158083, 
                137.19381027000003
            ], 
            "mean_lats": [
                5.761126439999999, 
                14.778163979999999, 
                23.789145159999997, 
                32.951394719999996, 
                42.02387478000001, 
                51.04196734, 
                60.082538320000005, 
                69.08354826, 
                78.14239646000001, 
                87.15145636, 
                96.13860894, 
                105.18881654000002, 
                114.34503166, 
                123.55358828, 
                132.78533205999997
            ]
        }
    ], 
    "node_configs": [
        {
            "model_image": "model-comp/nmt", 
            "name": "nmt", 
            "cpus_per_replica": 3, 
            "input_type": "strings", 
            "use_nvidia_docker": true, 
            "batch_size": 4, 
            "num_replicas": 1, 
            "slo": 500000, 
            "allocated_cpus": [
                6, 
                7, 
                8, 
                9, 
                10, 
                11, 
                12, 
                13, 
                14, 
                15
            ], 
            "gpus": [
                0
            ], 
            "input_size": 40
        }
    ], 
    "clipper_metrics": {
        "histograms": [
            {
                "internal:rpc_request_queueing_delay": {
                    "p99": "0", 
                    "min": "0", 
                    "max": "0", 
                    "p95": "0", 
                    "std_dev": "0", 
                    "size": "0", 
                    "p50": "0", 
                    "unit": "microseconds", 
                    "mean": "0"
                }
            }, 
            {
                "app:nmt:prediction_latency": {
                    "p99": "136818877.96000000021", 
                    "min": "1132780", 
                    "max": "137537659", 
                    "p95": "130883628.599999999744", 
                    "std_dev": "39380904.2388360138793", 
                    "size": "753", 
                    "p50": "69072351", 
                    "unit": "microseconds", 
                    "mean": "69391897.4687915007016"
                }
            }, 
            {
                "model:nmt:1:prediction_latency": {
                    "p99": "915784.699999998632848", 
                    "min": "684480", 
                    "max": "1132493", 
                    "p95": "777599", 
                    "std_dev": "39335.4669356946970922", 
                    "size": "189", 
                    "p50": "748438", 
                    "unit": "microseconds", 
                    "mean": "748161.904761904761926"
                }
            }, 
            {
                "model:nmt:1:batch_size": {
                    "p99": "4", 
                    "min": "1", 
                    "max": "4", 
                    "p95": "4", 
                    "std_dev": "0.217639828584160130104", 
                    "size": "189", 
                    "p50": "4", 
                    "unit": "queries", 
                    "mean": "3.98412698412698411963"
                }
            }
        ], 
        "meters": [
            {
                "internal:aggregate_model_throughput": {
                    "rate": "4.4856170476465635", 
                    "rate_1min": "4.7727564619142608", 
                    "rate_15min": "0.75891226033937009", 
                    "unit": "events per second", 
                    "rate_5min": "1.9668705042256844"
                }
            }, 
            {
                "app:nmt:prediction_throughput": {
                    "rate": "0", 
                    "rate_1min": "0", 
                    "rate_15min": "0", 
                    "unit": "events per second", 
                    "rate_5min": "0"
                }
            }, 
            {
                "model:nmt:1:prediction_throughput": {
                    "rate": "5.0988486291941824", 
                    "rate_1min": "4.8207853382984522", 
                    "rate_15min": "0.76318379214569676", 
                    "unit": "events per second", 
                    "rate_5min": "1.9788375069605955"
                }
            }
        ], 
        "ratio_counters": [
            {
                "app:nmt:default_prediction_ratio": {
                    "ratio": "0"
                }
            }, 
            {
                "model:nmt:1:cache_hit_ratio": {
                    "ratio": "0"
                }
            }
        ], 
        "counters": [
            {
                "internal:aggregate_num_predictions": {
                    "count": "5000"
                }
            }, 
            {
                "app:nmt:num_predictions": {
                    "count": "753"
                }
            }, 
            {
                "model:nmt:1:num_predictions": {
                    "count": "753"
                }
            }
        ]
    }
}