{
    "client_metrics": [
        {
            "thrus": [
                5.598134343356196, 
                6.776392728280069, 
                6.754275017057921, 
                6.7390485406927345, 
                6.741836344080135, 
                6.750014951283117, 
                6.732434472542035, 
                6.722132324905931, 
                6.7301906932231015, 
                6.708787115693839, 
                6.70672639051229, 
                6.726405216677018, 
                6.7020238637623315, 
                6.728374835070712, 
                6.71599790998145
            ], 
            "p99_lats": [
                8.79081674, 
                15.91136504, 
                23.055827689999997, 
                30.21648114, 
                37.35986451, 
                44.50924902, 
                51.677840110000005, 
                58.857934639999996, 
                66.02854927, 
                73.22324246, 
                80.4208808, 
                87.59597076, 
                94.79868508999999, 
                101.97151437, 
                109.15792268
            ], 
            "mean_lats": [
                6.81166642, 
                13.931014119999997, 
                21.07106114, 
                28.22711046, 
                35.36734096000001, 
                42.522251659999995, 
                49.68783206000001, 
                56.861664340000004, 
                64.03127844000001, 
                71.22426365999999, 
                78.41795513999999, 
                85.60803279999999, 
                92.79401576000001, 
                99.97797617999998, 
                107.15762464
            ]
        }
    ], 
    "node_configs": [
        {
            "model_image": "model-comp/nmt", 
            "name": "nmt", 
            "cpus_per_replica": 4, 
            "input_type": "strings", 
            "use_nvidia_docker": true, 
            "batch_size": 25, 
            "num_replicas": 1, 
            "slo": 500000, 
            "allocated_cpus": [
                6, 
                7, 
                8, 
                9, 
                10, 
                11, 
                12, 
                13, 
                14, 
                15
            ], 
            "gpus": [
                0
            ], 
            "input_size": 80
        }
    ], 
    "clipper_metrics": {
        "histograms": [
            {
                "internal:rpc_request_queueing_delay": {
                    "p99": "0", 
                    "min": "0", 
                    "max": "0", 
                    "p95": "0", 
                    "std_dev": "0", 
                    "size": "0", 
                    "p50": "0", 
                    "unit": "microseconds", 
                    "mean": "0"
                }
            }, 
            {
                "app:nmt:prediction_latency": {
                    "p99": "109124785.960000000101", 
                    "min": "1553134", 
                    "max": "109159093", 
                    "p95": "105497153.599999999875", 
                    "std_dev": "31077582.7004023481186", 
                    "size": "751", 
                    "p50": "55268468", 
                    "unit": "microseconds", 
                    "mean": "56978808.7936085219699"
                }
            }, 
            {
                "model:nmt:1:prediction_latency": {
                    "p99": "3733908", 
                    "min": "1552845", 
                    "max": "3733908", 
                    "p95": "3732008.99999999999545", 
                    "std_dev": "381729.944765356225389", 
                    "size": "31", 
                    "p50": "3711620", 
                    "unit": "microseconds", 
                    "mean": "3642368.2258064516127"
                }
            }, 
            {
                "model:nmt:1:batch_size": {
                    "p99": "25", 
                    "min": "1", 
                    "max": "25", 
                    "p95": "25", 
                    "std_dev": "4.24043270326580216609", 
                    "size": "31", 
                    "p50": "25", 
                    "unit": "queries", 
                    "mean": "24.2258064516129032299"
                }
            }
        ], 
        "meters": [
            {
                "internal:aggregate_model_throughput": {
                    "rate": "4.6191062249646446", 
                    "rate_1min": "5.6966355761881751", 
                    "rate_15min": "0.76077849621077065", 
                    "unit": "events per second", 
                    "rate_5min": "2.0375384243284995"
                }
            }, 
            {
                "app:nmt:prediction_throughput": {
                    "rate": "0", 
                    "rate_1min": "0", 
                    "rate_15min": "0", 
                    "unit": "events per second", 
                    "rate_5min": "0"
                }
            }, 
            {
                "model:nmt:1:prediction_throughput": {
                    "rate": "5.2490431225038039", 
                    "rate_1min": "5.7104249458634948", 
                    "rate_15min": "0.7610554597609368", 
                    "unit": "events per second", 
                    "rate_5min": "2.0395461184555899"
                }
            }
        ], 
        "ratio_counters": [
            {
                "app:nmt:default_prediction_ratio": {
                    "ratio": "0"
                }
            }, 
            {
                "model:nmt:1:cache_hit_ratio": {
                    "ratio": "0"
                }
            }
        ], 
        "counters": [
            {
                "internal:aggregate_num_predictions": {
                    "count": "5000"
                }
            }, 
            {
                "app:nmt:num_predictions": {
                    "count": "751"
                }
            }, 
            {
                "model:nmt:1:num_predictions": {
                    "count": "751"
                }
            }
        ]
    }
}