{
    "client_metrics": {
        "thrus": [
            19.206515464654107, 
            56.62212770101704, 
            65.72340436718878, 
            56.4121585125242, 
            56.556879394999754, 
            65.77380913229875, 
            55.86921463806945, 
            55.70836670032381, 
            64.5547369297638, 
            55.64460237619146, 
            55.38021563948366, 
            64.54325802103271, 
            55.543120068118085, 
            55.43264905423586, 
            64.00753752761925, 
            55.25562495355074, 
            55.071841216867405, 
            63.721866795809646, 
            54.775866739080364, 
            54.89506122857892, 
            64.03296929523073, 
            54.475132102195346, 
            54.346718477204945, 
            63.3092905750826, 
            36.721072607842444
        ], 
        "p99_lats": [
            7.353816989999999, 
            7.14255289, 
            6.991136740000001, 
            6.865624459999999, 
            6.6865594, 
            6.51615984, 
            6.3932828200000005, 
            6.27634617, 
            6.18016556, 
            6.09098226, 
            6.004178459999999, 
            5.9040799, 
            5.84400421, 
            5.74045878, 
            5.65441382, 
            5.6143015599999995, 
            5.52412442, 
            5.4578345299999995, 
            5.413462849999999, 
            5.3663779400000005, 
            5.300792609999999, 
            5.26366672, 
            5.252425629999999, 
            5.227366480000001, 
            6.9194222199999995
        ], 
        "mean_lats": [
            7.029081175000001, 
            6.86210154, 
            6.714005019999999, 
            6.576424284999999, 
            6.397862419999999, 
            6.237378035000001, 
            6.12694061, 
            6.011428705000001, 
            5.92198627, 
            5.835939424999999, 
            5.748655195000001, 
            5.6444760700000005, 
            5.5837155, 
            5.48134134, 
            5.403599065, 
            5.35399401, 
            5.27244603, 
            5.20825285, 
            5.173222355, 
            5.111133885, 
            5.0504468650000005, 
            5.022472805, 
            4.998019995, 
            4.96850523, 
            5.09626151
        ]
    }, 
    "node_configs": [
        {
            "request_delay": 0.01725
        }, 
        {
            "model_image": "model-comp/vgg-feats", 
            "name": "vgg", 
            "cpus_per_replica": 1, 
            "input_type": "floats", 
            "use_nvidia_docker": false, 
            "batch_size": 30, 
            "num_replicas": 1, 
            "slo": 500000, 
            "allocated_cpus": [
                14, 
                19, 
                21, 
                23
            ], 
            "gpus": [
                0, 
                3, 
                4, 
                6
            ]
        }, 
        {
            "model_image": "model-comp/kernel-svm", 
            "name": "kernel-svm", 
            "cpus_per_replica": 1, 
            "input_type": "floats", 
            "use_nvidia_docker": false, 
            "batch_size": 30, 
            "num_replicas": 1, 
            "slo": 500000, 
            "allocated_cpus": [
                15, 
                20
            ], 
            "gpus": []
        }, 
        {
            "model_image": "model-comp/inception-feats", 
            "name": "inception", 
            "cpus_per_replica": 1, 
            "input_type": "floats", 
            "use_nvidia_docker": false, 
            "batch_size": 30, 
            "num_replicas": 1, 
            "slo": 500000, 
            "allocated_cpus": [
                16, 
                18, 
                22, 
                24
            ], 
            "gpus": [
                1, 
                2, 
                5, 
                7
            ]
        }, 
        {
            "model_image": "model-comp/lgbm", 
            "name": "lgbm", 
            "cpus_per_replica": 1, 
            "input_type": "floats", 
            "use_nvidia_docker": false, 
            "batch_size": 30, 
            "num_replicas": 1, 
            "slo": 500000, 
            "allocated_cpus": [
                17
            ], 
            "gpus": []
        }
    ], 
    "clipper_metrics": {
        "histograms": [
            {
                "model:inception:1:prediction_latency": {
                    "p99": "1680423.56000000660424", 
                    "min": "264828", 
                    "max": "2232274", 
                    "p95": "1182885.79999999980737", 
                    "std_dev": "248548.100199910239439", 
                    "size": "175", 
                    "p50": "447146", 
                    "unit": "microseconds", 
                    "mean": "506682.777142857142934"
                }
            }, 
            {
                "model:lgbm:1:batch_size": {
                    "p99": "29", 
                    "min": "1", 
                    "max": "29", 
                    "p95": "29", 
                    "std_dev": "13.3803581833132252329", 
                    "size": "351", 
                    "p50": "4", 
                    "unit": "queries", 
                    "mean": "14.2450142450142450421"
                }
            }, 
            {
                "model:inception:1:batch_size": {
                    "p99": "30", 
                    "min": "1", 
                    "max": "30", 
                    "p95": "30", 
                    "std_dev": "3.93145348829313315687", 
                    "size": "175", 
                    "p50": "30", 
                    "unit": "queries", 
                    "mean": "28.571428571428571409"
                }
            }, 
            {
                "internal:rpc_request_queueing_delay": {
                    "p99": "0", 
                    "min": "0", 
                    "max": "0", 
                    "p95": "0", 
                    "std_dev": "0", 
                    "size": "0", 
                    "p50": "0", 
                    "unit": "microseconds", 
                    "mean": "0"
                }
            }, 
            {
                "model:lgbm:1:prediction_latency": {
                    "p99": "16546.4000000000087311", 
                    "min": "1333", 
                    "max": "18150", 
                    "p95": "15119.7999999999996135", 
                    "std_dev": "4037.60602860815331816", 
                    "size": "351", 
                    "p50": "12056", 
                    "unit": "microseconds", 
                    "mean": "10025.2051282051282035"
                }
            }, 
            {
                "model:kernel-svm:1:batch_size": {
                    "p99": "29", 
                    "min": "1", 
                    "max": "29", 
                    "p95": "29", 
                    "std_dev": "13.8536247641707944761", 
                    "size": "337", 
                    "p50": "2", 
                    "unit": "queries", 
                    "mean": "14.836795252225519268"
                }
            }, 
            {
                "model:kernel-svm:1:prediction_latency": {
                    "p99": "302741.320000000002892", 
                    "min": "10789", 
                    "max": "321109", 
                    "p95": "293527.499999999999829", 
                    "std_dev": "138392.113300356067043", 
                    "size": "337", 
                    "p50": "31861", 
                    "unit": "microseconds", 
                    "mean": "151594.308605341246306"
                }
            }, 
            {
                "model:vgg:1:batch_size": {
                    "p99": "30", 
                    "min": "1", 
                    "max": "30", 
                    "p95": "30", 
                    "std_dev": "2.38107142559538689547",