{
    "client_metrics": [
        {
            "thrus": [
                75.82772028836413, 
                75.85482161494204, 
                75.79863634305373, 
                75.64698487419822, 
                75.26173222853683, 
                76.30267518669491, 
                76.01955662484453, 
                73.9042248014091, 
                77.50283680061145
            ], 
            "p99_lats": [
                7.6409719999999997, 
                7.330654, 
                6.9986300000000004, 
                7.2638379999999998, 
                7.3072739999999996, 
                6.9490170000000004, 
                6.9648190000000003, 
                7.3014999999999999, 
                6.8701610000000013
            ], 
            "mean_lats": [
                2.6079519111979166, 
                2.5962751509114583, 
                2.5981745781250001, 
                2.5991753735677086, 
                2.6085148166666667, 
                2.583199850130208, 
                2.5895807399739583, 
                2.6510922434895834, 
                2.5451871988281249
            ]
        }
    ], 
    "node_configs": [
        {
            "batch_size": 512, 
            "input_type": "bytes", 
            "model_name": "tf-nmt", 
            "gpus": [
                0
            ], 
            "allocated_cpus": [
                4, 
                20, 
                5, 
                21, 
                6, 
                22, 
                7, 
                23
            ]
        }
    ]
}