{
    "client_metrics": [
        {
            "thrus": [
                73.67691937920365, 
                74.4558780429005, 
                73.9346059385142, 
                73.83989449509743, 
                73.15284564140914, 
                72.50437738097932, 
                72.60082011134224, 
                74.03527053784435, 
                74.69067847495172
            ], 
            "p99_lats": [
                7.8760080000000006, 
                7.0242719999999998, 
                7.3333149999999998, 
                7.3259829999999999, 
                7.4419749999999993, 
                7.3648930000000004, 
                7.3693810000000006, 
                7.3078420000000008, 
                7.1029479999999996
            ], 
            "mean_lats": [
                2.6716231605468752, 
                2.6347403140624999, 
                2.6524866864583334, 
                2.6545601014322915, 
                2.6681755132812501, 
                2.6902419851562502, 
                2.6877833186197919, 
                2.6473414309895835, 
                2.6262932444010416
            ]
        }
    ], 
    "node_configs": [
        {
            "batch_size": 512, 
            "input_type": "bytes", 
            "model_name": "tf-nmt", 
            "gpus": [
                0
            ], 
            "allocated_cpus": [
                0, 
                16, 
                1, 
                17, 
                2, 
                18, 
                3, 
                19
            ]
        }
    ]
}