{
    "client_metrics": [
        {
            "thrus": [
                79.22148134285993, 
                79.86345757137687, 
                79.87698657010283, 
                80.70752733035096, 
                80.73324455619831, 
                80.00361866367669, 
                79.75380436745385, 
                80.37209567740409, 
                81.28021972176995, 
                79.89838473492922, 
                79.07010394951216, 
                79.78920800812926, 
                79.52380795877625
            ], 
            "p99_lats": [
                7.1861839999999999, 
                6.9631509999999999, 
                6.9535819999999999, 
                6.9287799999999997, 
                6.9237729999999997, 
                6.9146349999999996, 
                6.9335209999999998, 
                6.9357040000000003, 
                6.9370760000000002, 
                6.9289500000000004, 
                6.9581600000000003, 
                6.9348989999999997, 
                6.9669800000000004
            ], 
            "mean_lats": [
                2.5166897164453124, 
                2.5007465525781249, 
                2.4986671702929688, 
                2.4775098132812503, 
                2.4788329362499999, 
                2.4955886401171874, 
                2.5002948502539062, 
                2.4874233250585944, 
                2.4655561976953124, 
                2.4989259206835936, 
                2.5207117198632814, 
                2.5007286397460935, 
                2.5092933440039062
            ]
        }
    ], 
    "node_configs": [
        {
            "batch_size": 512, 
            "input_type": "bytes", 
            "model_name": "tf-nmt", 
            "gpus": [
                0
            ], 
            "allocated_cpus": [
                8, 
                24, 
                9, 
                25, 
                10, 
                26, 
                11, 
                27
            ]
        }
    ]
}