{
    "client_metrics": [
        {
            "thrus": [
                3.476825797120261, 
                5.519827958002205, 
                3.7773118533556884, 
                4.523477299532303, 
                4.191576272995686, 
                5.670773062466968, 
                4.7743894112955045, 
                4.013145996110994, 
                9.494896809461475, 
                5.488833699682489, 
                7.01537442690237, 
                4.4402055282334905, 
                3.7725229048728166, 
                4.4466302102277835, 
                6.250950665413699, 
                6.3045898675153484, 
                3.8355892564633516, 
                4.985306639564324, 
                4.6408162886463975, 
                3.377396347143207, 
                6.492947144380203
            ], 
            "p99_lats": [
                0.37927047999999985, 
                0.14496354, 
                0.12900102, 
                0.12986469999999997, 
                0.13514328, 
                0.12933892, 
                0.13069696, 
                0.13293272, 
                0.12890932, 
                0.14031466, 
                0.13930618, 
                0.13484292, 
                0.12371375999999999, 
                0.12694732, 
                0.13766840000000002, 
                0.14239574, 
                0.13429528000000002, 
                0.14331202, 
                0.15110435999999997, 
                0.14620982, 
                0.12237688
            ], 
            "all_lats": [
                [
                    0.419012, 
                    0.116607, 
                    0.113916, 
                    0.123851, 
                    0.119994, 
                    0.11655, 
                    0.114583, 
                    0.10745, 
                    0.117344, 
                    0.119099, 
                    0.117448, 
                    0.119661, 
                    0.121036, 
                    0.135144, 
                    0.119702
                ], 
                [
                    0.113916, 
                    0.128873, 
                    0.113177, 
                    0.118961, 
                    0.138351, 
                    0.112143, 
                    0.121953, 
                    0.131563, 
                    0.128299, 
                    0.121657, 
                    0.121821, 
                    0.107902, 
                    0.14604, 
                    0.119124, 
                    0.122907
                ], 
                [
                    0.117058, 
                    0.118354, 
                    0.116888, 
                    0.113607, 
                    0.122855, 
                    0.104094, 
                    0.120343, 
                    0.120452, 
                    0.122325, 
                    0.112977, 
                    0.110036, 
                    0.103596, 
                    0.129548, 
                    0.125641, 
                    0.120312
                ], 
                [
                    0.120003, 
                    0.114485, 
                    0.115725, 
                    0.103533, 
                    0.119753, 
                    0.122348, 
                    0.1309, 
                    0.112029, 
                    0.123505, 
                    0.117225, 
                    0.111574, 
                    0.11278, 
                    0.115078, 
                    0.122996, 
                    0.118174
                ], 
                [
                    0.128437, 
                    0.117804, 
                    0.121701, 
                    0.127805, 
                    0.125935, 
                    0.118249, 
                    0.121442, 
                    0.124567, 
                    0.114199, 
                    0.118225, 
                    0.115278, 
                    0.122361, 
                    0.11983, 
                    0.136235, 
                    0.12382
                ], 
                [
                    0.122212, 
                    0.119885, 
                    0.121278, 
                    0.122956, 
                    0.111032, 
                    0.118814, 
                    0.115001, 
                    0.115177, 
                    0.120612, 
                    0.12277, 
                    0.121209, 
                    0.117877, 
                    0.115128, 
                    0.117817, 
                    0.130378
                ], 
                [
                    0.117284, 
                    0.124783, 
                    0.121734, 
                    0.130537, 
                    0.120594, 
                    0.119154, 
                    0.121279, 
                    0.118728, 
                    0.12137, 
                    0.130723, 
                    0.117222, 
                    0.119705, 
                    0.124362, 
                    0.120826, 
                    0.114047
                ], 
                [
                    0.117238, 
                    0.118063, 
                    0.122203, 
                    0.120861, 
                    0.124683, 
                    0.122939, 
                    0.121538, 
                    0.132968, 
                    0.127977, 
                    0.115851, 
                    0.123745, 
                    0.132716, 
                    0.116389, 
                    0.116944, 
                    0.119722
                ], 
                [
                    0.115693, 
                    0.115293, 
                    0.108519, 
                    0.113949, 
                    0.117738, 
                    0.107833, 
                    0.121321, 
                    0.120803, 
                    0.126688, 
                    0.124262, 
                    0.129233, 
                    0.118173, 
                    0.126921, 
                    0.120664, 
                    0.115759
                ], 
                [
                    0.118059, 
                    0.124702, 
                    0.140522, 
                    0.113636, 
                    0.115946, 
                    0.139041, 
                    0.114283, 
                    0.130646, 
                    0.125595, 
                    0.11961, 
                    0.136803, 
                    0.118147, 
                    0.123398, 
                    0.135334, 
                    0.119243
                ], 
                [
                    0.11689, 
                    0.11934, 
                    0.120636, 
                    0.115518, 
                    0.1193, 
                    0.113589, 
                    0.135554, 
                    0.113834, 
                    0.118192, 
                    0.139917, 
                    0.119365, 
                    0.113825, 
                    0.122456, 
                    0.135151, 
                    0.107968
                ], 
                [
                    0.133233, 
                    0.128999, 
                    0.117627, 
                    0.115285, 
                    0.116504, 
                    0.109165, 
                    0.135105, 
                    0.119138, 
                    0.105414, 
                    0.12509, 
                    0.128695, 
                    0.116542, 
                    0.113519, 
                    0.122577, 
                    0.118142
                ], 
                [
                    0.117445, 
                    0.121722, 
                    0.11347, 
                    0.119155, 
                    0.120016, 
                    0.10479, 
                    0.110735, 
                    0.113169, 
                    0.11318, 
                    0.117643, 
                    0.124038, 
                    0.109544, 
                    0.110603, 
