{
    "client_metrics": [
        {
            "thrus": [
                6.695582656298335, 
                8.183551606840357, 
                7.948144187813588, 
                9.8570854044165, 
                7.326179075260373, 
                10.183582842428066, 
                8.712698758440427, 
                15.449328263207116, 
                5.441089146441836, 
                7.043880558326149, 
                10.610372275521659, 
                7.4839245301093245, 
                10.202443689312464, 
                11.524375205998206, 
                9.089157362399247, 
                8.404599669307018, 
                7.667139814383656, 
                6.368072015252807, 
                8.78431005100756, 
                6.646146320671243, 
                11.386020244343994
            ], 
            "p99_lats": [
                0.3637573399999998, 
                0.12950804, 
                0.13765771999999998, 
                0.12915638, 
                0.13661194000000002, 
                0.13961333999999997, 
                0.13108864, 
                0.13423033999999998, 
                0.1303867, 
                0.13913966, 
                0.12936876, 
                0.14369579999999998, 
                0.13075827999999998, 
                0.13096124, 
                0.1313643, 
                0.13829732, 
                0.1252614, 
                0.13989989999999997, 
                0.14057924, 
                0.13274244, 
                0.12642910000000002
            ], 
            "all_lats": [
                [
                    0.402302, 
                    0.118869, 
                    0.126983, 
                    0.120558, 
                    0.110752, 
                    0.119001, 
                    0.120485, 
                    0.117889, 
                    0.124002, 
                    0.120006, 
                    0.107337, 
                    0.124595, 
                    0.111877, 
                    0.125374, 
                    0.103809
                ], 
                [
                    0.129776, 
                    0.117428, 
                    0.12446, 
                    0.122737, 
                    0.119214, 
                    0.117749, 
                    0.110644, 
                    0.117116, 
                    0.118262, 
                    0.127862, 
                    0.115732, 
                    0.121857, 
                    0.125164, 
                    0.111953, 
                    0.113839
                ], 
                [
                    0.116296, 
                    0.125492, 
                    0.118735, 
                    0.120451, 
                    0.121012, 
                    0.123153, 
                    0.113947, 
                    0.119403, 
                    0.126906, 
                    0.139408, 
                    0.116743, 
                    0.112345, 
                    0.125534, 
                    0.114696, 
                    0.123709
                ], 
                [
                    0.11008, 
                    0.119369, 
                    0.117204, 
                    0.114245, 
                    0.115076, 
                    0.129581, 
                    0.118062, 
                    0.108596, 
                    0.114056, 
                    0.12396, 
                    0.11508, 
                    0.114112, 
                    0.119232, 
                    0.126548, 
                    0.121962
                ], 
                [
                    0.120982, 
                    0.127874, 
                    0.138002, 
                    0.115988, 
                    0.119448, 
                    0.123595, 
                    0.128073, 
                    0.10316, 
                    0.125935, 
                    0.120009, 
                    0.116474, 
                    0.117396, 
                    0.118494, 
                    0.118034, 
                    0.124022
                ], 
                [
                    0.141506, 
                    0.125305, 
                    0.119714, 
                    0.126541, 
                    0.116787, 
                    0.117699, 
                    0.115177, 
                    0.127987, 
                    0.116293, 
                    0.125489, 
                    0.096684, 
                    0.122471, 
                    0.121815, 
                    0.119377, 
                    0.122028
                ], 
                [
                    0.130724, 
                    0.113342, 
                    0.128196, 
                    0.121982, 
                    0.12175, 
                    0.130457, 
                    0.116641, 
                    0.126186, 
                    0.127153, 
                    0.120813, 
                    0.122414, 
                    0.113727, 
                    0.131148, 
                    0.121543, 
                    0.118769
                ], 
                [
                    0.102998, 
                    0.125644, 
                    0.115909, 
                    0.11317, 
                    0.109219, 
                    0.129441, 
                    0.115591, 
                    0.112206, 
                    0.111627, 
                    0.117591, 
                    0.110912, 
                    0.116207, 
                    0.1228, 
                    0.110527, 
                    0.13501
                ], 
                [
                    0.114408, 
                    0.11988, 
                    0.118297, 
                    0.130778, 
                    0.125681, 
                    0.118171, 
                    0.120963, 
                    0.127983, 
                    0.115313, 
                    0.110134, 
                    0.112888, 
                    0.122561, 
                    0.126064, 
                    0.107554, 
                    0.125301
                ], 
                [
                    0.129613, 
                    0.116913, 
                    0.117888, 
                    0.124525, 
                    0.114486, 
                    0.118374, 
                    0.110267, 
                    0.133656, 
                    0.123886, 
                    0.119742, 
                    0.124857, 
                    0.135802, 
                    0.139683, 
                    0.124779, 
                    0.106212
                ], 
                [
                    0.120454, 
                    0.129756, 
                    0.12104, 
                    0.115231, 
                    0.11587, 
                    0.11508, 
                    0.118023, 
                    0.120096, 
                    0.116729, 
                    0.114242, 
                    0.125678, 
                    0.110902, 
                    0.114456, 
                    0.120784, 
                    0.12699
                ], 
                [
                    0.122702, 
                    0.117328, 
                    0.113204, 
                    0.101804, 
                    0.121409, 
                    0.114681, 
                    0.116031, 
                    0.117748, 
                    0.122815, 
                    0.143763, 
                    0.112543, 
                    0.143283, 
                    0.126905, 
                    0.122899, 
                    0.114359
                ], 
                [
                    0.105487, 
                    0.122919, 
                    0.12846, 
                    0.11573, 
                    0.111604, 
                    0.113044, 
                    0.130029, 
                    0.128688, 
                    0.11014, 
                    0.110735, 
                    0.114299, 
                    0.130877, 
                    0.107752, 
