{
    "client_metrics": [
        {
            "thrus": [
                41.07940237685422, 
                51.72369203713761, 
                53.47427726840558, 
                51.42540950053586, 
                53.78599627800906, 
                53.95763031037509, 
                48.21089373354803, 
                54.86360359510221, 
                53.42513909234963, 
                47.76552857333919, 
                52.67266362499592, 
                53.35513068272158, 
                46.906779343004885, 
                55.50769558691617, 
                56.61513934118094, 
                48.13181185467274, 
                52.13742591271778, 
                55.21079481460215, 
                49.4016960590291, 
                54.73279994395361, 
                57.09450625241938
            ], 
            "p99_lats": [
                0.232052, 
                0.133804, 
                0.124775, 
                0.110531, 
                0.12093, 
                0.12193, 
                0.11759, 
                0.125292, 
                0.122902, 
                0.124759, 
                0.128798, 
                0.121384, 
                0.122042, 
                0.117935, 
                0.116908, 
                0.126108, 
                0.126768, 
                0.120447, 
                0.115496, 
                0.117248, 
                0.117444
            ], 
            "mean_lats": [
                0.13614584000000002, 
                0.12050983999999998, 
                0.11702252000000002, 
                0.10822548, 
                0.11512051999999998, 
                0.11564824000000001, 
                0.11530504000000001, 
                0.11349132, 
                0.11685704, 
                0.11645256, 
                0.11805840000000002, 
                0.11700227999999999, 
                0.11851556000000002, 
                0.11276939999999999, 
                0.11027367999999999, 
                0.11547852, 
                0.11959983999999999, 
                0.1128866, 
                0.11224508, 
                0.11386088000000001, 
                0.10961432
            ]
        }
    ], 
    "node_configs": [
        {
            "batch_size": 6, 
            "input_type": "floats", 
            "model_name": "tf_resnet_feats", 
            "gpus": [
                0
            ], 
            "allocated_cpus": [
                0, 
                16, 
                1, 
                17, 
                2, 
                18, 
                3, 
                19
            ]
        }, 
        {
            "batch_size": 6, 
            "input_type": "floats", 
            "model_name": "inception_feats", 
            "gpus": [
                1
            ], 
            "allocated_cpus": [
                0, 
                16, 
                1, 
                17, 
                2, 
                18, 
                3, 
                19
            ]
        }, 
        {
            "batch_size": 6, 
            "input_type": "floats", 
            "model_name": "kernel_svm", 
            "gpus": [], 
            "allocated_cpus": [
                0, 
                16, 
                1, 
                17, 
                2, 
                18, 
                3, 
                19
            ]
        }, 
        {
            "batch_size": 6, 
            "input_type": "floats", 
            "model_name": "tf_log_reg", 
            "gpus": [], 
            "allocated_cpus": [
                0, 
                16, 
                1, 
                17, 
                2, 
                18, 
                3, 
                19
            ]
        }
    ]
}