{
    "client_metrics": [
        {
            "thrus": [
                174.96282040066487, 
                200.9177924760305, 
                196.85659390846956, 
                222.78822809281579, 
                198.02744858464828, 
                195.13622948020586, 
                221.81556036155936, 
                198.6791808060017, 
                202.0241812843788, 
                219.90539669834038, 
                198.4369124407046, 
                204.219480802603, 
                229.3286061063328, 
                194.6921090314749, 
                195.2971470504516, 
                197.69790672513912, 
                219.81162144042557, 
                199.06796379351874, 
                203.28911625647157, 
                227.70783035994347, 
                191.80530993820034
            ], 
            "p99_lats": [
                0.594821, 
                0.261766, 
                0.261168, 
                0.271733, 
                0.271733, 
                0.274875, 
                0.269143, 
                0.259725, 
                0.269461, 
                0.266359, 
                0.267623, 
                0.253418, 
                0.256327, 
                0.27985, 
                0.269606, 
                0.270426, 
                0.273837, 
                0.263387, 
                0.249828, 
                0.264855, 
                0.266513
            ], 
            "mean_lats": [
                0.28718692000000007, 
                0.24732088000000002, 
                0.25496016000000005, 
                0.25456559999999995, 
                0.25319258, 
                0.25485256, 
                0.25758556000000005, 
                0.25125313, 
                0.24784575, 
                0.25819032, 
                0.25164200000000003, 
                0.24504801, 
                0.2484002, 
                0.25622197, 
                0.25593409, 
                0.25273248, 
                0.25917846, 
                0.25167334, 
                0.24521435, 
                0.25048623, 
                0.26095470000000004
            ]
        }
    ], 
    "node_configs": [
        {
            "batch_size": 52, 
            "input_type": "floats", 
            "model_name": "tf_resnet_feats", 
            "gpus": [
                0
            ], 
            "allocated_cpus": [
                0, 
                16, 
                1, 
                17, 
                2, 
                18, 
                3, 
                19
            ]
        }, 
        {
            "batch_size": 52, 
            "input_type": "floats", 
            "model_name": "inception_feats", 
            "gpus": [
                1
            ], 
            "allocated_cpus": [
                0, 
                16, 
                1, 
                17, 
                2, 
                18, 
                3, 
                19
            ]
        }, 
        {
            "batch_size": 52, 
            "input_type": "floats", 
            "model_name": "kernel_svm", 
            "gpus": [], 
            "allocated_cpus": [
                0, 
                16, 
                1, 
                17, 
                2, 
                18, 
                3, 
                19
            ]
        }, 
        {
            "batch_size": 52, 
            "input_type": "floats", 
            "model_name": "tf_log_reg", 
            "gpus": [], 
            "allocated_cpus": [
                0, 
                16, 
                1, 
                17, 
                2, 
                18, 
                3, 
                19
            ]
        }
    ]
}