{
    "client_metrics": [
        {
            "thrus": [
                51.49554653639667, 
                163.4702778340842, 
                181.3820404572641, 
                195.7999922659003, 
                197.97746224569795, 
                191.2422522982538, 
                189.0755905303381, 
                194.57486365166432, 
                196.36084446944776, 
                184.77491643554404, 
                186.670773423682, 
                195.516990915303, 
                193.22019324917628, 
                178.53078093826852, 
                182.56662198348596, 
                191.54106760202552, 
                186.14954323555827, 
                188.92493681641642, 
                192.1434466115023, 
                189.89871751901123, 
                195.57979875816605
            ], 
            "p99_lats": [
                5.909629, 
                0.3258, 
                0.272165, 
                0.213679, 
                0.212691, 
                0.229254, 
                0.221734, 
                0.219964, 
                0.210449, 
                0.242648, 
                0.235021, 
                0.212715, 
                0.220627, 
                0.266228, 
                0.249207, 
                0.214466, 
                0.242615, 
                0.253561, 
                0.223254, 
                0.218196, 
                0.214385
            ], 
            "mean_lats": [
                0.7761001999999998, 
                0.2444662, 
                0.22026390000000004, 
                0.204031, 
                0.2017741, 
                0.20892880000000003, 
                0.2113099, 
                0.20530859999999998, 
                0.2034836, 
                0.2162547, 
                0.21400779999999997, 
                0.2043126, 
                0.2067799, 
                0.22377679999999997, 
                0.21884319999999996, 
                0.20859180000000002, 
                0.21462489999999998, 
                0.211481, 
                0.20793680000000003, 
                0.21037009999999998, 
                0.2042543
            ]
        }
    ], 
    "node_configs": [
        {
            "batch_size": 40, 
            "input_type": "floats", 
            "model_name": "tf_resnet_feats", 
            "gpus": [
                0
            ], 
            "allocated_cpus": [
                0, 
                16, 
                1, 
                17, 
                2, 
                18, 
                3, 
                19
            ]
        }, 
        {
            "batch_size": 40, 
            "input_type": "floats", 
            "model_name": "inception_feats", 
            "gpus": [
                1
            ], 
            "allocated_cpus": [
                0, 
                16, 
                1, 
                17, 
                2, 
                18, 
                3, 
                19
            ]
        }, 
        {
            "batch_size": 40, 
            "input_type": "floats", 
            "model_name": "kernel_svm", 
            "gpus": [], 
            "allocated_cpus": [
                0, 
                16, 
                1, 
                17, 
                2, 
                18, 
                3, 
                19
            ]
        }, 
        {
            "batch_size": 40, 
            "input_type": "floats", 
            "model_name": "tf_log_reg", 
            "gpus": [], 
            "allocated_cpus": [
                0, 
                16, 
                1, 
                17, 
                2, 
                18, 
                3, 
                19
            ]
        }
    ]
}