{
    "client_metrics": [
        {
            "thrus": [
                62.55911836685668, 
                102.06581203560056, 
                97.70262057968918, 
                107.61829941563263, 
                104.98312921113578, 
                107.38024418267527, 
                81.0515958248702, 
                103.46525843552251, 
                103.54925423827098, 
                102.44851961889151, 
                104.5148316997665, 
                98.74222158149493, 
                80.4133891509472, 
                99.27509326895013, 
                104.05697327400699, 
                102.04914686913217, 
                101.37422904898808, 
                111.05311670572034, 
                81.11471080172157, 
                101.90044326692822, 
                97.51435898936118
            ], 
            "p99_lats": [
                0.279138, 
                0.127576, 
                0.141177, 
                0.116921, 
                0.127913, 
                0.121827, 
                0.128727, 
                0.128727, 
                0.124073, 
                0.124555, 
                0.121897, 
                0.130524, 
                0.131389, 
                0.131254, 
                0.125848, 
                0.12460399999999999, 
                0.127782, 
                0.120232, 
                0.131978, 
                0.131984, 
                0.136379
            ], 
            "mean_lats": [
                0.16600336, 
                0.12331463999999999, 
                0.12826904000000003, 
                0.11583439999999999, 
                0.11874920000000001, 
                0.11625727999999999, 
                0.12205236, 
                0.12163155999999999, 
                0.12087044000000002, 
                0.12182052, 
                0.1196106, 
                0.12593796, 
                0.1236944, 
                0.12581088, 
                0.12116032, 
                0.1215092, 
                0.12326688, 
                0.11265231999999997, 
                0.12128768000000001, 
                0.12403912, 
                0.12754079999999998
            ]
        }
    ], 
    "node_configs": [
        {
            "batch_size": 12, 
            "input_type": "floats", 
            "model_name": "tf_resnet_feats", 
            "gpus": [
                0
            ], 
            "allocated_cpus": [
                0, 
                16, 
                1, 
                17, 
                2, 
                18, 
                3, 
                19
            ]
        }, 
        {
            "batch_size": 12, 
            "input_type": "floats", 
            "model_name": "inception_feats", 
            "gpus": [
                1
            ], 
            "allocated_cpus": [
                0, 
                16, 
                1, 
                17, 
                2, 
                18, 
                3, 
                19
            ]
        }, 
        {
            "batch_size": 12, 
            "input_type": "floats", 
            "model_name": "kernel_svm", 
            "gpus": [], 
            "allocated_cpus": [
                0, 
                16, 
                1, 
                17, 
                2, 
                18, 
                3, 
                19
            ]
        }, 
        {
            "batch_size": 12, 
            "input_type": "floats", 
            "model_name": "tf_log_reg", 
            "gpus": [], 
            "allocated_cpus": [
                0, 
                16, 
                1, 
                17, 
                2, 
                18, 
                3, 
                19
            ]
        }
    ]
}