{
    "client_metrics": [
        {
            "thrus": [
                25.48463817866388, 
                114.73264711737093, 
                119.22795132399659, 
                130.33051819414035, 
                116.54264586768913, 
                117.43374388170194, 
                119.59340633713501, 
                124.93612640537525, 
                118.8281406426107, 
                137.7415211484888, 
                118.321701324079, 
                125.81393754218698, 
                118.08752529287182, 
                126.190847251658, 
                118.6403577718629, 
                133.01047257955855, 
                120.01524193572584, 
                125.79953466752127, 
                117.57056879465478, 
                133.3053392120988, 
                124.89321630006346
            ], 
            "p99_lats": [
                5.865929, 
                0.177941, 
                0.141196, 
                0.135415, 
                0.165106, 
                0.173417, 
                0.135122, 
                0.153348, 
                0.156222, 
                0.128586, 
                0.148312, 
                0.148964, 
                0.138726, 
                0.140817, 
                0.140008, 
                0.13401, 
                0.149963, 
                0.141844, 
                0.146846, 
                0.134651, 
                0.147911
            ], 
            "mean_lats": [
                0.62105748, 
                0.14583988, 
                0.12905727999999997, 
                0.12750840000000002, 
                0.13211024, 
                0.1410244, 
                0.12853240000000002, 
                0.1329276, 
                0.1295878, 
                0.1208146, 
                0.12981984000000002, 
                0.13219712, 
                0.13006347999999998, 
                0.13185036, 
                0.12938887999999998, 
                0.12539952, 
                0.12816307999999998, 
                0.13198708, 
                0.13091592, 
                0.12484144000000001, 
                0.1233634
            ]
        }
    ], 
    "node_configs": [
        {
            "batch_size": 16, 
            "input_type": "floats", 
            "model_name": "tf_resnet_feats", 
            "gpus": [
                0
            ], 
            "allocated_cpus": [
                0, 
                16, 
                1, 
                17, 
                2, 
                18, 
                3, 
                19
            ]
        }, 
        {
            "batch_size": 16, 
            "input_type": "floats", 
            "model_name": "inception_feats", 
            "gpus": [
                1
            ], 
            "allocated_cpus": [
                0, 
                16, 
                1, 
                17, 
                2, 
                18, 
                3, 
                19
            ]
        }, 
        {
            "batch_size": 16, 
            "input_type": "floats", 
            "model_name": "kernel_svm", 
            "gpus": [], 
            "allocated_cpus": [
                0, 
                16, 
                1, 
                17, 
                2, 
                18, 
                3, 
                19
            ]
        }, 
        {
            "batch_size": 16, 
            "input_type": "floats", 
            "model_name": "tf_log_reg", 
            "gpus": [], 
            "allocated_cpus": [
                0, 
                16, 
                1, 
                17, 
                2, 
                18, 
                3, 
                19
            ]
        }
    ]
}