{
    "client_metrics": [
        {
            "thrus": [
                22.484335444549977, 
                24.132794078005396, 
                24.56475954334767, 
                19.338069484390985, 
                24.081340023825277, 
                22.94793713535011, 
                23.34464848445375, 
                20.604058807280484, 
                20.89658977754849
            ], 
            "p99_lats": [
                0.39266381999999994, 
                0.40723639, 
                0.37080372, 
                0.37192113999999998, 
                0.40226422999999994, 
                0.40055553999999988, 
                0.40242481999999996, 
                0.4168058799999998, 
                0.39655486999999995
            ], 
            "mean_lats": [
                0.044376258333333328, 
                0.041348811666666666, 
                0.040620796666666667, 
                0.051623530000000008, 
                0.041438181666666671, 
                0.043489251666666666, 
                0.042748351666666663, 
                0.048445701666666667, 
                0.047766715000000001
            ]
        }
    ], 
    "node_configs": [
        {
            "batch_size": 1, 
            "input_type": "bytes", 
            "model_name": "tf-nmt", 
            "gpus": [
                0
            ], 
            "allocated_cpus": [
                0, 
                16, 
                1, 
                17, 
                2, 
                18, 
                3, 
                19
            ]
        }
    ]
}