{
    "process_path": "CONFIGS_COST/untagged/slo_1000/cv_0.1/mean_provision/lambda_971/971_0.1.deltas", 
    "batch_size": 175, 
    "gpu_affinities": [
        "0 1", 
        "2 3"
    ], 
    "num_trials": 30, 
    "cpu_affinities": [
        "0 1 2 3 16 17 18 19", 
        "4 5 6 7 20 21 22 23"
    ], 
    "trial_length": 4855, 
    "replica_nums": [
        4, 
        5
    ], 
    "slo_millis": 1000, 
    "cv": 0.1, 
    "process_mean_thru": 970.0294441076969, 
    "max_estimated_thru": 997.9711471704666, 
    "process_peak_thru": 1044.0, 
    "lambda": 971
}