{
    "client_metrics": [
        {
            "thrus": [
                28.555109747088412, 
                28.873268252256693, 
                26.549986908201454, 
                28.38422809768847, 
                29.30572452747889, 
                31.391772072425894, 
                29.8182532824332, 
                31.236467683550043, 
                27.727407238206652
            ], 
            "p99_lats": [
                0.98808799999999997, 
                0.61771699999999996, 
                0.68759499999999996, 
                0.99339599999999995, 
                0.64033846999999977, 
                0.62206899999999998, 
                0.60029399999999999, 
                1.001004, 
                0.68219537999999935
            ], 
            "mean_lats": [
                0.13920561507936507, 
                0.12604747704590816, 
                0.13873826599999997, 
                0.14005502385685883, 
                0.127078942, 
                0.11345395409181636, 
                0.11703613972055889, 
                0.1213815753968254, 
                0.14504496825396826
            ]
        }
    ], 
    "node_configs": [
        {
            "batch_size": 12, 
            "input_type": "bytes", 
            "model_name": "tf-nmt", 
            "gpus": [
                0
            ], 
            "allocated_cpus": [
                0, 
                16, 
                1, 
                17, 
                2, 
                18, 
                3, 
                19
            ]
        }
    ]
}