{
    "client_metrics": [
        {
            "thrus": [
                74.78965409784979, 
                73.47055541214341, 
                74.03613626690213, 
                73.87028954267943, 
                74.49396193459422, 
                76.42237868554385, 
                72.39175067346008, 
                73.17278411467639, 
                73.49052753031714
            ], 
            "p99_lats": [
                2.0373960000000002, 
                2.0047410000000001, 
                1.9933129999999999, 
                1.971714, 
                1.977903, 
                1.983962, 
                1.9841150000000001, 
                1.967903, 
                1.999349
            ], 
            "mean_lats": [
                0.62673776562500005, 
                0.64869778906249986, 
                0.63800917864583329, 
                0.6339447807291666, 
                0.6326630817708333, 
                0.61941993593750011, 
                0.64669924322916672, 
                0.63688177343749997, 
                0.63284708645833332
            ]
        }
    ], 
    "node_configs": [
        {
            "batch_size": 128, 
            "input_type": "bytes", 
            "model_name": "tf-nmt", 
            "gpus": [
                0
            ], 
            "allocated_cpus": [
                0, 
                16, 
                1, 
                17, 
                2, 
                18, 
                3, 
                19
            ]
        }
    ]
}