{
    "process_path": "CONFIGS_COST/untagged/slo_1000/cv_4.0/mean_provision/lambda_742/742_4.0.deltas", 
    "batch_size": 160, 
    "gpu_affinities": [
        "0 1", 
        "2 3"
    ], 
    "num_trials": 30, 
    "cpu_affinities": [
        "0 1 2 3 16 17 18 19", 
        "4 5 6 7 20 21 22 23"
    ], 
    "trial_length": 3710, 
    "replica_nums": [
        0, 
        1
    ], 
    "slo_millis": 1000, 
    "cv": 4.0, 
    "process_mean_thru": 729.5348903296791, 
    "max_estimated_thru": 861.5948977066021, 
    "process_peak_thru": 1116.0, 
    "lambda": 742
}