{
    "client_metrics": [
        {
            "thrus": [
                8.613373485435174, 
                11.69085953654393, 
                13.740636958218708, 
                13.832997813971355, 
                13.819994297870354, 
                13.874538376765031
            ], 
            "p99_lats": [
                11.40228318, 
                20.010530980000002, 
                27.27979453, 
                34.50277053999999, 
                41.72879289, 
                48.9348464
            ], 
            "all_lats": [
                "2.400707", 
                "2.522905", 
                "2.523101", 
                "2.687917", 
                "2.688101", 
                "3.050051", 
                "3.049855", 
                "3.050302", 
                "3.050723", 
                "3.178549", 
                "3.17883", 
                "3.348985", 
                "3.349389", 
                "3.512867", 
                "3.513196", 
                "3.679366", 
                "3.679524", 
                "3.843986", 
                "3.844049", 
                "4.014913", 
                "4.015161", 
                "4.224373", 
                "4.224468", 
                "4.416782", 
                "4.417002", 
                "4.650396", 
                "4.650242", 
                "4.88315", 
                "4.883226", 
                "5.113912", 
                "5.114126", 
                "5.344529", 
                "5.344656", 
                "5.575228", 
                "5.575283", 
                "5.805039", 
                "5.805176", 
                "6.036824", 
                "6.036879", 
                "6.272063", 
                "6.272117", 
                "6.503981", 
                "6.504075", 
                "6.673403", 
                "6.673613", 
                "6.840707", 
                "6.840863", 
                "7.045824", 
                "7.045879", 
                "7.21382", 
                "7.213946", 
                "7.383745", 
                "7.383905", 
                "7.553456", 
                "7.553601", 
                "7.721623", 
                "7.721761", 
                "7.924473", 
                "7.924787", 
                "8.090191", 
                "8.09022", 
                "8.254395", 
                "8.254512", 
                "8.443649", 
                "8.443619", 
                "8.608076", 
                "8.608163", 
                "8.773466", 
                "8.773604", 
                "8.979602", 
                "8.979627", 
                "9.182887", 
                "9.183275", 
                "9.388032", 
                "9.388219", 
                "9.590875", 
                "9.590937", 
                "9.75303", 
                "9.753362", 
                "9.918723", 
                "9.918898", 
                "10.082384", 
                "10.080488", 
                "10.248923", 
                "10.248948", 
                "10.410798", 
                "10.410946", 
                "10.577226", 
                "10.577252", 
                "10.745732", 
                "10.746062", 
                "10.909408", 
                "10.909521", 
                "11.075927", 
                "11.075895", 
                "11.236897", 
                "11.237197", 
                "11.400203", 
                "11.400274", 
                "11.601192", 
                "11.601833", 
                "11.828605", 
                "11.828706", 
                "12.05939", 
                "12.059413", 
                "12.286695", 
                "12.286755", 
                "12.517297", 
                "12.517358", 
                "12.751225", 
                "12.751237", 
                "12.978347", 
                "12.978524", 
                "13.205836", 
                "13.205977", 
                "13.43418", 
                "13.434189", 
                "13.66384", 
                "13.663886", 
                "13.895397", 
                "13.895736", 
                "14.123285", 
                "14.123427", 
                "14.350125", 
                "14.350378", 
                "14.513504", 
                "14.513738", 
                "14.675815", 
                "14.675991", 
                "14.83156", 
                "14.831682", 
                "14.987312", 
                "14.987422", 
                "15.142958", 
                "15.143166", 
                "15.297609", 
                "15.2977", 
                "15.455925", 
                "15.456047", 
                "15.60753", 
                "15.607714", 
                "15.763462", 
                "15.763466", 
                "15.913625", 
                "15.913606", 
                "16.063841", 
                "16.063942", 
                "16.213017", 
                "16.213105", 
                "16.365571", 
                "16.365679", 
                "16.518082", 
                "16.518274", 
                "16.67764", 
                "16.677744", 
                "16.834855", 
                "16.834855", 
                "16.989746", 
                "16.990057", 
                "17.148101", 
                "17.148192", 
                "17.301931", 
                "17.302022", 
                "17.453457", 
                "17.453653", 
                "17.606175", 
                "17.606272", 
                "17.754412", 
                "17.754413", 
                "17.911434", 
                "17.911609", 
                "18.066508", 
                "18.066562", 
                "18.220293", 
                "18.220391", 
                "18.369581", 
                "18.369838", 
                "18.525635", 
                "18.525632", 
                "18.676212", 
                "18.676278", 
                "18.826545", 
                "18.82674", 
                "18.974938", 
                "18.974958", 
                "19.123005", 
                "19.123086", 
                "19.271395", 
                "19.271546", 
                "19.420848", 
                "19.420855", 
                "19.57229", 
                "19.572336", 
                "19.717127", 
                "19.717221", 
                "19.861938", 
                "19.862043", 
                "20.009089", 
                "20.009128", 
                "20.149426", 
                "20.150029", 
                "20.296779", 
                "20.296824", 
                "20.448396", 
                "20.448391", 
                "20.5987", 
                "20.598949", 
                "20.747115", 
                "20.747124", 
                "20.889638", 
                "20.889654", 
                "21.035762", 
                "21.035853", 
                "21.17829", 
                "21.178395", 
                "21.322939", 
                "21.323186", 
                "21.470959", 
                "21.471135", 
                "21.614565", 
                "21.614562", 
                "21.759064", 
                "21.759191", 
                "21.902499", 
                "21.902613", 
                "22.045549", 
                "22.045564", 
                "22.189707", 
                "22.189757", 
                "22.336118", 
                "22.336288", 
                "22.484332", 
                "22.484334", 
                "22.630148", 
                "22.630265", 
                "22.775804", 
                "22.775998", 
                "22.921555", 
                "22.921643", 
                "23.070574", 
                "23.070609", 
                "23.215079", 
                "23.215194", 
                "23.356367", 
                "23.356459", 
                "23.506577", 
                "23.506759", 
                "23.651", 
                "23.651117", 
                "23.793343", 
                "23.79339", 
