{
    "client_metrics": [
        {
            "thrus": [
                50.182630798282815, 
                51.55353627991508, 
                51.914855095094225, 
                53.3544142552324, 
                49.29587517791446, 
                48.289170036932155, 
                51.10295616761045, 
                49.94534366584567, 
                51.64842679160995
            ], 
            "p99_lats": [
                1.481835, 
                1.521215, 
                1.503741, 
                1.5195069999999999, 
                1.519549, 
                1.5215730000000001, 
                1.4983070000000001, 
                1.568621, 
                1.476583
            ], 
            "mean_lats": [
                0.41433450208333333, 
                0.40782966041666668, 
                0.39825343750000003, 
                0.38469379375000001, 
                0.43213444791666666, 
                0.40971991354166676, 
                0.41452075520833337, 
                0.40200834375, 
                0.40484337395833331
            ]
        }
    ], 
    "node_configs": [
        {
            "batch_size": 64, 
            "input_type": "bytes", 
            "model_name": "tf-nmt", 
            "gpus": [
                0
            ], 
            "allocated_cpus": [
                0, 
                16, 
                1, 
                17, 
                2, 
                18, 
                3, 
                19
            ]
        }
    ]
}