{
    "client_metrics": [
        {
            "thrus": [
                50.90796476320372, 
                56.415238249484524, 
                50.562816820816536, 
                52.06566456532898, 
                50.67152705139059, 
                53.644222464155185, 
                52.091240846999234, 
                53.1324013504264, 
                53.951815970355725
            ], 
            "p99_lats": [
                1.5156572599999936, 
                1.4244270000000001, 
                1.4613419999999999, 
                1.432976, 
                1.4564820000000001, 
                1.444121, 
                1.411489, 
                1.4672000000000001, 
                1.4499500000000001
            ], 
            "mean_lats": [
                0.41785206041666673, 
                0.38295586562500006, 
                0.42354824166666666, 
                0.39499222708333337, 
                0.40671077708333336, 
                0.38695896249999995, 
                0.39887911979166663, 
                0.39201659270833328, 
                0.38013778645833335
            ]
        }
    ], 
    "node_configs": [
        {
            "batch_size": 64, 
            "input_type": "bytes", 
            "model_name": "tf-nmt", 
            "gpus": [
                0
            ], 
            "allocated_cpus": [
                4, 
                20, 
                5, 
                21, 
                6, 
                22, 
                7, 
                23
            ]
        }
    ]
}