{
    "client_metrics": [
        {
            "thrus": [
                18.25754050115853, 
                225.94070412161034, 
                225.5221118792645, 
                233.0673646257346, 
                235.44785124404757, 
                227.99479715872883, 
                239.38821946633186, 
                241.10793920222204, 
                224.6040231072619, 
                240.48954050865945, 
                224.2398828570852, 
                228.35273189790806, 
                228.54426445313928, 
                232.7814473186487, 
                230.15701311434663, 
                236.26614436097685, 
                226.5454648429757, 
                226.61965064314657, 
                230.80216446269836, 
                232.51244813519205, 
                230.6448599639733
            ], 
            "p99_lats": [
                4.409608059999999, 
                0.24247558, 
                0.22986261, 
                0.22509795000000002, 
                0.21996047999999999, 
                0.23839851999999997, 
                0.22121454999999998, 
                0.23843246999999998, 
                0.22512891000000002, 
                0.21796028, 
                0.23561686999999998, 
                0.24250482999999998, 
                0.23412829, 
                0.22937884, 
                0.23988131000000001, 
                0.23247533999999997, 
                0.2374365, 
                0.23070165, 
                0.22346656999999998, 
                0.22453744, 
                0.23508287
            ], 
            "mean_lats": [
                1.36906225, 
                0.221147, 
                0.221562, 
                0.21437925000000002, 
                0.21219875, 
                0.21914524999999996, 
                0.20872175000000004, 
                0.20723275000000002, 
                0.22245525, 
                0.20775375, 
                0.22280624999999998, 
                0.21881675, 
                0.218615, 
                0.214659, 
                0.21708974999999997, 
                0.21147875, 
                0.2205665, 
                0.220487, 
                0.2164835, 
                0.21490599999999999, 
                0.21664
            ]
        }
    ], 
    "node_configs": [
        {
            "batch_size": 50, 
            "input_type": "floats", 
            "model_name": "tf_resnet_feats", 
            "gpus": [
                0
            ], 
            "allocated_cpus": [
                4, 
                20, 
                5, 
                21, 
                6, 
                22, 
                7, 
                23
            ]
        }, 
        {
            "batch_size": 50, 
            "input_type": "floats", 
            "model_name": "inception_feats", 
            "gpus": [
                1
            ], 
            "allocated_cpus": [
                4, 
                20, 
                5, 
                21, 
                6, 
                22, 
                7, 
                23
            ]
        }, 
        {
            "batch_size": 50, 
            "input_type": "floats", 
            "model_name": "kernel_svm", 
            "gpus": [], 
            "allocated_cpus": [
                4, 
                20, 
                5, 
                21, 
                6, 
                22, 
                7, 
                23
            ]
        }, 
        {
            "batch_size": 50, 
            "input_type": "floats", 
            "model_name": "tf_log_reg", 
            "gpus": [], 
            "allocated_cpus": [
                4, 
                20, 
                5, 
                21, 
                6, 
                22, 
                7, 
                23
            ]
        }
    ]
}