{
    "client_metrics": [
        {
            "thrus": [
                17.015119294702888, 
                223.08282619170845, 
                228.68930157143853, 
                233.84072874124703, 
                235.00547562758211, 
                245.45780334902628, 
                221.64839914443718, 
                228.33396125172678, 
                228.45550372154017, 
                225.97440161978452, 
                229.735333409146, 
                237.34167826674118, 
                231.1598909849954, 
                231.0917815674262, 
                232.1459455130251, 
                230.58556050161582, 
                234.19176324149504, 
                233.4852933450854, 
                228.525201187874, 
                231.58119004941943, 
                209.10353134043729
            ], 
            "p99_lats": [
                5.112334389999999, 
                0.23189731, 
                0.22876668, 
                0.23232610999999997, 
                0.22586954999999997, 
                0.22844084, 
                0.24456806999999997, 
                0.23412899, 
                0.225869, 
                0.23529698999999998, 
                0.23667674, 
                0.22501742, 
                0.23097861, 
                0.23490154000000002, 
                0.22909080999999998, 
                0.22590034, 
                0.21863253, 
                0.22798197, 
                0.22458841, 
                0.23387131, 
                0.29766665
            ], 
            "mean_lats": [
                1.5480915, 
                0.22396899999999997, 
                0.21848649999999997, 
                0.21368125, 
                0.21261224999999997, 
                0.20353725, 
                0.225445, 
                0.21883450000000002, 
                0.21867399999999998, 
                0.2211145, 
                0.21750450000000002, 
                0.210515, 
                0.21614725, 
                0.21623299999999998, 
                0.21524375, 
                0.216681, 
                0.21333525, 
                0.213993, 
                0.21866225, 
                0.21576175, 
                0.23894925
            ]
        }
    ], 
    "node_configs": [
        {
            "batch_size": 50, 
            "input_type": "floats", 
            "model_name": "tf_resnet_feats", 
            "gpus": [
                0
            ], 
            "allocated_cpus": [
                0, 
                16, 
                1, 
                17, 
                2, 
                18, 
                3, 
                19
            ]
        }, 
        {
            "batch_size": 50, 
            "input_type": "floats", 
            "model_name": "inception_feats", 
            "gpus": [
                1
            ], 
            "allocated_cpus": [
                0, 
                16, 
                1, 
                17, 
                2, 
                18, 
                3, 
                19
            ]
        }, 
        {
            "batch_size": 50, 
            "input_type": "floats", 
            "model_name": "kernel_svm", 
            "gpus": [], 
            "allocated_cpus": [
                0, 
                16, 
                1, 
                17, 
                2, 
                18, 
                3, 
                19
            ]
        }, 
        {
            "batch_size": 50, 
            "input_type": "floats", 
            "model_name": "tf_log_reg", 
            "gpus": [], 
            "allocated_cpus": [
                0, 
                16, 
                1, 
                17, 
                2, 
                18, 
                3, 
                19
            ]
        }
    ]
}