{
    "client_metrics": [
        {
            "thrus": [
                74.78003765940223, 
                75.18269755266252, 
                74.51267267658815, 
                74.03206805159566, 
                73.78332039617746, 
                74.80209006915867, 
                74.5706328191341, 
                74.83767069743676, 
                74.69051285773838, 
                74.63127797617956, 
                74.49716461827181, 
                73.92232294570258, 
                75.10567463770526
            ], 
            "p99_lats": [
                7.3232939999999997, 
                7.3436430000000001, 
                7.3240569999999998, 
                7.4887969999999999, 
                7.4604999999999997, 
                7.3720610000000004, 
                7.3066550000000001, 
                7.4620730000000002, 
                7.3418089999999996, 
                7.3204039999999999, 
                7.319706, 
                7.3182320000000001, 
                7.3130420000000003
            ], 
            "mean_lats": [
                2.6437318344140626, 
                2.6286604552734372, 
                2.6510588690625001, 
                2.6662637174804691, 
                2.675275419707031, 
                2.6434447971289061, 
                2.64850876296875, 
                2.6414208091406253, 
                2.6462878606640623, 
                2.6470636140429686, 
                2.6498967368359376, 
                2.6670981302539065, 
                2.6306067577929686
            ]
        }
    ], 
    "node_configs": [
        {
            "batch_size": 512, 
            "input_type": "bytes", 
            "model_name": "tf-nmt", 
            "gpus": [
                0
            ], 
            "allocated_cpus": [
                8, 
                24, 
                9, 
                25, 
                10, 
                26, 
                11, 
                27
            ]
        }
    ]
}