{
    "client_metrics": [
        {
            "thrus": [
                16.94554132305816, 
                19.38110385658448, 
                18.351717829369825, 
                19.76029185160653, 
                18.6469598136572, 
                17.096736010837965, 
                20.3515437476954, 
                19.19821963390403, 
                19.69951864554515
            ], 
            "p99_lats": [
                0.42044012999999986, 
                0.40424347999999999, 
                0.44376729999999992, 
                0.41754003999999995, 
                0.43001174999999997, 
                0.44515365999999995, 
                0.44016045999999998, 
                0.39907230999999987, 
                0.44138100999999996
            ], 
            "mean_lats": [
                0.058902163333333334, 
                0.051498628333333331, 
                0.054392700000000002, 
                0.050509029999999996, 
                0.053529886666666658, 
                0.058392693333333329, 
                0.049038721666666674, 
                0.051990046666666664, 
                0.050668368333333332
            ]
        }
    ], 
    "node_configs": [
        {
            "batch_size": 1, 
            "input_type": "bytes", 
            "model_name": "tf-nmt", 
            "gpus": [
                0
            ], 
            "allocated_cpus": [
                12, 
                28, 
                13, 
                29, 
                14, 
                30, 
                15, 
                31
            ]
        }
    ]
}