{
    "client_metrics": [
        {
            "thrus": [
                17.028741706257783, 
                20.16257080842836, 
                20.369817430418824, 
                21.527563623368817, 
                19.85892287386814, 
                19.209540841068616, 
                19.60188249945564, 
                18.645357012439533, 
                19.895006754520583
            ], 
            "p99_lats": [
                0.45690869999999995, 
                0.4498453, 
                0.44941141999999995, 
                0.44965061000000001, 
                0.40999197999999998, 
                0.45171727999999994, 
                0.44876225000000003, 
                0.44826529000000004, 
                0.44861431000000002
            ], 
            "mean_lats": [
                0.058613741666666663, 
                0.049498590000000002, 
                0.048994068333333328, 
                0.046355266666666665, 
                0.050256645000000003, 
                0.051958596666666669, 
                0.05091636166666666, 
                0.053535729999999997, 
                0.05016785
            ]
        }
    ], 
    "node_configs": [
        {
            "batch_size": 1, 
            "input_type": "bytes", 
            "model_name": "tf-nmt", 
            "gpus": [
                0
            ], 
            "allocated_cpus": [
                8, 
                24, 
                9, 
                25, 
                10, 
                26, 
                11, 
                27
            ]
        }
    ]
}