{
    "client_metrics": [
        {
            "thrus": [
                19.695216524286664, 
                24.47760307477859, 
                26.283276599420613, 
                22.216327489994878, 
                22.676999365837712, 
                22.446380087247583, 
                22.07781369592757, 
                25.043206836060865, 
                20.09512563589769
            ], 
            "p99_lats": [
                0.44642788, 
                0.40151188999999998, 
                0.42417703999999978, 
                0.40473281, 
                0.44361653999999995, 
                0.41813432999999972, 
                0.41536558000000001, 
                0.40374177999999999, 
                0.40841253999999994
            ], 
            "mean_lats": [
                0.050669460000000006, 
                0.040761008333333335, 
                0.037954051666666662, 
                0.044918376666666662, 
                0.044003788333333328, 
                0.044457481666666666, 
                0.045199885000000002, 
                0.039837190000000001, 
                0.049669524999999999
            ]
        }
    ], 
    "node_configs": [
        {
            "batch_size": 1, 
            "input_type": "bytes", 
            "model_name": "tf-nmt", 
            "gpus": [
                0
            ], 
            "allocated_cpus": [
                8, 
                24, 
                9, 
                25, 
                10, 
                26, 
                11, 
                27
            ]
        }
    ]
}