{
    "client_metrics": [
        {
            "thrus": [
                17.341179793294295, 
                19.29702606455743, 
                18.337913838578313, 
                17.76853077112699, 
                16.172613974744955, 
                18.186999272125977, 
                15.741114495042623, 
                16.976357875205096, 
                19.03642381742166
            ], 
            "p99_lats": [
                0.44468576999999981, 
                0.43397873999999986, 
                0.42596352999999998, 
                0.44168280999999998, 
                0.44188330999999997, 
                0.44483334999999996, 
                0.43872537999999994, 
                0.43229396999999992, 
                0.41204490999999976
            ], 
            "mean_lats": [
                0.057563036666666664, 
                0.051729518333333335, 
                0.054439516666666667, 
                0.056187683333333328, 
                0.061740299999999998, 
                0.054891641666666664, 
                0.063436236666666659, 
                0.058816181666666661, 
                0.05244186
            ]
        }
    ], 
    "node_configs": [
        {
            "batch_size": 1, 
            "input_type": "bytes", 
            "model_name": "tf-nmt", 
            "gpus": [
                0
            ], 
            "allocated_cpus": [
                4, 
                20, 
                5, 
                21, 
                6, 
                22, 
                7, 
                23
            ]
        }
    ]
}