{
    "client_metrics": [
        {
            "thrus": [
                19.460088283285177, 
                17.634853430267025, 
                17.471906557448225, 
                20.35636393541713, 
                20.29813563315721, 
                20.555708505253286, 
                19.23873727445707, 
                21.03566576094102, 
                20.806851557505542
            ], 
            "p99_lats": [
                0.4180412, 
                0.44380637000000001, 
                0.44553108999999996, 
                0.44428869999999998, 
                0.44409061, 
                0.44768084000000002, 
                0.44461645999999994, 
                0.41402515999999995, 
                0.44124218999999998
            ], 
            "mean_lats": [
                0.051283461666666669, 
                0.056611748333333337, 
                0.057140983333333326, 
                0.049031716666666662, 
                0.049173036666666663, 
                0.048554156666666667, 
                0.05188550166666666, 
                0.047445313333333336, 
                0.047970651666666676
            ]
        }
    ], 
    "node_configs": [
        {
            "batch_size": 1, 
            "input_type": "bytes", 
            "model_name": "tf-nmt", 
            "gpus": [
                0
            ], 
            "allocated_cpus": [
                0, 
                16, 
                1, 
                17, 
                2, 
                18, 
                3, 
                19
            ]
        }
    ]
}