{
    "client_metrics": [
        {
            "thrus": [
                79.47823063166203, 
                78.98536157351886, 
                78.18620764602929, 
                79.11919872093307, 
                79.18262669576748, 
                78.87509412960665, 
                79.03180652959428, 
                78.55412817539317, 
                79.05256501340462, 
                78.74948585006706, 
                78.6719697023919, 
                78.46226526306563, 
                79.45240705846743
            ], 
            "p99_lats": [
                6.9434389999999997, 
                6.960305, 
                6.9677360000000004, 
                6.9350771100000257, 
                6.9553859999999998, 
                6.9357850000000001, 
                6.9907130000000004, 
                6.9717929999999999, 
                6.9953539999999998, 
                6.9496010000000004, 
                6.9546229999999998, 
                6.9474859999999996, 
                6.9401919999999997
            ], 
            "mean_lats": [
                2.5051827144921872, 
                2.5056343959179688, 
                2.5241822580859372, 
                2.4977934738476564, 
                2.5050256788867187, 
                2.5071281751367192, 
                2.4994299463476564, 
                2.5097755105468749, 
                2.5038208386914063, 
                2.5094926303124998, 
                2.5093707825781251, 
                2.5179350835546876, 
                2.5017747599609375
            ]
        }
    ], 
    "node_configs": [
        {
            "batch_size": 512, 
            "input_type": "bytes", 
            "model_name": "tf-nmt", 
            "gpus": [
                0
            ], 
            "allocated_cpus": [
                4, 
                20, 
                5, 
                21, 
                6, 
                22, 
                7, 
                23
            ]
        }
    ]
}