{
    "client_metrics": [
        {
            "thrus": [
                13.08215422787098, 
                48.99667067622755, 
                51.19709036696027, 
                48.628931588332755, 
                49.566221215036606, 
                53.10750605558338, 
                50.004600423238934, 
                49.27997035316984, 
                52.507660867720595, 
                48.90853272934556, 
                50.888591134087875, 
                51.414701211176116, 
                50.201105629150376, 
                50.182967098039455, 
                53.4025715474303, 
                50.58151033354965, 
                48.16273610577308, 
                51.557022066405445, 
                49.03823756574189, 
                47.9024935163975, 
                53.22656793493159, 
                47.74507187304395, 
                49.17068718985589, 
                51.55928157297056, 
                49.93563296910282, 
                49.21916259501144, 
                51.80552619909071, 
                48.732397248958705, 
                50.073282248570784, 
                52.89373701128171, 
                49.548759447709706
            ], 
            "p99_lats": [
                6.88361192, 
                8.6927063, 
                10.64599511, 
                12.53926788, 
                14.32023011, 
                16.207962300000002, 
                18.08800441, 
                19.89033239, 
                21.78911936, 
                23.714011380000002, 
                25.44191816, 
                27.3832917, 
                29.2540481, 
                31.01961858, 
                32.88359704, 
                34.738296979999994, 
                36.58191412, 
                38.51843745, 
                40.43430863, 
                42.291934080000004, 
                44.16234534, 
                46.135217159999996, 
                47.93703088000001, 
                49.87193285, 
                51.7529332, 
                53.55290232, 
                55.20322086, 
                56.27012943, 
                58.041221230000005, 
                59.86403796, 
                61.7542186
            ], 
            "mean_lats": [
                6.010026849999999, 
                7.82410754, 
                9.73267157, 
                11.629828190000001, 
                13.471116979999998, 
                15.32405718, 
                17.164267230000004, 
                19.01887386, 
                20.88724052, 
                22.766159830000003, 
                24.60509729, 
                26.47210612, 
                28.33449836, 
                30.160584760000003, 
                32.00830909, 
                33.822919899999995, 
                35.68091595, 
                37.607409770000004, 
                39.5010829, 
                41.40619859, 
                43.27566446999998, 
                45.163996589999996, 
                47.07287448, 
                48.96496843, 
                50.84306705000001, 
                52.68978690000001, 
                54.524152, 
                55.371480850000005, 
                57.20048322, 
                59.008660309999996, 
                60.823178209999995
            ]
        }
    ], 
    "node_configs": [
        {
            "batch_size": 6, 
            "input_type": "floats", 
            "model_name": "tf_resnet_feats", 
            "gpus": [
                0
            ], 
            "allocated_cpus": [
                0, 
                16, 
                1, 
                17, 
                2, 
                18, 
                3, 
                19
            ]
        }, 
        {
            "batch_size": 6, 
            "input_type": "floats", 
            "model_name": "inception_feats", 
            "gpus": [
                1
            ], 
            "allocated_cpus": [
                0, 
                16, 
                1, 
                17, 
                2, 
                18, 
                3, 
                19
            ]
        }, 
        {
            "batch_size": 6, 
            "input_type": "floats", 
            "model_name": "kernel_svm", 
            "gpus": [], 
            "allocated_cpus": [
                0, 
                16, 
                1, 
                17, 
                2, 
                18, 
                3, 
                19
            ]
        }, 
        {
            "batch_size": 6, 
            "input_type": "floats", 
            "model_name": "tf_log_reg", 
            "gpus": [], 
            "allocated_cpus": [
                0, 
                16, 
                1, 
                17, 
                2, 
                18, 
                3, 
                19
            ]
        }
    ]
}