{
    "client_metrics": [
        {
            "thrus": [
                157.79478630246578, 
                219.79797269339886, 
                221.64680249552134, 
                216.9978777607555, 
                186.05360762596527, 
                222.1037668798863, 
                216.53751106371345, 
                216.00079920295707, 
                188.6646504704353, 
                217.54240173337786, 
                215.0795498600101, 
                224.20707765692393, 
                189.0674578509553, 
                217.34724428145816, 
                223.56097989013097, 
                224.66810903592668, 
                186.1455583808315, 
                220.43000382997133, 
                223.52812319081923, 
                216.44564860373617, 
                187.5216528908572, 
                221.88286470747795, 
                219.45718362915247, 
                217.33791481657767, 
                188.0321309305334, 
                218.80784732463647, 
                219.0896060056843, 
                223.44496271262187, 
                192.3990818715813, 
                213.97697607737408, 
                220.2291484289403
            ], 
            "p99_lats": [
                252.26457976999998, 
                253.62158998, 
                254.96450864, 
                256.35259287, 
                257.96501975, 
                259.28527062, 
                260.67074762999994, 
                262.05763767, 
                263.63810799000004, 
                265.02508063, 
                266.42875993999996, 
                267.75837394999996, 
                269.34181758, 
                270.71381116, 
                272.04823373000005, 
                273.36774964999995, 
                274.97838519, 
                276.34002288, 
                277.67277134, 
                279.05013478, 
                280.63050389, 
                281.97438374, 
                283.34120474, 
                284.72639116000005, 
                286.31391196, 
                287.68466373, 
                289.05088202999997, 
                290.38881865999997, 
                291.92889273, 
                293.33426985, 
                294.68927967
            ], 
            "mean_lats": [
                251.46204665749997, 
                252.88778598500002, 
                254.282323125, 
                255.69966066, 
                257.16097889, 
                258.561647085, 
                259.96521726, 
                261.41618723749997, 
                262.84774206, 
                264.26021082750003, 
                265.72814487750003, 
                267.14176462, 
                268.53896418999994, 
                269.97313909, 
                271.378359795, 
                272.7539528725, 
                274.1643729, 
                275.5954330825, 
                277.005017495, 
                278.40639276499996, 
                279.84532662500004, 
                281.2449327025, 
                282.64218505, 
                284.0882701425, 
                285.51781802, 
                286.930129965, 
                288.36344163, 
                289.7665207025, 
                291.157892265, 
                292.57368866, 
                294.0063958475
            ]
        }
    ], 
    "node_configs": [
        {
            "batch_size": 64, 
            "input_type": "floats", 
            "model_name": "tf_resnet_feats", 
            "gpus": [
                0
            ], 
            "allocated_cpus": [
                0, 
                16, 
                1, 
                17, 
                2, 
                18, 
                3, 
                19
            ]
        }, 
        {
            "batch_size": 64, 
            "input_type": "floats", 
            "model_name": "inception_feats", 
            "gpus": [
                1
            ], 
            "allocated_cpus": [
                0, 
                16, 
                1, 
                17, 
                2, 
                18, 
                3, 
                19
            ]
        }, 
        {
            "batch_size": 64, 
            "input_type": "floats", 
            "model_name": "kernel_svm", 
            "gpus": [], 
            "allocated_cpus": [
                0, 
                16, 
                1, 
                17, 
                2, 
                18, 
                3, 
                19
            ]
        }, 
        {
            "batch_size": 64, 
            "input_type": "floats", 
            "model_name": "tf_log_reg", 
            "gpus": [], 
            "allocated_cpus": [
                0, 
                16, 
                1, 
                17, 
                2, 
                18, 
                3, 
                19
            ]
        }
    ]
}