{
    "client_metrics": [
        {
            "thrus": [
                130.71399907715917, 
                176.18444397070405, 
                167.05381388033433, 
                171.34436791062677, 
                148.97712307298093, 
                183.3775578877106, 
                186.28530339355936, 
                189.46283497029222, 
                162.55021785792948, 
                190.54369738612155, 
                191.19965354622778, 
                184.56228746499085, 
                158.0326827391173, 
                184.1601972724033, 
                191.47257729747946, 
                190.06420368800582, 
                154.73181495003323, 
                184.02954778419223, 
                182.7654050675364, 
                184.7394158170193, 
                163.03545939724162, 
                188.40374923460976, 
                185.09366665000823, 
                180.14447586964747, 
                159.97811499386884, 
                187.94819771774505, 
                193.46232756460918, 
                188.98268729601682, 
                160.7295837264511, 
                180.53523280469608, 
                187.4962500749985
            ], 
            "p99_lats": [
                147.65578673000002, 
                148.56543601, 
                149.52836269999997, 
                150.46537776, 
                151.53995188000002, 
                152.3990666, 
                153.24681862, 
                154.07253793, 
                155.03933273, 
                155.86107216, 
                156.67075583000002, 
                157.52289264, 
                158.51605202000002, 
                159.37280379, 
                160.18921472, 
                161.01460186, 
                162.04137569, 
                162.90188566999998, 
                163.76846792999999, 
                164.61804985, 
                165.5719983, 
                166.40326511, 
                167.25227864, 
                168.12944764, 
                169.10324192000002, 
                169.92996374999998, 
                170.72997415999998, 
                171.56081465, 
                172.53945181, 
                173.41770502, 
                174.25631768
            ], 
            "mean_lats": [
                147.16046647, 
                148.081650065, 
                149.03590926500002, 
                150.04510538, 
                151.00078906000002, 
                151.93851671000002, 
                152.822042365, 
                153.700017505, 
                154.55303578, 
                155.41500318, 
                156.271092335, 
                157.13011957000003, 
                158.012983735, 
                158.92266823499997, 
                159.78523676499998, 
                160.63292056499998, 
                161.54442039, 
                162.43986513, 
                163.33819662, 
                164.22411437, 
                165.10054064, 
                165.95355396, 
                166.834870905, 
                167.72650613999997, 
                168.62357272, 
                169.48514326999998, 
                170.332731415, 
                171.18263986500003, 
                172.05115942, 
                172.9449267, 
                173.843901185
            ]
        }
    ], 
    "node_configs": [
        {
            "batch_size": 32, 
            "input_type": "floats", 
            "model_name": "tf_resnet_feats", 
            "gpus": [
                0
            ], 
            "allocated_cpus": [
                0, 
                16, 
                1, 
                17, 
                2, 
                18, 
                3, 
                19
            ]
        }, 
        {
            "batch_size": 32, 
            "input_type": "floats", 
            "model_name": "inception_feats", 
            "gpus": [
                1
            ], 
            "allocated_cpus": [
                0, 
                16, 
                1, 
                17, 
                2, 
                18, 
                3, 
                19
            ]
        }, 
        {
            "batch_size": 32, 
            "input_type": "floats", 
            "model_name": "kernel_svm", 
            "gpus": [], 
            "allocated_cpus": [
                0, 
                16, 
                1, 
                17, 
                2, 
                18, 
                3, 
                19
            ]
        }, 
        {
            "batch_size": 32, 
            "input_type": "floats", 
            "model_name": "tf_log_reg", 
            "gpus": [], 
            "allocated_cpus": [
                0, 
                16, 
                1, 
                17, 
                2, 
                18, 
                3, 
                19
            ]
        }
    ]
}