{
    "client_metrics": [
        {
            "thrus": [
                17.131272486936545, 
                17.51804972253161, 
                17.60045901997124, 
                17.504649234836773, 
                17.621741563767443, 
                17.565696583507147, 
                17.93738703930512, 
                17.581292379705282, 
                17.238460660626078, 
                17.423940145280813, 
                17.387875156447407, 
                17.78434138537174, 
                18.11938865182689, 
                18.227160729655118, 
                17.5386042217525, 
                17.814750114281622, 
                17.91845597381612, 
                18.220425607277676, 
                18.14552054236235, 
                17.931732459986236, 
                18.378933918910676, 
                19.078144078144078, 
                17.561106504247505, 
                17.900455566594168, 
                17.79953593049922, 
                17.710932781696812, 
                18.37941358643011, 
                18.163496167865578, 
                17.859458208332008, 
                18.11194558881754, 
                18.191151896482157
            ], 
            "p99_lats": [
                182.94977769, 
                185.74499258999998, 
                188.52572992, 
                191.32215945000002, 
                194.10049600000002, 
                196.88670996000002, 
                199.61485550999998, 
                202.39875861000002, 
                205.23898599, 
                208.04782171, 
                210.86386072, 
                213.61649193, 
                216.31715391, 
                219.00078321, 
                221.79275963999999, 
                224.53846656000002, 
                227.26749885, 
                229.95189655, 
                232.64547926, 
                235.3724638, 
                238.03215796, 
                240.59365697, 
                243.38146706, 
                246.1162359, 
                248.37306111, 
                250.66135091, 
                253.32228091000002, 
                256.01433695000003, 
                258.75208398999996, 
                261.40615497, 
                264.09396737
            ], 
            "mean_lats": [
                181.63372706, 
                184.40210110000004, 
                187.1948085, 
                189.96545508, 
                192.75641223999995, 
                195.5363121, 
                198.32265603999997, 
                201.0563178, 
                203.89506891999997, 
                206.68716487999998, 
                209.5077628, 
                212.28892894, 
                215.04612852, 
                217.69984957999998, 
                220.46004066, 
                223.22050649999997, 
                225.94893553999998, 
                228.66959870000002, 
                231.36306596000003, 
                234.07173593999997, 
                236.74067224, 
                239.36858501999998, 
                242.04350816000002, 
                244.80560548000003, 
                247.36932008, 
                249.35341481999995, 
                252.05229993999998, 
                254.71844858, 
                257.44671716, 
                260.155907, 
                262.81095636
            ]
        }
    ], 
    "node_configs": [
        {
            "batch_size": 2, 
            "input_type": "floats", 
            "model_name": "tf_resnet_feats", 
            "gpus": [
                0
            ], 
            "allocated_cpus": [
                0, 
                16, 
                1, 
                17, 
                2, 
                18, 
                3, 
                19
            ]
        }, 
        {
            "batch_size": 2, 
            "input_type": "floats", 
            "model_name": "inception_feats", 
            "gpus": [
                1
            ], 
            "allocated_cpus": [
                0, 
                16, 
                1, 
                17, 
                2, 
                18, 
                3, 
                19
            ]
        }, 
        {
            "batch_size": 2, 
            "input_type": "floats", 
            "model_name": "kernel_svm", 
            "gpus": [], 
            "allocated_cpus": [
                0, 
                16, 
                1, 
                17, 
                2, 
                18, 
                3, 
                19
            ]
        }, 
        {
            "batch_size": 2, 
            "input_type": "floats", 
            "model_name": "tf_log_reg", 
            "gpus": [], 
            "allocated_cpus": [
                0, 
                16, 
                1, 
                17, 
                2, 
                18, 
                3, 
                19
            ]
        }
    ]
}