{
    "client_metrics": [
        {
            "thrus": [
                60.84968060002653, 
                71.04331368748899, 
                64.75828323200821, 
                69.3325013433172, 
                64.57307832133243, 
                68.65821255209441, 
                62.29361347186602, 
                66.07721386749272, 
                63.18855781595069, 
                69.99781606813868, 
                63.221075883625176, 
                66.33340762674987, 
                62.02935228950339, 
                69.0110169187409, 
                63.02785831337451, 
                67.559944249534, 
                65.7014682964135, 
                69.31303847566765, 
                62.032469034942274, 
                67.6528192621107, 
                63.85691963159666, 
                71.65376898824879, 
                62.04440021368091, 
                67.29819290892401, 
                63.000063000063, 
                67.78126173463095, 
                62.26553135847823, 
                69.31649774236166, 
                61.98724922283486, 
                68.03947650426778, 
                63.020430593394074
            ], 
            "p99_lats": [
                69.06277007, 
                70.35758897000001, 
                71.77742508, 
                73.10659859, 
                74.53335068, 
                75.87311287, 
                77.35460761, 
                78.75495801, 
                80.21509469, 
                81.52859670000001, 
                82.98666964, 
                84.38194379000001, 
                85.87278092000001, 
                87.2088158, 
                88.66850299000001, 
                90.03609703, 
                91.43141574, 
                92.76095272, 
                94.25062269000001, 
                95.61613681, 
                97.05934974, 
                98.34220993, 
                99.83184075999999, 
                101.20578489, 
                102.67176972, 
                104.03292863, 
                105.5169578, 
                106.84632767, 
                108.33605284, 
                109.68930979999999, 
                111.1522838
            ], 
            "mean_lats": [
                68.37618677, 
                69.72988835, 
                71.09140507, 
                72.48275023000001, 
                73.82910326, 
                75.22559125999999, 
                76.63909509, 
                78.07770864, 
                79.5176874, 
                80.89091124, 
                82.28027235999998, 
                83.71861540999998, 
                85.15372957999998, 
                86.57103839, 
                87.96211325, 
                89.39129512000001, 
                90.74810398, 
                92.12064804000002, 
                93.53609954, 
                94.95282491, 
                96.36191483, 
                97.72287398999997, 
                99.11851842, 
                100.54427891000003, 
                101.95888579000002, 
                103.37449022999998, 
                104.8056661, 
                106.20371617000002, 
                107.61138408999999, 
                109.04131067, 
                110.43996787999998
            ]
        }
    ], 
    "node_configs": [
        {
            "batch_size": 8, 
            "input_type": "floats", 
            "model_name": "tf_resnet_feats", 
            "gpus": [
                0
            ], 
            "allocated_cpus": [
                0, 
                16, 
                1, 
                17, 
                2, 
                18, 
                3, 
                19
            ]
        }, 
        {
            "batch_size": 8, 
            "input_type": "floats", 
            "model_name": "inception_feats", 
            "gpus": [
                1
            ], 
            "allocated_cpus": [
                0, 
                16, 
                1, 
                17, 
                2, 
                18, 
                3, 
                19
            ]
        }, 
        {
            "batch_size": 8, 
            "input_type": "floats", 
            "model_name": "kernel_svm", 
            "gpus": [], 
            "allocated_cpus": [
                0, 
                16, 
                1, 
                17, 
                2, 
                18, 
                3, 
                19
            ]
        }, 
        {
            "batch_size": 8, 
            "input_type": "floats", 
            "model_name": "tf_log_reg", 
            "gpus": [], 
            "allocated_cpus": [
                0, 
                16, 
                1, 
                17, 
                2, 
                18, 
                3, 
                19
            ]
        }
    ]
}