{
    "client_metrics": [
        {
            "thrus": [
                123.93309100282939, 
                168.96344306945747, 
                170.62080379460667, 
                153.26962425951612, 
                168.88753778858657, 
                169.09358230672393, 
                148.68440322912787, 
                169.55776790763173, 
                169.74974643631626, 
                152.01622925263501, 
                168.300018344702, 
                163.84659371124005, 
                148.0932987782303, 
                168.3556951785454, 
                171.14759597529314, 
                152.0285935378726, 
                166.94337531124506, 
                167.4953499103481, 
                154.18036944700125, 
                176.57720970927446, 
                174.0531941371922, 
                152.03795475502505, 
                166.43656811125285, 
                168.10127092965885, 
                152.9463586530932, 
                173.62000310779803, 
                172.81544002267336, 
                153.2826631943034, 
                165.0016623917486, 
                171.17015340269148, 
                152.69658349029268
            ], 
            "p99_lats": [
                101.30400972000001, 
                102.26257358, 
                103.20765084, 
                104.25236873, 
                105.20541218, 
                106.15450184999999, 
                107.2438467, 
                108.19326294, 
                109.13859068999999, 
                110.19979472, 
                111.15610267000001, 
                112.14806649, 
                113.23621872999999, 
                114.19029585, 
                115.12375331999999, 
                116.17207904, 
                117.13752486, 
                118.10270807999999, 
                119.14253645, 
                120.0497427, 
                120.97345469, 
                122.03426195, 
                123.0027812, 
                123.96426879, 
                125.00419944, 
                125.91922579, 
                126.849419, 
                127.89539064, 
                128.87943123000002, 
                129.82041168, 
                130.86808866
            ], 
            "mean_lats": [
                100.76044666999998, 
                101.77408435, 
                102.75847519999999, 
                103.74373373, 
                104.71215810499999, 
                105.70423934499999, 
                106.70904392499999, 
                107.70776142499999, 
                108.69243334499998, 
                109.67334973999999, 
                110.65826771500001, 
                111.68339010000001, 
                112.70580781500001, 
                113.69922483000002, 
                114.680665645, 
                115.66753265999999, 
                116.64692492499998, 
                117.64887076999999, 
                118.63685783499999, 
                119.58659887499999, 
                120.53359346, 
                121.51898643, 
                122.51054863499999, 
                123.51039012500001, 
                124.49265161, 
                125.44845113, 
                126.408585085, 
                127.37514464, 
                128.37521763499998, 
                129.38076009, 
                130.354099825
            ]
        }
    ], 
    "node_configs": [
        {
            "batch_size": 24, 
            "input_type": "floats", 
            "model_name": "tf_resnet_feats", 
            "gpus": [
                0
            ], 
            "allocated_cpus": [
                0, 
                16, 
                1, 
                17, 
                2, 
                18, 
                3, 
                19
            ]
        }, 
        {
            "batch_size": 24, 
            "input_type": "floats", 
            "model_name": "inception_feats", 
            "gpus": [
                1
            ], 
            "allocated_cpus": [
                0, 
                16, 
                1, 
                17, 
                2, 
                18, 
                3, 
                19
            ]
        }, 
        {
            "batch_size": 24, 
            "input_type": "floats", 
            "model_name": "kernel_svm", 
            "gpus": [], 
            "allocated_cpus": [
                0, 
                16, 
                1, 
                17, 
                2, 
                18, 
                3, 
                19
            ]
        }, 
        {
            "batch_size": 24, 
            "input_type": "floats", 
            "model_name": "tf_log_reg", 
            "gpus": [], 
            "allocated_cpus": [
                0, 
                16, 
                1, 
                17, 
                2, 
                18, 
                3, 
                19
            ]
        }
    ]
}