{
    "client_metrics": [
        {
            "thrus": [
                42.50951974126156, 
                163.91178759327093, 
                179.421598592617, 
                161.2279767622117, 
                174.8776839899043, 
                170.01128449900864, 
                175.14269751279855, 
                159.39696938542107, 
                169.7372848739043, 
                170.26543956364372, 
                157.0557080522854, 
                172.78184823015232, 
                170.8719681973093, 
                173.8762270771363, 
                160.9406012499452, 
                172.33230666361638, 
                173.63876971722493, 
                160.7014295999177, 
                173.42579240412374, 
                172.93371234638622, 
                173.70867145002444, 
                163.67054102115688, 
                179.48536162261945, 
                172.85808308164476, 
                164.24366204238638, 
                176.0200803707687, 
                173.83466671765817, 
                178.31557755969783, 
                163.06264255241956, 
                178.60619299113577, 
                179.00856108443386
            ], 
            "p99_lats": [
                8.157097929999999, 
                10.12705957, 
                11.88826385, 
                13.741035060000002, 
                15.68312689, 
                17.56706068, 
                19.38007758, 
                21.38851602, 
                22.08776932, 
                23.97379104, 
                25.90017969, 
                27.88387878, 
                29.75538321, 
                31.59065292, 
                33.5718776, 
                35.4235904, 
                37.262453730000004, 
                39.12423471, 
                41.086313260000004, 
                42.93321977, 
                44.766463980000005, 
                46.700475090000005, 
                48.464516800000006, 
                50.316705649999996, 
                52.133320129999994, 
                54.05900097999999, 
                55.896202220000006, 
                57.67446576, 
                59.62475782, 
                61.392397069999994, 
                63.15386694
            ], 
            "mean_lats": [
                6.95747497, 
                9.1622097975, 
                11.020074130000001, 
                12.859742115, 
                14.73195474, 
                16.629617675, 
                18.5075498075, 
                20.3831660625, 
                21.230470850000003, 
                23.034299297500002, 
                24.990817992500002, 
                26.90647987, 
                28.806353039999998, 
                30.701395147499998, 
                32.58670366250001, 
                34.472490385, 
                36.35641909, 
                38.241918822500004, 
                40.12726173, 
                42.0027028225, 
                43.8778239425, 
                45.74652067, 
                47.553721787499995, 
                49.40228054, 
                51.2774007, 
                53.1118830675, 
                54.977847940000004, 
                56.81559093, 
                58.653334914999995, 
                60.48617585, 
                62.278782312500006
            ]
        }
    ], 
    "node_configs": [
        {
            "batch_size": 28, 
            "input_type": "floats", 
            "model_name": "tf_resnet_feats", 
            "gpus": [
                0
            ], 
            "allocated_cpus": [
                0, 
                16, 
                1, 
                17, 
                2, 
                18, 
                3, 
                19
            ]
        }, 
        {
            "batch_size": 28, 
            "input_type": "floats", 
            "model_name": "inception_feats", 
            "gpus": [
                1
            ], 
            "allocated_cpus": [
                0, 
                16, 
                1, 
                17, 
                2, 
                18, 
                3, 
                19
            ]
        }, 
        {
            "batch_size": 28, 
            "input_type": "floats", 
            "model_name": "kernel_svm", 
            "gpus": [], 
            "allocated_cpus": [
                0, 
                16, 
                1, 
                17, 
                2, 
                18, 
                3, 
                19
            ]
        }, 
        {
            "batch_size": 28, 
            "input_type": "floats", 
            "model_name": "tf_log_reg", 
            "gpus": [], 
            "allocated_cpus": [
                0, 
                16, 
                1, 
                17, 
                2, 
                18, 
                3, 
                19
            ]
        }
    ]
}