{
    "client_metrics": [
        {
            "thrus": [
                76.89261561765915, 
                100.10430868965462, 
                100.40079999357435, 
                86.72763619491168, 
                98.39168944434277, 
                99.90369284010214, 
                87.19482899786111, 
                100.95962119950126, 
                102.50848513985746, 
                90.99520546262417, 
                99.28751280808915, 
                97.60230185268689, 
                90.5520687978398, 
                97.14830855079981, 
                102.11250347182512, 
                91.99995952001781, 
                100.10120231554102, 
                102.54264748708988, 
                87.87106853855475, 
                98.9912788683317, 
                96.57730047129724, 
                87.87099132537574, 
                101.4487901724528, 
                99.12708687299639, 
                87.8113461040301, 
                97.51169652799854, 
                102.6990332939996, 
                88.68904291219341, 
                97.57182750081473, 
                99.25666682216877, 
                88.04770072234334
            ], 
            "p99_lats": [
                168.51592363999998, 
                169.40214875, 
                170.28404886, 
                171.30701473000002, 
                172.21102985000002, 
                173.09850294999998, 
                174.11825062, 
                174.99506214, 
                175.85423181, 
                176.82508976, 
                177.71956974, 
                178.63141694, 
                179.60959167, 
                180.52396348000002, 
                181.39072653000002, 
                182.35085173, 
                183.23706151000002, 
                184.10063451000002, 
                185.11108574000002, 
                186.01031442000001, 
                186.93196718000002, 
                187.94374355000002, 
                188.81457067000002, 
                189.70965608999998, 
                190.71891664, 
                191.63141874, 
                192.49261064, 
                193.49135475, 
                194.40185768, 
                195.29432701000002, 
                196.30328278
            ], 
            "mean_lats": [
                168.03110323999996, 
                168.95074796, 
                169.87718303999998, 
                170.80515832000003, 
                171.75817892999999, 
                172.68672740999995, 
                173.63305718, 
                174.55216113999998, 
                175.45141572999998, 
                176.35466500999996, 
                177.26713964999996, 
                178.20963293, 
                179.12477762000003, 
                180.06439074000002, 
                180.98745825999998, 
                181.88778694000004, 
                182.78756901, 
                183.69758161000001, 
                184.61343851000004, 
                185.55668719999994, 
                186.49577759, 
                187.45758252, 
                188.3708712300001, 
                189.29626929000003, 
                190.22264441, 
                191.17509672, 
                192.09747775999998, 
                193.00652855000004, 
                193.94445442000003, 
                194.8774066, 
                195.81539718
            ]
        }
    ], 
    "node_configs": [
        {
            "batch_size": 12, 
            "input_type": "floats", 
            "model_name": "tf_resnet_feats", 
            "gpus": [
                0
            ], 
            "allocated_cpus": [
                0, 
                16, 
                1, 
                17, 
                2, 
                18, 
                3, 
                19
            ]
        }, 
        {
            "batch_size": 12, 
            "input_type": "floats", 
            "model_name": "inception_feats", 
            "gpus": [
                1
            ], 
            "allocated_cpus": [
                0, 
                16, 
                1, 
                17, 
                2, 
                18, 
                3, 
                19
            ]
        }, 
        {
            "batch_size": 12, 
            "input_type": "floats", 
            "model_name": "kernel_svm", 
            "gpus": [], 
            "allocated_cpus": [
                0, 
                16, 
                1, 
                17, 
                2, 
                18, 
                3, 
                19
            ]
        }, 
        {
            "batch_size": 12, 
            "input_type": "floats", 
            "model_name": "tf_log_reg", 
            "gpus": [], 
            "allocated_cpus": [
                0, 
                16, 
                1, 
                17, 
                2, 
                18, 
                3, 
                19
            ]
        }
    ]
}