{
    "client_metrics": [
        {
            "thrus": [
                70.15682857459565, 
                79.93962959173233, 
                83.79202484265953, 
                83.01186986727232, 
                80.26951291656867, 
                80.37034655693435, 
                77.97197998927105, 
                77.27049696520123, 
                78.33442218180166, 
                80.70614649941125, 
                80.08232462971935, 
                81.69734401934593, 
                84.92179551850701, 
                83.43359270056185, 
                80.65049462948356, 
                79.14610846499288, 
                80.94773609419079, 
                84.70793128831446, 
                79.18709693767659, 
                79.28642220019822, 
                79.0720108803087, 
                80.13122289060566, 
                80.89934180295508, 
                81.93618482181338, 
                80.7957410948954, 
                79.91701417248329, 
                80.6583658453763, 
                80.56459669362896, 
                79.40894335283618, 
                80.20108014814744, 
                79.87711704314084
            ], 
            "p99_lats": [
                118.66104382, 
                119.79459577, 
                120.86988475, 
                121.95738075999999, 
                123.08445974, 
                124.21030367, 
                125.37485787000001, 
                126.54908074000001, 
                127.70698155, 
                128.82717087999998, 
                129.9582957, 
                131.06456779, 
                132.12472276999998, 
                133.20549, 
                134.32843151, 
                135.47428456000003, 
                136.59150507, 
                137.65444186999997, 
                138.80033195000001, 
                139.94185104, 
                141.08787901999997, 
                142.21341207, 
                143.32997233, 
                144.43238465000002, 
                145.55173782000003, 
                146.67712107, 
                147.79855340999998, 
                148.91992972, 
                150.05925098999998, 
                151.18835047, 
                152.32261186
            ], 
            "mean_lats": [
                118.13282090000001, 
                119.28442934, 
                120.38575433000001, 
                121.45909673000001, 
                122.57234821, 
                123.70461790999998, 
                124.83721013000002, 
                126.01142867, 
                127.1889468, 
                128.31282183, 
                129.44172351, 
                130.57479437, 
                131.62933228, 
                132.71939537, 
                133.80857568000002, 
                134.95184374, 
                136.09668742000002, 
                137.17066154, 
                138.27586339000004, 
                139.42738456, 
                140.5660718, 
                141.70710498, 
                142.81087862, 
                143.93342386, 
                145.04117656, 
                146.1714576, 
                147.28086745000002, 
                148.41532902, 
                149.54046427000003, 
                150.67730738999998, 
                151.81001639
            ]
        }
    ], 
    "node_configs": [
        {
            "batch_size": 10, 
            "input_type": "floats", 
            "model_name": "tf_resnet_feats", 
            "gpus": [
                0
            ], 
            "allocated_cpus": [
                0, 
                16, 
                1, 
                17, 
                2, 
                18, 
                3, 
                19
            ]
        }, 
        {
            "batch_size": 10, 
            "input_type": "floats", 
            "model_name": "inception_feats", 
            "gpus": [
                1
            ], 
            "allocated_cpus": [
                0, 
                16, 
                1, 
                17, 
                2, 
                18, 
                3, 
                19
            ]
        }, 
        {
            "batch_size": 10, 
            "input_type": "floats", 
            "model_name": "kernel_svm", 
            "gpus": [], 
            "allocated_cpus": [
                0, 
                16, 
                1, 
                17, 
                2, 
                18, 
                3, 
                19
            ]
        }, 
        {
            "batch_size": 10, 
            "input_type": "floats", 
            "model_name": "tf_log_reg", 
            "gpus": [], 
            "allocated_cpus": [
                0, 
                16, 
                1, 
                17, 
                2, 
                18, 
                3, 
                19
            ]
        }
    ]
}