{
    "client_metrics": [
        {
            "thrus": [
                119.05491824796401, 
                144.58137907502615, 
                143.40422999457215, 
                147.41348302681158, 
                146.39080782839483, 
                145.99158212537466, 
                145.63025497673195, 
                144.63313443866795, 
                144.02280168996356, 
                144.55295552972876, 
                141.47163034028878, 
                145.33246618295178, 
                147.40978889444133, 
                139.6408158933591, 
                144.31597115989632, 
                144.0713556610318, 
                146.2999998537, 
                144.84178569643913, 
                142.6655633863098, 
                147.30990025646653, 
                146.1568423691147, 
                145.75474723211735, 
                144.8999212468928, 
                142.8717361844817, 
                145.70091245196423, 
                141.82596677443075, 
                148.01372975357194, 
                147.34050390452336, 
                143.45689514807262, 
                145.2860136786782, 
                148.04594161660245
            ], 
            "p99_lats": [
                54.94115076, 
                56.082808740000004, 
                57.236883719999994, 
                58.35764727, 
                59.48274679, 
                60.61302067, 
                61.74416209, 
                62.88235873000001, 
                64.03229867, 
                65.17153206, 
                66.34570384, 
                67.47450986999999, 
                68.58720308000001, 
                69.77973684999999, 
                70.92751665, 
                72.0700538, 
                73.19832543999999, 
                74.34331266, 
                75.50323654, 
                76.62256027999999, 
                77.74889901, 
                78.88220208999999, 
                80.02588884, 
                81.18489371000001, 
                82.31819610000001, 
                83.48937587, 
                84.59522593, 
                85.71823672, 
                86.87444867, 
                88.00745684, 
                89.11605599
            ], 
            "mean_lats": [
                54.386163135000004, 
                55.562248165, 
                56.705089645, 
                57.832944735, 
                58.969603379999995, 
                60.09865718000001, 
                61.22395714500001, 
                62.362649170000005, 
                63.50768372, 
                64.65950624999999, 
                65.805921435, 
                66.97198673, 
                68.075872935, 
                69.229143635, 
                70.407031445, 
                71.54558305, 
                72.691889565, 
                73.82006411, 
                74.973226145, 
                76.10637711999999, 
                77.230896535, 
                78.358380425, 
                79.48574972, 
                80.657815925, 
                81.79649533499999, 
                82.95539008, 
                84.087090595, 
                85.20005550500002, 
                86.34257351000001, 
                87.48376164999999, 
                88.61561408000001
            ]
        }
    ], 
    "node_configs": [
        {
            "batch_size": 20, 
            "input_type": "floats", 
            "model_name": "tf_resnet_feats", 
            "gpus": [
                0
            ], 
            "allocated_cpus": [
                0, 
                16, 
                1, 
                17, 
                2, 
                18, 
                3, 
                19
            ]
        }, 
        {
            "batch_size": 20, 
            "input_type": "floats", 
            "model_name": "inception_feats", 
            "gpus": [
                1
            ], 
            "allocated_cpus": [
                0, 
                16, 
                1, 
                17, 
                2, 
                18, 
                3, 
                19
            ]
        }, 
        {
            "batch_size": 20, 
            "input_type": "floats", 
            "model_name": "kernel_svm", 
            "gpus": [], 
            "allocated_cpus": [
                0, 
                16, 
                1, 
                17, 
                2, 
                18, 
                3, 
                19
            ]
        }, 
        {
            "batch_size": 20, 
            "input_type": "floats", 
            "model_name": "tf_log_reg", 
            "gpus": [], 
            "allocated_cpus": [
                0, 
                16, 
                1, 
                17, 
                2, 
                18, 
                3, 
                19
            ]
        }
    ]
}