{
    "client_metrics": [
        {
            "thrus": [
                158.97859432716683, 
                206.8776473873939, 
                211.60785467195757, 
                189.42595883868628, 
                211.0024038448858, 
                210.5575669652022, 
                189.83788319369967, 
                206.71257753013612, 
                213.23780279768, 
                188.69856018281118, 
                206.70328415345446, 
                213.3169505915279, 
                191.9465927800249, 
                207.4264906445467, 
                211.0846903440364, 
                189.1710901173239, 
                211.63304523021444, 
                210.17410823125877, 
                189.70094594376692, 
                208.5123063963235, 
                210.68011227143182, 
                190.26553934334606, 
                211.76133015761926, 
                209.61064822092962, 
                190.77598130395384, 
                215.46685742665778, 
                210.90772576090237, 
                188.60166950197845, 
                215.52467326459532, 
                209.56013328024477, 
                185.4583928732049
            ], 
            "p99_lats": [
                184.10289986, 
                185.57468766000002, 
                186.99812657, 
                188.58380297, 
                190.0191954, 
                191.45299877, 
                192.85724069, 
                158.85877592, 
                160.27851573, 
                161.88807871, 
                163.36756991000001, 
                164.79074203, 
                166.36036073000002, 
                167.82924077, 
                169.25992750999998, 
                170.85472851, 
                172.2898518, 
                173.72108903, 
                175.31096391999998, 
                176.76954184, 
                178.19704588000002, 
                179.77354978, 
                181.19182551999998, 
                182.63141879999998, 
                184.21415191999998, 
                185.59676501, 
                187.03317369, 
                188.62390148999998, 
                190.02300988, 
                191.46637566, 
                193.10269988
            ], 
            "mean_lats": [
                183.28402537499997, 
                184.8233254925, 
                186.31935568749998, 
                187.79882042, 
                189.27027760500002, 
                190.7687302975, 
                189.48478285999997, 
                158.1041513425, 
                159.60184115250001, 
                161.089709135, 
                162.60449007, 
                164.1165942775, 
                165.59580625750002, 
                167.0668047675, 
                168.5817901775, 
                170.06195591, 
                171.5422608175, 
                173.04706234750003, 
                174.5368368675, 
                176.01526521250003, 
                177.522181525, 
                178.99425784750002, 
                180.45255281500002, 
                181.946751425, 
                183.43551881500002, 
                184.87954707749998, 
                186.3401721775, 
                187.8387121625, 
                189.30205395500002, 
                190.77573163, 
                192.30940835
            ]
        }
    ], 
    "node_configs": [
        {
            "batch_size": 48, 
            "input_type": "floats", 
            "model_name": "tf_resnet_feats", 
            "gpus": [
                0
            ], 
            "allocated_cpus": [
                0, 
                16, 
                1, 
                17, 
                2, 
                18, 
                3, 
                19
            ]
        }, 
        {
            "batch_size": 48, 
            "input_type": "floats", 
            "model_name": "inception_feats", 
            "gpus": [
                1
            ], 
            "allocated_cpus": [
                0, 
                16, 
                1, 
                17, 
                2, 
                18, 
                3, 
                19
            ]
        }, 
        {
            "batch_size": 48, 
            "input_type": "floats", 
            "model_name": "kernel_svm", 
            "gpus": [], 
            "allocated_cpus": [
                0, 
                16, 
                1, 
                17, 
                2, 
                18, 
                3, 
                19
            ]
        }, 
        {
            "batch_size": 48, 
            "input_type": "floats", 
            "model_name": "tf_log_reg", 
            "gpus": [], 
            "allocated_cpus": [
                0, 
                16, 
                1, 
                17, 
                2, 
                18, 
                3, 
                19
            ]
        }
    ]
}