{
    "client_metrics": [
        {
            "thrus": [
                164.98090552244707, 
                187.43931652127623, 
                193.48282138584975, 
                190.3517366978637, 
                189.83581100706, 
                191.31460395246407, 
                189.2596116676658, 
                190.1953353643025, 
                190.67421927249205, 
                189.73828923420206, 
                190.24255450092483, 
                186.865067537707, 
                190.5830077143237, 
                192.18951423619805, 
                190.63568900265602, 
                193.39217612612265, 
                190.38725243112623, 
                188.9549233858644, 
                192.8149439294143, 
                190.2514220104724, 
                189.76277281363636, 
                193.31815141450892, 
                190.2692500156972, 
                191.46185433677852, 
                191.23594356053596, 
                190.1598007885927, 
                192.78195445237154, 
                188.98143729832137, 
                189.02403582383528, 
                195.39264151312062, 
                188.36870348176
            ], 
            "p99_lats": [
                127.89015893999999, 
                129.54472774, 
                131.12705791000002, 
                132.75272726, 
                134.37413865999997, 
                135.98966699000002, 
                137.62613491, 
                139.25176992000002, 
                140.86707682, 
                142.49310352999998, 
                144.10689757, 
                145.7672119, 
                147.37389252, 
                148.97428148, 
                150.58175164, 
                152.16831579, 
                153.78225905000002, 
                155.41710249, 
                157.01556101, 
                158.63545588, 
                160.25479068, 
                161.84707075, 
                163.47264873, 
                165.09008494999998, 
                166.71437053, 
                168.34073583, 
                169.93732592, 
                171.57354744, 
                173.20271564, 
                174.77109655, 
                176.41077682
            ], 
            "mean_lats": [
                127.14168567249999, 
                128.78966702500003, 
                130.40302203250002, 
                131.9929207725, 
                133.62480116499998, 
                135.2457780075, 
                136.866092015, 
                138.5053393175, 
                140.11242147000002, 
                141.74200459750003, 
                143.3665747975, 
                145.00392727, 
                146.6335181225, 
                148.230452845, 
                149.83755376, 
                151.43063597, 
                153.029969135, 
                154.6673422875, 
                156.28398751, 
                157.880270665, 
                159.50391555, 
                161.1141540175, 
                162.7192250925, 
                164.34854818749997, 
                165.96601750500002, 
                167.5864367975, 
                169.20327603500002, 
                170.8126704575, 
                172.45362114749997, 
                174.0520326075, 
                175.6550241725
            ]
        }
    ], 
    "node_configs": [
        {
            "batch_size": 40, 
            "input_type": "floats", 
            "model_name": "tf_resnet_feats", 
            "gpus": [
                0
            ], 
            "allocated_cpus": [
                0, 
                16, 
                1, 
                17, 
                2, 
                18, 
                3, 
                19
            ]
        }, 
        {
            "batch_size": 40, 
            "input_type": "floats", 
            "model_name": "inception_feats", 
            "gpus": [
                1
            ], 
            "allocated_cpus": [
                0, 
                16, 
                1, 
                17, 
                2, 
                18, 
                3, 
                19
            ]
        }, 
        {
            "batch_size": 40, 
            "input_type": "floats", 
            "model_name": "kernel_svm", 
            "gpus": [], 
            "allocated_cpus": [
                0, 
                16, 
                1, 
                17, 
                2, 
                18, 
                3, 
                19
            ]
        }, 
        {
            "batch_size": 40, 
            "input_type": "floats", 
            "model_name": "tf_log_reg", 
            "gpus": [], 
            "allocated_cpus": [
                0, 
                16, 
                1, 
                17, 
                2, 
                18, 
                3, 
                19
            ]
        }
    ]
}