{
    "client_metrics": [
        {
            "thrus": [
                0.8541174267970117, 
                1.262964966867377, 
                1.1946883201535319, 
                1.2436295078460586, 
                3.1907941759072065, 
                5.320088441150246, 
                0.6715722783022384, 
                0.584974782322109, 
                0.6740944686773915, 
                0.4134718728729457, 
                1.3000476077433956, 
                1.4269353452741185, 
                0.5890018974107123, 
                0.8614997815236555, 
                1.1660102417675595, 
                1.0543485022452352, 
                1.0829941756573234, 
                2.083060799545393, 
                1.4345111243468671, 
                2.3376851680421606, 
                0.6541656483488074
            ], 
            "p99_lats": [
                0.38904328, 
                0.12248436, 
                0.12281776, 
                0.12491228, 
                0.11716048, 
                0.14296399999999998, 
                0.12614308, 
                0.12600128, 
                0.1911844, 
                0.1352122, 
                0.13013884, 
                0.12580407999999998, 
                0.12658916, 
                0.13622428, 
                0.1258408, 
                0.11723636, 
                0.12400332, 
                0.13303543999999998, 
                0.12324623999999999, 
                0.12874336, 
                0.12536036
            ], 
            "all_lats": [
                [
                    0.400359, 
                    0.117466, 
                    0.110662, 
                    0.107861, 
                    0.110752
                ], 
                [
                    0.117501, 
                    0.116447, 
                    0.115534, 
                    0.117433, 
                    0.122692
                ], 
                [
                    0.118638, 
                    0.112376, 
                    0.122092, 
                    0.118363, 
                    0.122848
                ], 
                [
                    0.121805, 
                    0.124487, 
                    0.122937, 
                    0.122604, 
                    0.12493
                ], 
                [
                    0.114364, 
                    0.114764, 
                    0.11724, 
                    0.115252, 
                    0.11401
                ], 
                [
                    0.12143, 
                    0.12326, 
                    0.095313, 
                    0.143785, 
                    0.11744
                ], 
                [
                    0.11056, 
                    0.118471, 
                    0.122497, 
                    0.112074, 
                    0.126295
                ], 
                [
                    0.105664, 
                    0.118136, 
                    0.126329, 
                    0.11768, 
                    0.115332
                ], 
                [
                    0.122615, 
                    0.119079, 
                    0.118293, 
                    0.132538, 
                    0.193628
                ], 
                [
                    0.116607, 
                    0.122761, 
                    0.135731, 
                    0.116068, 
                    0.110197
                ], 
                [
                    0.126559, 
                    0.130288, 
                    0.117047, 
                    0.126047, 
                    0.116065
                ], 
                [
                    0.119398, 
                    0.108594, 
                    0.10819, 
                    0.126071, 
                    0.113936
                ], 
                [
                    0.114419, 
                    0.126752, 
                    0.118, 
                    0.122681, 
                    0.116263
                ], 
                [
                    0.13682, 
                    0.120407, 
                    0.115095, 
                    0.121927, 
                    0.120634
                ], 
                [
                    0.109262, 
                    0.125965, 
                    0.118925, 
                    0.12286, 
                    0.113364
                ], 
                [
                    0.114302, 
                    0.115205, 
                    0.11301, 
                    0.110213, 
                    0.117321
                ], 
                [
                    0.115211, 
                    0.120844, 
                    0.123003, 
                    0.103557, 
                    0.124045
                ], 
                [
                    0.1336, 
                    0.112714, 
                    0.119486, 
                    0.117844, 
                    0.118902
                ], 
                [
                    0.115316, 
                    0.120944, 
                    0.123336, 
                    0.121092, 
                    0.120212
                ], 
                [
                    0.116701, 
                    0.121384, 
                    0.11313, 
                    0.12905, 
                    0.114484
                ], 
                [
                    0.119472, 
                    0.122705, 
                    0.125471, 
                    0.117657, 
                    0.116169
                ]
            ], 
            "mean_lats": [
                0.16942, 
                0.1179214, 
                0.1188634, 
                0.1233526, 
                0.11512600000000002, 
                0.1202456, 
                0.1179794, 
                0.1166282, 
                0.1372306, 
                0.1202728, 
                0.12320119999999998, 
                0.11523779999999999, 
                0.119623, 
                0.12297659999999999, 
                0.1180752, 
                0.11401019999999999, 
                0.11733199999999999, 
                0.12050919999999998, 
                0.12018, 
                0.1189498, 
                0.1202948
            ]
        }
    ], 
    "node_configs": [
        {
            "name": "inception", 
            "cpus_per_replica": 2, 
            "input_type": "floats", 
            "batch_size": 1, 
            "num_replicas": 1, 
            "instance_type": "p3.16xlarge", 
            "gpus_per_replica": 1, 
            "model_base_path": "/home/ubuntu/clipper/model_composition/image_driver_1/tf_serving/exported_tf_models/inception_tfserve", 
            "allocated_cpus": [
                5, 
                21, 
                6, 
                22, 
                7, 
                23
            ], 
            "gpus": [
                5, 
                6, 
                7
            ], 
            "ports": [
                9500
            ]
        }, 
        {
            "name": "kernel_svm", 
            "cpus_per_replica": 2, 
            "input_type": "floats", 
            "batch_size": 1, 
            "num_replicas": 1, 
            "instance_type": "p3.16xlarge", 
            "gpus_per_replica": 0, 
            "model_base_path": "/home/ubuntu/clipper/model_composition/image_driver_1/tf_serving/exported_tf_models/kernel_svm_tfserve", 
            "allocated_cpus": [
                8, 
                24, 
                9, 
                25
            ], 
            "gpus": [], 
            "ports": [
                9524
            ]
        }, 
        {
            "name": "resnet", 
            "cpus_per_replica": 2, 
            "input_type": "floats", 
            "batch_size": 1, 
            "num_replicas": 2, 
            "instance_type": "p3.16xlarge", 
            "gpus_per_replica": 1,