{
    "client_metrics": [
        {
            "thrus": [
                73.04935813868866, 
                74.21184986216116, 
                74.16362121030897, 
                73.69887019727949, 
                75.25570993635141, 
                75.08182232225006, 
                74.78756970605623, 
                74.39983887784894, 
                74.07137426964347
            ], 
            "p99_lats": [
                7.8021260000000003, 
                7.1016240000000002, 
                7.1494910000000012, 
                7.1235020000000002, 
                7.1057430000000004, 
                7.1176969999999997, 
                7.0978029999999999, 
                7.111853, 
                7.1359320000000004
            ], 
            "mean_lats": [
                2.6722879842447913, 
                2.6336261595052082, 
                2.6299210045572918, 
                2.6441390069010415, 
                2.6024505867187502, 
                2.6005897826822917, 
                2.6154057649739584, 
                2.6236132519531248, 
                2.6355170718749998
            ]
        }
    ], 
    "node_configs": [
        {
            "batch_size": 512, 
            "input_type": "bytes", 
            "model_name": "tf-nmt", 
            "gpus": [
                0
            ], 
            "allocated_cpus": [
                4, 
                20, 
                5, 
                21, 
                6, 
                22, 
                7, 
                23
            ]
        }
    ]
}