{
    "client_metrics": [
        {
            "thrus": [
                78.51587814949117, 
                79.57905255085578, 
                78.93590879825267, 
                79.33554251828801, 
                79.1070049013356, 
                79.06508013523835, 
                79.40970436435533, 
                78.79048953425236, 
                79.27515149222103, 
                79.2449120080671, 
                78.7511604068082, 
                79.54151450765917, 
                79.16640264336371
            ], 
            "p99_lats": [
                6.7255380000000002, 
                6.7157669999999996, 
                6.7130299999999998, 
                6.6962910000000004, 
                6.6972589999999999, 
                6.7156380000000002, 
                6.7002560000000004, 
                6.7331209999999997, 
                6.715579, 
                6.7191400000000003, 
                6.7422519999999997, 
                6.6814859999999996, 
                6.704917
            ], 
            "mean_lats": [
                2.5186726955273437, 
                2.4817669054687497, 
                2.5007142286523436, 
                2.4893263649609376, 
                2.4966378832421872, 
                2.4959427815429689, 
                2.4864970400000002, 
                2.5035685370117187, 
                2.4922360557031249, 
                2.4928161089257812, 
                2.5046775023632812, 
                2.4829260798828123, 
                2.4954041383789063
            ]
        }
    ], 
    "node_configs": [
        {
            "batch_size": 512, 
            "input_type": "bytes", 
            "model_name": "tf-nmt", 
            "gpus": [
                0
            ], 
            "allocated_cpus": [
                8, 
                24, 
                9, 
                25, 
                10, 
                26, 
                11, 
                27
            ]
        }
    ]
}