{
    "client_metrics": [
        {
            "thrus": [
                77.2607553309217, 
                78.86255307472926, 
                77.67348101442172, 
                76.01496231800739, 
                77.47166304959072, 
                78.1944605822335, 
                76.80259976800214, 
                77.38118843963734, 
                78.26747683968036
            ], 
            "p99_lats": [
                7.2522010000000003, 
                6.8926569999999998, 
                6.9648389999999996, 
                6.9871829999999999, 
                6.9833119999999997, 
                6.9663579999999996, 
                6.9847859999999997, 
                7.0168569999999999, 
                6.8905669999999999
            ], 
            "mean_lats": [
                2.5803174502604169, 
                2.5282310670572916, 
                2.548717974479167, 
                2.5873093553385416, 
                2.5527285329427083, 
                2.5259447886718749, 
                2.5678241205729164, 
                2.5520587151041667, 
                2.5347698289062501
            ]
        }
    ], 
    "node_configs": [
        {
            "batch_size": 512, 
            "input_type": "bytes", 
            "model_name": "tf-nmt", 
            "gpus": [
                0
            ], 
            "allocated_cpus": [
                8, 
                24, 
                9, 
                25, 
                10, 
                26, 
                11, 
                27
            ]
        }
    ]
}