{
    "client_metrics": [
        {
            "thrus": [
                82.72434089946887, 
                85.07124489681917, 
                82.83260412958928, 
                85.30897477740189, 
                83.60257426259916, 
                84.38197346142985, 
                84.04467171281235, 
                83.27669957524004, 
                84.03945350325192
            ], 
            "p99_lats": [
                6.3408289999999994, 
                6.3254390000000003, 
                6.3538290000000011, 
                6.282017999999999, 
                6.3791390000000003, 
                6.3674150000000012, 
                6.3465499999999988, 
                6.3414960000000002, 
                6.3193800000000007
            ], 
            "mean_lats": [
                2.4181201494791664, 
                2.3630516141927083, 
                2.4032940621093748, 
                2.3598232373697914, 
                2.3875948708333334, 
                2.3754699348958335, 
                2.3726446783854169, 
                2.3954686444010416, 
                2.3796000852864583
            ]
        }
    ], 
    "node_configs": [
        {
            "batch_size": 512, 
            "input_type": "bytes", 
            "model_name": "tf-nmt", 
            "gpus": [
                0
            ], 
            "allocated_cpus": [
                12, 
                28, 
                13, 
                29, 
                14, 
                30, 
                15, 
                31
            ]
        }
    ]
}