{
    "client_metrics": [
        {
            "thrus": [
                73.96032070396912, 
                74.05295173380617, 
                74.81454081738293, 
                74.40485911046831, 
                73.81089232470198, 
                74.39420205531535, 
                74.3735072804938, 
                74.48475685889902, 
                74.0234756228919, 
                74.39497094762322, 
                74.35262512587632, 
                74.51226429302221, 
                76.32856069031001
            ], 
            "p99_lats": [
                7.3223479999999999, 
                7.305345, 
                7.3289309999999999, 
                7.3177399999999997, 
                7.3300609999999997, 
                7.2965369999999998, 
                7.3112320000000004, 
                7.3433710000000003, 
                7.3336329999999998, 
                7.3201179999999999, 
                7.3531009999999997, 
                7.3061199999999999, 
                7.1406559999999999
            ], 
            "mean_lats": [
                2.6673307864257811, 
                2.6476273276562501, 
                2.6269308430273437, 
                2.6393273468164065, 
                2.6586025647265625, 
                2.6389584031640627, 
                2.6381556639257813, 
                2.6396730252929688, 
                2.6532057282617187, 
                2.6395562553515624, 
                2.639537466132813, 
                2.6364243194531247, 
                2.6088501982226568
            ]
        }
    ], 
    "node_configs": [
        {
            "batch_size": 512, 
            "input_type": "bytes", 
            "model_name": "tf-nmt", 
            "gpus": [
                0
            ], 
            "allocated_cpus": [
                12, 
                28, 
                13, 
                29, 
                14, 
                30, 
                15, 
                31
            ]
        }
    ]
}