{
    "client_metrics": [
        {
            "thrus": [
                81.30378611675953, 
                80.7032881743005, 
                80.93865135725567, 
                80.57351015928728, 
                80.76977711804014, 
                81.88262444679991, 
                81.44051667772543, 
                80.85173040634152, 
                80.17107467617271, 
                80.65711744263427, 
                80.56525463836752, 
                79.60460888296636, 
                79.99724496988067
            ], 
            "p99_lats": [
                6.933243, 
                6.9581920000000004, 
                7.0492439999999998, 
                7.0521000000000003, 
                6.9648089999999998, 
                6.7313939999999999, 
                6.9501289999999996, 
                7.0173139999999998, 
                7.0064019999999996, 
                6.9778820000000001, 
                7.0281060000000002, 
                7.033779, 
                7.0435280000000002
            ], 
            "mean_lats": [
                2.4631954736132813, 
                2.4644889672460937, 
                2.4620091321484376, 
                2.4696850979687501, 
                2.4638832847851559, 
                2.4393986014648434, 
                2.4466294652148441, 
                2.4635300012109376, 
                2.4807394487695311, 
                2.4672252945312501, 
                2.4692524988671871, 
                2.4901337373632813, 
                2.4810747558007811
            ]
        }
    ], 
    "node_configs": [
        {
            "batch_size": 512, 
            "input_type": "bytes", 
            "model_name": "tf-nmt", 
            "gpus": [
                0
            ], 
            "allocated_cpus": [
                0, 
                16, 
                1, 
                17, 
                2, 
                18, 
                3, 
                19
            ]
        }
    ]
}