{
    "client_metrics": [
        {
            "thrus": [
                81.02215440039602, 
                80.993517955878, 
                81.15164582987211, 
                79.77105209479717, 
                81.77275060864534, 
                80.57998535647626, 
                80.65719651758354, 
                80.74950258358979, 
                80.7304932317783
            ], 
            "p99_lats": [
                6.4841340000000001, 
                6.5023910000000003, 
                6.4436790000000004, 
                6.5213530000000004, 
                6.4898290000000003, 
                6.5311599999999999, 
                6.5167080000000004, 
                6.501653000000001, 
                6.5301400000000003
            ], 
            "mean_lats": [
                2.4783318722656249, 
                2.4804437045572914, 
                2.4689210789062499, 
                2.5039805993489583, 
                2.4518623166666669, 
                2.4764738571614582, 
                2.4778878177083339, 
                2.4811091657552082, 
                2.4801499407552088
            ]
        }
    ], 
    "node_configs": [
        {
            "batch_size": 512, 
            "input_type": "bytes", 
            "model_name": "tf-nmt", 
            "gpus": [
                0
            ], 
            "allocated_cpus": [
                0, 
                16, 
                1, 
                17, 
                2, 
                18, 
                3, 
                19
            ]
        }
    ]
}