{
    "client_metrics": [
        {
            "thrus": [
                76.60542921918005, 
                75.68929591333386, 
                76.16408329550492, 
                76.62133288187006, 
                76.34979799528514, 
                76.23838066772873, 
                76.05226116503341, 
                76.41540311011646, 
                76.0165644310439, 
                76.11274910355571, 
                76.50456705668037, 
                75.71321366672602, 
                75.38815849894449
            ], 
            "p99_lats": [
                7.2550340000000002, 
                7.2765420000000001, 
                7.2518229999999999, 
                7.2603720000000003, 
                7.2812859999999997, 
                7.2804549999999999, 
                7.2821759999999998, 
                7.2606440000000001, 
                7.2606630000000001, 
                7.2696459999999998, 
                7.0458350000000003, 
                7.2719279999999999, 
                7.2913189999999997
            ], 
            "mean_lats": [
                2.5725815265429692, 
                2.593337948847656, 
                2.5825148520312502, 
                2.5705103281640631, 
                2.5785436277539064, 
                2.5816239966796877, 
                2.5852619346093753, 
                2.5737764401953127, 
                2.5876788797070316, 
                2.5844051660156255, 
                2.5748238908984376, 
                2.5964375719726558, 
                2.605203304003906
            ]
        }
    ], 
    "node_configs": [
        {
            "batch_size": 512, 
            "input_type": "bytes", 
            "model_name": "tf-nmt", 
            "gpus": [
                0
            ], 
            "allocated_cpus": [
                0, 
                16, 
                1, 
                17, 
                2, 
                18, 
                3, 
                19
            ]
        }
    ]
}