{
    "client_metrics": [
        {
            "thrus": [
                86.35139905794671, 
                87.19556217278034, 
                85.95412458253492, 
                86.21554926843132, 
                88.14127945330371, 
                87.12858194477734, 
                88.31848639778012, 
                87.78900543527108, 
                85.80140286634332
            ], 
            "p99_lats": [
                6.2204800000000002, 
                6.1222480700000066, 
                6.3101240000000001, 
                6.077305, 
                6.3224629999999999, 
                6.2948235500000003, 
                6.3035259999999997, 
                6.0926884000000072, 
                6.2672279999999994
            ], 
            "mean_lats": [
                2.3794616402343749, 
                2.3499686963541668, 
                2.3728754296874994, 
                2.3755732355468751, 
                2.3293732436197918, 
                2.3585429221354173, 
                2.3289866203125, 
                2.3439164322916666, 
                2.3800398222656249
            ]
        }
    ], 
    "node_configs": [
        {
            "batch_size": 512, 
            "input_type": "bytes", 
            "model_name": "tf-nmt", 
            "gpus": [
                0
            ], 
            "allocated_cpus": [
                0, 
                16, 
                1, 
                17, 
                2, 
                18, 
                3, 
                19
            ]
        }
    ]
}