{
    "process_path": "CONFIGS_COST/untagged/slo_1000/cv_0.1/peak_provision/lambda_242/242_0.1.deltas", 
    "batch_size": 175, 
    "gpu_affinities": [
        "0 1", 
        "2 3"
    ], 
    "num_trials": 30, 
    "cpu_affinities": [
        "0 1 2 3 16 17 18 19", 
        "4 5 6 7 20 21 22 23"
    ], 
    "trial_length": 1210, 
    "replica_nums": [
        0, 
        1
    ], 
    "slo_millis": 1000, 
    "cv": 0.1, 
    "process_mean_thru": 242.2647587434548, 
    "max_estimated_thru": 332.6570490568222, 
    "process_peak_thru": 280.0, 
    "lambda": 242
}