{
    "client_metrics": [
        {
            "thrus": [
                135.37909191766514, 
                178.59773984560226, 
                174.80362997218, 
                177.2834327745655, 
                176.8340341855555, 
                175.97950190761782, 
                172.5638939387795, 
                157.46022948253844, 
                176.54930845635877, 
                177.77035092756125, 
                177.75597304508426, 
                177.63377599670312, 
                176.33512137146406, 
                177.98233881251963, 
                157.48924348467, 
                176.78198450152343, 
                173.48942755428484, 
                180.02351107054582, 
                183.16880195697547, 
                177.25593630130675, 
                183.44651983607218
            ], 
            "p99_lats": [
                0.386341, 
                0.16877, 
                0.16877, 
                0.164203, 
                0.164512, 
                0.16635, 
                0.175145, 
                0.165215, 
                0.16723, 
                0.168004, 
                0.16687, 
                0.162898, 
                0.166001, 
                0.166768, 
                0.167934, 
                0.169472, 
                0.180084, 
                0.163945, 
                0.160723, 
                0.178232, 
                0.159432
            ], 
            "mean_lats": [
                0.18801826, 
                0.15821112000000004, 
                0.16411502, 
                0.16113420000000006, 
                0.16075778, 
                0.16229892000000004, 
                0.16518942, 
                0.15850508, 
                0.16125938, 
                0.16121361999999997, 
                0.15978649999999997, 
                0.16075351999999998, 
                0.16161696, 
                0.16035962, 
                0.15737883999999996, 
                0.16155132000000003, 
                0.16590806, 
                0.1579685, 
                0.15593052000000002, 
                0.1606551, 
                0.15554442000000004
            ]
        }
    ], 
    "node_configs": [
        {
            "batch_size": 28, 
            "input_type": "floats", 
            "model_name": "tf_resnet_feats", 
            "gpus": [
                0
            ], 
            "allocated_cpus": [
                0, 
                16, 
                1, 
                17, 
                2, 
                18, 
                3, 
                19
            ]
        }, 
        {
            "batch_size": 28, 
            "input_type": "floats", 
            "model_name": "inception_feats", 
            "gpus": [
                1
            ], 
            "allocated_cpus": [
                0, 
                16, 
                1, 
                17, 
                2, 
                18, 
                3, 
                19
            ]
        }, 
        {
            "batch_size": 28, 
            "input_type": "floats", 
            "model_name": "kernel_svm", 
            "gpus": [], 
            "allocated_cpus": [
                0, 
                16, 
                1, 
                17, 
                2, 
                18, 
                3, 
                19
            ]
        }, 
        {
            "batch_size": 28, 
            "input_type": "floats", 
            "model_name": "tf_log_reg", 
            "gpus": [], 
            "allocated_cpus": [
                0, 
                16, 
                1, 
                17, 
                2, 
                18, 
                3, 
                19
            ]
        }
    ]
}