{
    "client_metrics": [
        {
            "thrus": [
                53.49018080750916, 
                70.74547335088764, 
                71.02091139715178, 
                70.76559886095691, 
                57.72645511075398, 
                72.07757853933346, 
                72.6907951646083, 
                69.87290119273042, 
                58.04672761573066, 
                68.33924695616994, 
                68.26413852705103, 
                69.86792168085451, 
                58.74087754171777, 
                67.39062165152849, 
                67.84030392456158, 
                67.03724857679921, 
                59.7575040485709, 
                68.72077648979771, 
                64.94324609723563, 
                69.05791196497383, 
                59.33478584889092
            ], 
            "p99_lats": [
                0.217682, 
                0.121081, 
                0.121253, 
                0.122265, 
                0.1266, 
                0.122295, 
                0.118485, 
                0.121585, 
                0.132026, 
                0.127565, 
                0.12785, 
                0.127357, 
                0.130745, 
                0.131101, 
                0.131101, 
                0.12925, 
                0.124805, 
                0.130612, 
                0.137037, 
                0.12404000000000001, 
                0.124753
            ], 
            "mean_lats": [
                0.13565132, 
                0.11752876000000001, 
                0.11709171999999998, 
                0.11734724, 
                0.12405092, 
                0.1164854, 
                0.11407231999999999, 
                0.1187736, 
                0.12252135999999998, 
                0.12238024000000002, 
                0.12152331999999999, 
                0.11942019999999999, 
                0.12100952000000001, 
                0.12302783999999999, 
                0.12332248, 
                0.12399920000000002, 
                0.11992180000000001, 
                0.12039884000000001, 
                0.1276516, 
                0.12060792, 
                0.11964804
            ]
        }
    ], 
    "node_configs": [
        {
            "batch_size": 8, 
            "input_type": "floats", 
            "model_name": "tf_resnet_feats", 
            "gpus": [
                0
            ], 
            "allocated_cpus": [
                0, 
                16, 
                1, 
                17, 
                2, 
                18, 
                3, 
                19
            ]
        }, 
        {
            "batch_size": 8, 
            "input_type": "floats", 
            "model_name": "inception_feats", 
            "gpus": [
                1
            ], 
            "allocated_cpus": [
                0, 
                16, 
                1, 
                17, 
                2, 
                18, 
                3, 
                19
            ]
        }, 
        {
            "batch_size": 8, 
            "input_type": "floats", 
            "model_name": "kernel_svm", 
            "gpus": [], 
            "allocated_cpus": [
                0, 
                16, 
                1, 
                17, 
                2, 
                18, 
                3, 
                19
            ]
        }, 
        {
            "batch_size": 8, 
            "input_type": "floats", 
            "model_name": "tf_log_reg", 
            "gpus": [], 
            "allocated_cpus": [
                0, 
                16, 
                1, 
                17, 
                2, 
                18, 
                3, 
                19
            ]
        }
    ]
}