{
    "client_metrics": [
        {
            "thrus": [
                4.549792979869623, 
                8.90644686030826, 
                9.088635279610047, 
                9.224605491296954, 
                9.003216128865553, 
                9.146899758942604, 
                9.363136321085165, 
                9.33425306840234, 
                9.033309425174387, 
                9.004218116018631, 
                9.500779633976764, 
                9.109421090824025, 
                9.266646836042439, 
                9.203801243543994, 
                9.12419748121054, 
                9.091431434969717, 
                9.169646343245905, 
                9.275377804688741, 
                9.116957066061106, 
                9.392271212726301, 
                9.165822188915662
            ], 
            "p99_lats": [
                2.9198946399999888, 
                0.12460686999999997, 
                0.11914169, 
                0.11914051, 
                0.12419903999999998, 
                0.12195559999999998, 
                0.11572447, 
                0.12163764999999999, 
                0.12531497, 
                0.12295466, 
                0.11473963000000001, 
                0.11987169, 
                0.11904485000000001, 
                0.1227347, 
                0.12039834999999999, 
                0.11849535, 
                0.1223792, 
                0.11452358, 
                0.11841297, 
                0.11869983999999997, 
                0.12045671
            ], 
            "mean_lats": [
                0.21964345999999996, 
                0.11219373999999999, 
                0.10993916000000001, 
                0.10831920000000002, 
                0.11098236, 
                0.10923590000000002, 
                0.10671592, 
                0.10704462000000001, 
                0.11061541999999999, 
                0.11097065999999998, 
                0.10516718000000001, 
                0.10969266000000001, 
                0.10782715999999999, 
                0.10857455999999999, 
                0.10951052, 
                0.10990604000000001, 
                0.10897971999999999, 
                0.10772741999999999, 
                0.10959458, 
                0.1063875, 
                0.10901452
            ]
        }
    ], 
    "node_configs": [
        {
            "batch_size": 1, 
            "input_type": "floats", 
            "model_name": "tf_resnet_feats", 
            "gpus": [
                0
            ], 
            "allocated_cpus": [
                0, 
                16, 
                1, 
                17, 
                2, 
                18, 
                3, 
                19
            ]
        }, 
        {
            "batch_size": 1, 
            "input_type": "floats", 
            "model_name": "inception_feats", 
            "gpus": [
                1
            ], 
            "allocated_cpus": [
                0, 
                16, 
                1, 
                17, 
                2, 
                18, 
                3, 
                19
            ]
        }, 
        {
            "batch_size": 1, 
            "input_type": "floats", 
            "model_name": "kernel_svm", 
            "gpus": [], 
            "allocated_cpus": [
                0, 
                16, 
                1, 
                17, 
                2, 
                18, 
                3, 
                19
            ]
        }, 
        {
            "batch_size": 1, 
            "input_type": "floats", 
            "model_name": "tf_log_reg", 
            "gpus": [], 
            "allocated_cpus": [
                0, 
                16, 
                1, 
                17, 
                2, 
                18, 
                3, 
                19
            ]
        }
    ]
}