{
    "client_metrics": [
        {
            "thrus": [
                32.30800644092417, 
                36.321820042816164, 
                32.05191898044128, 
                35.64503250826965, 
                32.539160880119226, 
                35.738000430285524, 
                34.110739834658425, 
                35.56253529581628, 
                33.77565936842219, 
                37.11401425178148, 
                34.45578805555651, 
                36.275809331444094, 
                34.231077573783374, 
                37.47471393677117, 
                33.319050566990285, 
                36.57058598512747, 
                33.8383595704694, 
                36.429633612602906, 
                33.35654949177961, 
                36.37048724086937, 
                33.60723227638588
            ], 
            "p99_lats": [
                0.204274, 
                0.1215, 
                0.145174, 
                0.124106, 
                0.125099, 
                0.125245, 
                0.120916, 
                0.132307, 
                0.120408, 
                0.119269, 
                0.116658, 
                0.119732, 
                0.125422, 
                0.129819, 
                0.119927, 
                0.121084, 
                0.12269, 
                0.120507, 
                0.120432, 
                0.127376, 
                0.122806
            ], 
            "mean_lats": [
                0.11939776, 
                0.11423648, 
                0.11968872000000001, 
                0.11706559999999999, 
                0.11806659999999997, 
                0.11652532, 
                0.11264955999999998, 
                0.11685123999999998, 
                0.11389196, 
                0.11205012, 
                0.11145311999999999, 
                0.11463192, 
                0.11257392, 
                0.11078992000000001, 
                0.11518376000000002, 
                0.11398583999999999, 
                0.11351868, 
                0.11422940000000001, 
                0.115354, 
                0.11429816000000002, 
                0.11429492000000002
            ]
        }
    ], 
    "node_configs": [
        {
            "batch_size": 4, 
            "input_type": "floats", 
            "model_name": "tf_resnet_feats", 
            "gpus": [
                0
            ], 
            "allocated_cpus": [
                0, 
                16, 
                1, 
                17, 
                2, 
                18, 
                3, 
                19
            ]
        }, 
        {
            "batch_size": 4, 
            "input_type": "floats", 
            "model_name": "inception_feats", 
            "gpus": [
                1
            ], 
            "allocated_cpus": [
                0, 
                16, 
                1, 
                17, 
                2, 
                18, 
                3, 
                19
            ]
        }, 
        {
            "batch_size": 4, 
            "input_type": "floats", 
            "model_name": "kernel_svm", 
            "gpus": [], 
            "allocated_cpus": [
                0, 
                16, 
                1, 
                17, 
                2, 
                18, 
                3, 
                19
            ]
        }, 
        {
            "batch_size": 4, 
            "input_type": "floats", 
            "model_name": "tf_log_reg", 
            "gpus": [], 
            "allocated_cpus": [
                0, 
                16, 
                1, 
                17, 
                2, 
                18, 
                3, 
                19
            ]
        }
    ]
}