{
    "client_metrics": [
        {
            "thrus": [
                135.10637938546864, 
                201.55215313126385, 
                199.02141171857974, 
                166.3157404543081, 
                201.8069796961998, 
                203.10156398359345, 
                201.0127019926389, 
                162.346227682467, 
                197.79967639972944, 
                197.1468902049539, 
                203.85635058399748, 
                168.35413629277457, 
                198.78403803931354, 
                200.26815906498803, 
                195.73148771589183, 
                166.41039465889196, 
                200.0834347923084, 
                200.73468896159946, 
                199.9286254807034, 
                163.69036657639143, 
                199.0489441448758
            ], 
            "p99_lats": [
                0.490243, 
                0.206468, 
                0.203589, 
                0.206437, 
                0.208191, 
                0.208191, 
                0.202195, 
                0.213888, 
                0.210098, 
                0.206512, 
                0.203418, 
                0.205859, 
                0.212912, 
                0.209629, 
                0.208798, 
                0.20358046, 
                0.212584, 
                0.212584, 
                0.203582, 
                0.206919, 
                0.205786
            ], 
            "mean_lats": [
                0.25302252000000003, 
                0.1983961, 
                0.20021262999999997, 
                0.20077366000000005, 
                0.19650633999999997, 
                0.19848027999999998, 
                0.19822445000000005, 
                0.20506202, 
                0.20205293000000002, 
                0.20260210999999997, 
                0.19624535, 
                0.19822325, 
                0.19982032999999993, 
                0.20007494000000003, 
                0.20348509000000004, 
                0.20064249000000003, 
                0.19781995000000002, 
                0.20012207999999998, 
                0.19994217000000003, 
                0.20303081000000003, 
                0.20213045000000002
            ]
        }
    ], 
    "node_configs": [
        {
            "batch_size": 38, 
            "input_type": "floats", 
            "model_name": "tf_resnet_feats", 
            "gpus": [
                0
            ], 
            "allocated_cpus": [
                0, 
                16, 
                1, 
                17, 
                2, 
                18, 
                3, 
                19
            ]
        }, 
        {
            "batch_size": 38, 
            "input_type": "floats", 
            "model_name": "inception_feats", 
            "gpus": [
                1
            ], 
            "allocated_cpus": [
                0, 
                16, 
                1, 
                17, 
                2, 
                18, 
                3, 
                19
            ]
        }, 
        {
            "batch_size": 38, 
            "input_type": "floats", 
            "model_name": "kernel_svm", 
            "gpus": [], 
            "allocated_cpus": [
                0, 
                16, 
                1, 
                17, 
                2, 
                18, 
                3, 
                19
            ]
        }, 
        {
            "batch_size": 38, 
            "input_type": "floats", 
            "model_name": "tf_log_reg", 
            "gpus": [], 
            "allocated_cpus": [
                0, 
                16, 
                1, 
                17, 
                2, 
                18, 
                3, 
                19
            ]
        }
    ]
}