{
    "client_metrics": [
        {
            "thrus": [
                161.37927639953153, 
                215.92232842002073, 
                213.03451691760358, 
                186.0241022128032, 
                214.59423181434596, 
                216.30542758986545, 
                186.84656253707735, 
                209.7419911331573, 
                214.36089371343806, 
                187.0419226413312, 
                206.96295828713318, 
                213.35905021085208, 
                193.8151642922694, 
                210.00043050088254, 
                210.2391733395704, 
                188.40747638547793, 
                211.84723907437586, 
                211.45583110599858, 
                192.3635517236736, 
                207.9355482974497, 
                209.82946110548653
            ], 
            "p99_lats": [
                0.542981, 
                0.241531, 
                0.255926, 
                0.244833, 
                0.24355299999999996, 
                0.243145, 
                0.251433, 
                0.248197, 
                0.240716, 
                0.247954, 
                0.247926, 
                0.244212, 
                0.241447, 
                0.240763, 
                0.241929, 
                0.24901, 
                0.247669, 
                0.249375, 
                0.24012, 
                0.256761, 
                0.244656
            ], 
            "mean_lats": [
                0.27809720000000004, 
                0.23160756, 
                0.23448891999999996, 
                0.23875832, 
                0.23341872000000002, 
                0.23058808, 
                0.23692692, 
                0.23880872, 
                0.2330836, 
                0.23723196, 
                0.24098592000000005, 
                0.23443859999999997, 
                0.22954776, 
                0.23661828, 
                0.23753412000000002, 
                0.23633484, 
                0.23487771999999998, 
                0.23630276000000006, 
                0.23086788000000003, 
                0.23977104000000002, 
                0.23766671999999997
            ]
        }
    ], 
    "node_configs": [
        {
            "batch_size": 48, 
            "input_type": "floats", 
            "model_name": "tf_resnet_feats", 
            "gpus": [
                0
            ], 
            "allocated_cpus": [
                0, 
                16, 
                1, 
                17, 
                2, 
                18, 
                3, 
                19
            ]
        }, 
        {
            "batch_size": 48, 
            "input_type": "floats", 
            "model_name": "inception_feats", 
            "gpus": [
                1
            ], 
            "allocated_cpus": [
                0, 
                16, 
                1, 
                17, 
                2, 
                18, 
                3, 
                19
            ]
        }, 
        {
            "batch_size": 48, 
            "input_type": "floats", 
            "model_name": "kernel_svm", 
            "gpus": [], 
            "allocated_cpus": [
                0, 
                16, 
                1, 
                17, 
                2, 
                18, 
                3, 
                19
            ]
        }, 
        {
            "batch_size": 48, 
            "input_type": "floats", 
            "model_name": "tf_log_reg", 
            "gpus": [], 
            "allocated_cpus": [
                0, 
                16, 
                1, 
                17, 
                2, 
                18, 
                3, 
                19
            ]
        }
    ]
}