{
    "client_metrics": [
        {
            "thrus": [
                133.70565902516543, 
                168.33968254502665, 
                171.72718046294213, 
                146.4918140374316, 
                171.1294371723941, 
                153.84213028274647, 
                147.7115783720707, 
                169.1107396311864, 
                170.73907824801216, 
                146.64068193782728, 
                170.0323146413976, 
                171.2774557761609, 
                153.96375847089354, 
                169.1742520171915, 
                171.0932774884876, 
                149.4470087060355, 
                170.17945423449027, 
                171.2940322015651, 
                148.29699439066619, 
                171.02846255673867, 
                167.6433287594645
            ], 
            "p99_lats": [
                0.354487, 
                0.152008, 
                0.149485, 
                0.194093, 
                0.152132, 
                0.185398, 
                0.182208, 
                0.158502, 
                0.149855, 
                0.154119, 
                0.159073, 
                0.159073, 
                0.149625, 
                0.151598, 
                0.15938, 
                0.16005, 
                0.153995, 
                0.161683, 
                0.157147, 
                0.156055, 
                0.168812
            ], 
            "mean_lats": [
                0.16753444, 
                0.14839259999999999, 
                0.14523260000000002, 
                0.15209024000000002, 
                0.14595988, 
                0.1613556, 
                0.15102855999999998, 
                0.14706744, 
                0.14621408, 
                0.15142735999999998, 
                0.14652516, 
                0.14627068000000004, 
                0.14389552, 
                0.14739899999999997, 
                0.14607859999999998, 
                0.14889952, 
                0.14641267999999996, 
                0.14573556000000001, 
                0.14944936000000003, 
                0.14662928, 
                0.14860356
            ]
        }
    ], 
    "node_configs": [
        {
            "batch_size": 24, 
            "input_type": "floats", 
            "model_name": "tf_resnet_feats", 
            "gpus": [
                0
            ], 
            "allocated_cpus": [
                0, 
                16, 
                1, 
                17, 
                2, 
                18, 
                3, 
                19
            ]
        }, 
        {
            "batch_size": 24, 
            "input_type": "floats", 
            "model_name": "inception_feats", 
            "gpus": [
                1
            ], 
            "allocated_cpus": [
                0, 
                16, 
                1, 
                17, 
                2, 
                18, 
                3, 
                19
            ]
        }, 
        {
            "batch_size": 24, 
            "input_type": "floats", 
            "model_name": "kernel_svm", 
            "gpus": [], 
            "allocated_cpus": [
                0, 
                16, 
                1, 
                17, 
                2, 
                18, 
                3, 
                19
            ]
        }, 
        {
            "batch_size": 24, 
            "input_type": "floats", 
            "model_name": "tf_log_reg", 
            "gpus": [], 
            "allocated_cpus": [
                0, 
                16, 
                1, 
                17, 
                2, 
                18, 
                3, 
                19
            ]
        }
    ]
}