{
    "client_metrics": [
        {
            "thrus": [
                163.01127467481288, 
                217.32953079097626, 
                219.71346069024082, 
                221.05896084603685, 
                196.40153114633682, 
                217.32209198592187, 
                221.43600139726115, 
                222.5355027577712, 
                192.9862058284729, 
                214.69098185163458, 
                222.69644192327328, 
                222.10635673945646, 
                190.82603821291414, 
                222.63112138182683, 
                220.960049318283, 
                226.49299938450528, 
                188.81613698233105, 
                222.365400833092, 
                224.27923662076233, 
                220.16417642636114, 
                190.70821880907485
            ], 
            "p99_lats": [
                0.671813, 
                0.314241, 
                0.319926, 
                0.319926, 
                0.298012, 
                0.316961, 
                0.308517, 
                0.306501, 
                0.304627, 
                0.315479, 
                0.308324, 
                0.306445, 
                0.30554, 
                0.309316, 
                0.314052, 
                0.296794, 
                0.313444, 
                0.304922, 
                0.306964, 
                0.311398, 
                0.322577
            ], 
            "mean_lats": [
                0.35521239999999993, 
                0.30592944, 
                0.30327792000000003, 
                0.30192648, 
                0.28973840000000006, 
                0.30702232, 
                0.29963900000000004, 
                0.29907676, 
                0.29570872, 
                0.30911472, 
                0.29935271999999996, 
                0.29977376000000006, 
                0.29857148, 
                0.29910292, 
                0.30192248000000005, 
                0.29412616, 
                0.30348292, 
                0.29830148, 
                0.2980506400000001, 
                0.30163264, 
                0.30075416
            ]
        }
    ], 
    "node_configs": [
        {
            "batch_size": 64, 
            "input_type": "floats", 
            "model_name": "tf_resnet_feats", 
            "gpus": [
                0
            ], 
            "allocated_cpus": [
                0, 
                16, 
                1, 
                17, 
                2, 
                18, 
                3, 
                19
            ]
        }, 
        {
            "batch_size": 64, 
            "input_type": "floats", 
            "model_name": "inception_feats", 
            "gpus": [
                1
            ], 
            "allocated_cpus": [
                0, 
                16, 
                1, 
                17, 
                2, 
                18, 
                3, 
                19
            ]
        }, 
        {
            "batch_size": 64, 
            "input_type": "floats", 
            "model_name": "kernel_svm", 
            "gpus": [], 
            "allocated_cpus": [
                0, 
                16, 
                1, 
                17, 
                2, 
                18, 
                3, 
                19
            ]
        }, 
        {
            "batch_size": 64, 
            "input_type": "floats", 
            "model_name": "tf_log_reg", 
            "gpus": [], 
            "allocated_cpus": [
                0, 
                16, 
                1, 
                17, 
                2, 
                18, 
                3, 
                19
            ]
        }
    ]
}