{
    "client_metrics": [
        {
            "thrus": [
                29.910299013259237, 
                110.9063656372153, 
                112.38998425416321, 
                145.10818540763066, 
                150.90706463877754, 
                138.69298504750927, 
                141.07964016226978, 
                140.7040690913261, 
                143.6343070542399, 
                142.33497682786577, 
                144.5105499927022, 
                143.77494045920278, 
                138.7964543057783, 
                146.48752219285961, 
                136.75840192337014, 
                145.5646452589595, 
                146.6179992654438, 
                142.53623271035497, 
                140.55900315554962, 
                139.19405251652407, 
                139.025790674428
            ], 
            "p99_lats": [
                5.484309, 
                0.21725, 
                0.217198, 
                0.144037, 
                0.138514, 
                0.19597, 
                0.150686, 
                0.145665, 
                0.144706, 
                0.153057, 
                0.147388, 
                0.150115, 
                0.168243, 
                0.151156, 
                0.158365, 
                0.143272, 
                0.144709, 
                0.161741, 
                0.161911, 
                0.180595, 
                0.161545
            ], 
            "mean_lats": [
                0.6684441, 
                0.18014000000000002, 
                0.17775269999999999, 
                0.13760910000000004, 
                0.13235, 
                0.1440084, 
                0.14157229999999998, 
                0.14191729999999997, 
                0.1390303, 
                0.14032879999999998, 
                0.1382174, 
                0.1389158, 
                0.14388179999999998, 
                0.1363512, 
                0.1460444, 
                0.1371933, 
                0.13621270000000002, 
                0.1401326, 
                0.1421238, 
                0.14348519999999998, 
                0.1436713
            ]
        }
    ], 
    "node_configs": [
        {
            "batch_size": 20, 
            "input_type": "floats", 
            "model_name": "tf_resnet_feats", 
            "gpus": [
                0
            ], 
            "allocated_cpus": [
                0, 
                16, 
                1, 
                17, 
                2, 
                18, 
                3, 
                19
            ]
        }, 
        {
            "batch_size": 20, 
            "input_type": "floats", 
            "model_name": "inception_feats", 
            "gpus": [
                1
            ], 
            "allocated_cpus": [
                0, 
                16, 
                1, 
                17, 
                2, 
                18, 
                3, 
                19
            ]
        }, 
        {
            "batch_size": 20, 
            "input_type": "floats", 
            "model_name": "kernel_svm", 
            "gpus": [], 
            "allocated_cpus": [
                0, 
                16, 
                1, 
                17, 
                2, 
                18, 
                3, 
                19
            ]
        }, 
        {
            "batch_size": 20, 
            "input_type": "floats", 
            "model_name": "tf_log_reg", 
            "gpus": [], 
            "allocated_cpus": [
                0, 
                16, 
                1, 
                17, 
                2, 
                18, 
                3, 
                19
            ]
        }
    ]
}