{
    "client_metrics": [
        {
            "thrus": [
                155.3007846183891, 
                177.36542287685828, 
                196.0618045626523, 
                178.9942225139828, 
                196.22800713288808, 
                179.51113731973717, 
                200.3537245006058, 
                181.79198724547416, 
                200.8579647966288, 
                183.58459945512092, 
                196.42130208663258, 
                180.03882537269163, 
                199.67562694402943, 
                179.32740566593904, 
                199.8134741219072, 
                180.6434247825618, 
                197.94836417946195, 
                182.02279198389826, 
                196.49328263151662, 
                182.52246965678017, 
                179.82676388700946, 
                201.76463348445506, 
                181.56292085717672, 
                196.84060979252507, 
                181.74044647266786, 
                196.68681067419323, 
                181.40540207146827, 
                198.1160157482421, 
                180.33362622519792, 
                201.97797026278346, 
                181.25053808753495
            ], 
            "p99_lats": [
                70.95180066, 
                72.54751464, 
                74.28473041, 
                75.85970487, 
                77.57803384, 
                79.30997832, 
                80.85016368999999, 
                82.55255697, 
                84.09500173, 
                85.77695499, 
                87.35696631, 
                89.07810163, 
                90.63219809, 
                92.35603153, 
                93.90258369, 
                95.61352311, 
                97.18194339, 
                98.8817846, 
                100.45992536, 
                102.15028257, 
                103.7206522, 
                105.40472822000001, 
                106.96570389, 
                108.68784789000001, 
                110.38705722, 
                111.97303488, 
                113.67946187, 
                115.24941666, 
                116.9620459, 
                118.48105961, 
                120.18853472
            ], 
            "mean_lats": [
                70.11755169249999, 
                71.77745913250001, 
                73.45763472499999, 
                75.10624959249999, 
                76.75744365, 
                78.4123172375, 
                80.0442363325, 
                81.66515859, 
                83.3084391525, 
                84.9199563125, 
                86.5540744875, 
                88.21784170999999, 
                89.8453513775, 
                91.49105747500002, 
                93.1333192075, 
                94.7629449225, 
                96.41189579999998, 
                98.04399608750002, 
                99.69135273, 
                101.33499191000001, 
                102.95950569499999, 
                104.60619257999998, 
                106.2192652275, 
                107.86550051500001, 
                109.50759363249999, 
                111.14607502999999, 
                112.80895015999998, 
                114.43981077249998, 
                116.09444863, 
                117.7176896225, 
                119.3208873725
            ]
        }
    ], 
    "node_configs": [
        {
            "batch_size": 38, 
            "input_type": "floats", 
            "model_name": "tf_resnet_feats", 
            "gpus": [
                0
            ], 
            "allocated_cpus": [
                0, 
                16, 
                1, 
                17, 
                2, 
                18, 
                3, 
                19
            ]
        }, 
        {
            "batch_size": 38, 
            "input_type": "floats", 
            "model_name": "inception_feats", 
            "gpus": [
                1
            ], 
            "allocated_cpus": [
                0, 
                16, 
                1, 
                17, 
                2, 
                18, 
                3, 
                19
            ]
        }, 
        {
            "batch_size": 38, 
            "input_type": "floats", 
            "model_name": "kernel_svm", 
            "gpus": [], 
            "allocated_cpus": [
                0, 
                16, 
                1, 
                17, 
                2, 
                18, 
                3, 
                19
            ]
        }, 
        {
            "batch_size": 38, 
            "input_type": "floats", 
            "model_name": "tf_log_reg", 
            "gpus": [], 
            "allocated_cpus": [
                0, 
                16, 
                1, 
                17, 
                2, 
                18, 
                3, 
                19
            ]
        }
    ]
}