{
    "client_metrics": [
        {
            "thrus": [
                30.449019511122724, 
                36.08443469042081, 
                33.505978471738715, 
                36.00777479873454, 
                32.53994440875897, 
                35.59119103785337, 
                32.77717030755474, 
                35.84792164504678, 
                32.7068018373373, 
                36.16641760060412, 
                33.302583947488486, 
                34.99562554680665, 
                32.93616707331854, 
                36.6373641028572, 
                33.7298843402266, 
                36.73234900433295, 
                34.76761327288404, 
                34.61383764310226, 
                33.84947005269686, 
                36.58404525885407, 
                33.089792460821684, 
                35.72719854461684, 
                33.827187722625176, 
                36.11091250109236, 
                33.324868816653904, 
                35.61999450027285, 
                32.83123432308561, 
                36.19600280301846, 
                33.10602734955131, 
                36.54407105336823, 
                33.41223074753852
            ], 
            "p99_lats": [
                271.51583316, 
                272.84486021, 
                274.27602471999995, 
                275.60750507, 
                277.08032825, 
                278.42906755, 
                279.89286821, 
                281.23117066, 
                282.69856482, 
                284.02419726999995, 
                285.46473023, 
                286.83786466, 
                288.29501268, 
                289.60357180000005, 
                291.02383255999996, 
                292.32652935, 
                293.70427254000003, 
                295.09145774, 
                296.50789432, 
                297.81847013000004, 
                299.26969827000005, 
                300.61318476, 
                302.03053268, 
                303.35989046, 
                304.79976812999996, 
                306.14773629, 
                307.60960757, 
                308.93520817, 
                310.3840427, 
                311.69681731000003, 
                313.13263273999996
            ], 
            "mean_lats": [
                270.81592833999997, 
                272.20263604, 
                273.59088046000005, 
                274.96475716000003, 
                276.37034934, 
                277.78152259999996, 
                279.19650428, 
                280.58737848, 
                281.9797443, 
                283.38722232, 
                284.76889106, 
                286.17633340000003, 
                287.58922473999996, 
                288.96546046, 
                290.33276082, 
                291.71553744, 
                293.03712651999996, 
                294.41936728, 
                295.83913702000007, 
                297.18190794, 
                298.56870742, 
                299.9566166, 
                301.35295046, 
                302.71315824, 
                304.10878272, 
                305.50363509999994, 
                306.91096468, 
                308.30039618, 
                309.68835414, 
                311.0653741, 
                312.4396503
            ]
        }
    ], 
    "node_configs": [
        {
            "batch_size": 4, 
            "input_type": "floats", 
            "model_name": "tf_resnet_feats", 
            "gpus": [
                0
            ], 
            "allocated_cpus": [
                0, 
                16, 
                1, 
                17, 
                2, 
                18, 
                3, 
                19
            ]
        }, 
        {
            "batch_size": 4, 
            "input_type": "floats", 
            "model_name": "inception_feats", 
            "gpus": [
                1
            ], 
            "allocated_cpus": [
                0, 
                16, 
                1, 
                17, 
                2, 
                18, 
                3, 
                19
            ]
        }, 
        {
            "batch_size": 4, 
            "input_type": "floats", 
            "model_name": "kernel_svm", 
            "gpus": [], 
            "allocated_cpus": [
                0, 
                16, 
                1, 
                17, 
                2, 
                18, 
                3, 
                19
            ]
        }, 
        {
            "batch_size": 4, 
            "input_type": "floats", 
            "model_name": "tf_log_reg", 
            "gpus": [], 
            "allocated_cpus": [
                0, 
                16, 
                1, 
                17, 
                2, 
                18, 
                3, 
                19
            ]
        }
    ]
}