{
    "client_metrics": [
        {
            "thrus": [
                91.7772183311012, 
                89.78171032579976, 
                91.8660424440853, 
                90.9576463358858, 
                91.85841138233363, 
                90.22742686445858, 
                88.86828409836573, 
                91.53592999789754, 
                91.81768164657797, 
                91.78310826902167, 
                91.95611214945885, 
                92.02156000448245, 
                90.67745445007577, 
                91.62084431471187, 
                91.82424373454222, 
                91.28707646005834, 
                91.86495456946064, 
                91.87260320393143
            ], 
            "p99_lats": [
                5.7995059200000005, 
                11.907572720000001, 
                17.75945929, 
                23.674820949999997, 
                29.52683511, 
                35.57885457, 
                41.77984074, 
                47.69068539, 
                53.46926664, 
                59.332475699999996, 
                65.17435487, 
                71.00344064999999, 
                76.88807582, 
                82.76800575, 
                88.62020024, 
                94.53779872, 
                100.38600514, 
                106.08911652
            ], 
            "mean_lats": [
                2.9388781816406246, 
                9.022175733398438, 
                14.89079095214844, 
                20.772172412109377, 
                26.66485469140625, 
                32.64279087109375, 
                38.693905577148435, 
                44.81951777539062, 
                50.635631763671874, 
                56.46297884570313, 
                62.31938055078125, 
                68.15079532226562, 
                74.04438102441406, 
                79.88652088281249, 
                85.75689558398437, 
                91.66552656445312, 
                97.52588340429688, 
                103.30098805761719
            ]
        }
    ], 
    "node_configs": [
        {
            "model_image": "model-comp/kernel-svm", 
            "name": "kernel-svm", 
            "cpus_per_replica": 1, 
            "input_type": "floats", 
            "use_nvidia_docker": false, 
            "batch_size": 2, 
            "num_replicas": 1, 
            "slo": 500000, 
            "allocated_cpus": [
                17
            ], 
            "gpus": [], 
            "input_size": -1
        }
    ], 
    "clipper_metrics": {
        "histograms": [
            {
                "internal:rpc_request_queueing_delay": {
                    "p99": "0", 
                    "min": "0", 
                    "max": "0", 
                    "p95": "0", 
                    "std_dev": "0", 
                    "size": "0", 
                    "p50": "0", 
                    "unit": "microseconds", 
                    "mean": "0"
                }
            }, 
            {
                "app:kernel-svm:prediction_latency": {
                    "p99": "108489926.229999992836", 
                    "min": "40610", 
                    "max": "109435037", 
                    "p95": "103709614.499999991531", 
                    "std_dev": "31416650.4941540551899", 
                    "size": "4096", 
                    "p50": "55209890", 
                    "unit": "microseconds", 
                    "mean": "55201315.51513671875"
                }
            }, 
            {
                "model:kernel-svm:1:prediction_latency": {
                    "p99": "26102.0299999999997453", 
                    "min": "11661", 
                    "max": "26408", 
                    "p95": "21948", 
                    "std_dev": "692.824525628619025452", 
                    "size": "4096", 
                    "p50": "21745", 
                    "unit": "microseconds", 
                    "mean": "21832.26318359375"
                }
            }, 
            {
                "model:kernel-svm:1:batch_size": {
                    "p99": "2", 
                    "min": "2", 
                    "max": "2", 
                    "p95": "2", 
                    "std_dev": "0", 
                    "size": "4096", 
                    "p50": "2", 
                    "unit": "queries", 
                    "mean": "2"
                }
            }
        ], 
        "meters": [
            {
                "internal:aggregate_model_throughput": {
                    "rate": "81.373353141872116", 
                    "rate_1min": "88.549429540602759", 
                    "rate_15min": "18.568786696039087", 
                    "unit": "events per second", 
                    "rate_5min": "45.167841499738415"
                }
            }, 
            {
                "app:kernel-svm:prediction_throughput": {
                    "rate": "0", 
                    "rate_1min": "0", 
                    "rate_15min": "0", 
                    "unit": "events per second", 
                    "rate_5min": "0"
                }
            }, 
            {
                "model:kernel-svm:1:prediction_throughput": {
                    "rate": "87.920839632966548", 
                    "rate_1min": "88.674265139946044", 
                    "rate_15min": "18.763220278669024", 
                    "unit": "events per second", 
                    "rate_5min": "45.537068367826222"
                }
            }
        ], 
        "ratio_counters": [
            {
                "app:kernel-svm:default_prediction_ratio": {
                    "ratio": "0"
                }
            }, 
            {
                "model:kernel-svm:1:cache_hit_ratio": {
                    "ratio": "0"
                }
            }
        ], 
        "counters": [
            {
                "internal:aggregate_num_predictions": {
                    "count": "40000"
                }
            }, 
            {
                "app:kernel-svm:num_predictions": {
                    "count": "19013"
                }
            }, 
            {
                "model:kernel-svm:1:num_predictions": {
                    "count": "19013"
                }
            }
        ]
    }
}