{
    "client_metrics": [
        {
            "thrus": [
                85.74788146628208, 
                85.98816906919907, 
                84.70670139200243, 
                84.52423216462348, 
                86.03356048209713, 
                85.99429263269931, 
                85.9118277850429, 
                85.86692471466438, 
                80.21071605766836, 
                85.99394599261073, 
                85.96161964787132, 
                85.41701353425907, 
                85.97687020683146, 
                85.98477548862907, 
                85.84456634074795, 
                86.04692767512041, 
                86.12243734235243
            ], 
            "p99_lats": [
                6.58291673, 
                13.190377550000001, 
                19.97521522, 
                26.73860509, 
                33.33746942, 
                39.945722860000004, 
                46.56278604, 
                53.18960077, 
                60.56922755, 
                67.17588717000001, 
                73.78742033, 
                80.47742565, 
                86.97620577, 
                93.58547942999999, 
                100.21015654000001, 
                106.81147302, 
                113.29652067
            ], 
            "mean_lats": [
                3.354038291992187, 
                9.955927774414063, 
                16.68556429296875, 
                23.51088561230469, 
                30.106537816406252, 
                36.71473329589844, 
                43.323494302734375, 
                49.94140256542969, 
                56.90401560449219, 
                63.941970513671876, 
                70.54955886230468, 
                77.20600089453124, 
                83.80208701953126, 
                90.35160732226562, 
                96.9693701123047, 
                103.58322712695313, 
                110.17197657617189
            ]
        }
    ], 
    "node_configs": [
        {
            "model_image": "model-comp/kernel-svm", 
            "name": "kernel-svm", 
            "cpus_per_replica": 1, 
            "input_type": "floats", 
            "use_nvidia_docker": false, 
            "batch_size": 1, 
            "num_replicas": 1, 
            "slo": 500000, 
            "allocated_cpus": [
                17
            ], 
            "gpus": [], 
            "input_size": -1
        }
    ], 
    "clipper_metrics": {
        "histograms": [
            {
                "internal:rpc_request_queueing_delay": {
                    "p99": "0", 
                    "min": "0", 
                    "max": "0", 
                    "p95": "0", 
                    "std_dev": "0", 
                    "size": "0", 
                    "p50": "0", 
                    "unit": "microseconds", 
                    "mean": "0"
                }
            }, 
            {
                "app:kernel-svm:prediction_latency": {
                    "p99": "114663755.419999995182", 
                    "min": "48112", 
                    "max": "115825567", 
                    "p95": "110588175.799999997434", 
                    "std_dev": "33766513.4207411294046", 
                    "size": "4096", 
                    "p50": "57133674", 
                    "unit": "microseconds", 
                    "mean": "57870112.296875"
                }
            }, 
            {
                "model:kernel-svm:1:prediction_latency": {
                    "p99": "13839.0599999999994907", 
                    "min": "10418", 
                    "max": "19998", 
                    "p95": "11777.1499999999996362", 
                    "std_dev": "415.966023982207990989", 
                    "size": "4096", 
                    "p50": "11606", 
                    "unit": "microseconds", 
                    "mean": "11675.8818359375"
                }
            }, 
            {
                "model:kernel-svm:1:batch_size": {
                    "p99": "1", 
                    "min": "1", 
                    "max": "1", 
                    "p95": "1", 
                    "std_dev": "0", 
                    "size": "4096", 
                    "p50": "1", 
                    "unit": "queries", 
                    "mean": "1"
                }
            }
        ], 
        "meters": [
            {
                "internal:aggregate_model_throughput": {
                    "rate": "76.131662438272585", 
                    "rate_1min": "82.853650318886963", 
                    "rate_15min": "17.367836263515152", 
                    "unit": "events per second", 
                    "rate_5min": "42.243125605238035"
                }
            }, 
            {
                "app:kernel-svm:prediction_throughput": {
                    "rate": "0", 
                    "rate_1min": "0", 
                    "rate_15min": "0", 
                    "unit": "events per second", 
                    "rate_5min": "0"
                }
            }, 
            {
                "model:kernel-svm:1:prediction_throughput": {
                    "rate": "82.244431929998399", 
                    "rate_1min": "82.974817592545946", 
                    "rate_15min": "17.549119837547874", 
                    "unit": "events per second", 
                    "rate_5min": "42.587948754338981"
                }
            }
        ], 
        "ratio_counters": [
            {
                "app:kernel-svm:default_prediction_ratio": {
                    "ratio": "0"
                }
            }, 
            {
                "model:kernel-svm:1:cache_hit_ratio": {
                    "ratio": "0"
                }
            }
        ], 
        "counters": [
            {
                "internal:aggregate_num_predictions": {
                    "count": "40000"
                }
            }, 
            {
                "app:kernel-svm:num_predictions": {
                    "count": "17803"
                }
            }, 
            {
                "model:kernel-svm:1:num_predictions": {
                    "count": "17803"
                }
            }
        ]
    }
}