{
    "client_metrics": [
        {
            "thrus": [
                95.89615046255845, 
                95.92089823176755, 
                95.890223673311, 
                95.89189387614138, 
                95.39263805452677, 
                96.16694882838323, 
                95.85483085413487, 
                96.01468724668977, 
                95.06649455670049, 
                95.54553467850374, 
                96.09918937893741, 
                95.77094582600476, 
                95.95223977265316, 
                95.50263718781292, 
                96.01065418228129, 
                95.99668511446714, 
                96.0216288719034, 
                95.89859323131995, 
                93.93876623539845
            ], 
            "p99_lats": [
                5.31483801, 
                10.69018862, 
                16.06734407, 
                21.39967468, 
                26.836531259999997, 
                32.18240693, 
                37.562820030000005, 
                42.92571939, 
                48.315949790000005, 
                53.72607412, 
                59.07576822, 
                64.46634316000001, 
                69.83736161, 
                75.14768131, 
                80.51806299, 
                85.8846332, 
                91.24548154, 
                96.62244616999999, 
                102.07552017
            ], 
            "mean_lats": [
                2.701768080078125, 
                8.057672543945312, 
                13.426602084960937, 
                18.8097786484375, 
                24.205985345703127, 
                29.567645039062498, 
                34.92891866796875, 
                40.294718116210944, 
                45.710223519531255, 
                51.072338217773435, 
                56.45573215234376, 
                61.826310081054686, 
                67.21293757324219, 
                72.56724588183593, 
                77.88712776074219, 
                83.25737551269532, 
                88.61801619238281, 
                93.99271638378906, 
                99.38546342285156
            ]
        }
    ], 
    "node_configs": [
        {
            "model_image": "model-comp/kernel-svm", 
            "name": "kernel-svm", 
            "cpus_per_replica": 1, 
            "input_type": "floats", 
            "use_nvidia_docker": false, 
            "batch_size": 4, 
            "num_replicas": 1, 
            "slo": 500000, 
            "allocated_cpus": [
                17
            ], 
            "gpus": [], 
            "input_size": -1
        }
    ], 
    "clipper_metrics": {
        "histograms": [
            {
                "internal:rpc_request_queueing_delay": {
                    "p99": "0", 
                    "min": "0", 
                    "max": "0", 
                    "p95": "0", 
                    "std_dev": "0", 
                    "size": "0", 
                    "p50": "0", 
                    "unit": "microseconds", 
                    "mean": "0"
                }
            }, 
            {
                "app:kernel-svm:prediction_latency": {
                    "p99": "103730670.859999994558", 
                    "min": "24198", 
                    "max": "104676071", 
                    "p95": "99171723.7499999802894", 
                    "std_dev": "29963990.4285094819788", 
                    "size": "4096", 
                    "p50": "50803738.5", 
                    "unit": "microseconds", 
                    "mean": "51577485.420166015625"
                }
            }, 
            {
                "model:kernel-svm:1:prediction_latency": {
                    "p99": "50050", 
                    "min": "12038", 
                    "max": "50427", 
                    "p95": "41979", 
                    "std_dev": "1131.42132664678901144", 
                    "size": "4096", 
                    "p50": "41640", 
                    "unit": "microseconds", 
                    "mean": "41687.80517578125"
                }
            }, 
            {
                "model:kernel-svm:1:batch_size": {
                    "p99": "4", 
                    "min": "1", 
                    "max": "4", 
                    "p95": "4", 
                    "std_dev": "0.0563235120432010634598", 
                    "size": "4096", 
                    "p50": "4", 
                    "unit": "queries", 
                    "mean": "3.998779296875"
                }
            }
        ], 
        "meters": [
            {
                "internal:aggregate_model_throughput": {
                    "rate": "85.321975392445779", 
                    "rate_1min": "92.364894726925357", 
                    "rate_15min": "19.460748222124195", 
                    "unit": "events per second", 
                    "rate_5min": "47.304324547342702"
                }
            }, 
            {
                "app:kernel-svm:prediction_throughput": {
                    "rate": "0", 
                    "rate_1min": "0", 
                    "rate_15min": "0", 
                    "unit": "events per second", 
                    "rate_5min": "0"
                }
            }, 
            {
                "model:kernel-svm:1:prediction_throughput": {
                    "rate": "92.173892530427054", 
                    "rate_1min": "92.495205664438828", 
                    "rate_15min": "19.662251694301187", 
                    "unit": "events per second", 
                    "rate_5min": "47.686989347389634"
                }
            }
        ], 
        "ratio_counters": [
            {
                "app:kernel-svm:default_prediction_ratio": {
                    "ratio": "0"
                }
            }, 
            {
                "model:kernel-svm:1:cache_hit_ratio": {
                    "ratio": "0"
                }
            }
        ], 
        "counters": [
            {
                "internal:aggregate_num_predictions": {
                    "count": "40000"
                }
            }, 
            {
                "app:kernel-svm:num_predictions": {
                    "count": "19943"
                }
            }, 
            {
                "model:kernel-svm:1:num_predictions": {
                    "count": "19943"
                }
            }
        ]
    }
}