{
    "client_metrics": [
        {
            "thrus": [
                97.72747357874763, 
                98.4236453580756, 
                98.41672100089805, 
                98.61476114667009, 
                97.4686051623904, 
                98.35998178035025, 
                98.34125009207489, 
                98.37514805507817, 
                98.0627906391022, 
                98.48103581276332, 
                97.92437617916872, 
                97.90916133345394, 
                97.85670872721295, 
                98.41242687543429, 
                98.29907089138922, 
                98.36239106293148, 
                97.77455936519867, 
                98.00168440395069, 
                98.22430786874547
            ], 
            "p99_lats": [
                5.09746161, 
                10.20378083, 
                15.30362899, 
                20.34497075, 
                25.550786109999997, 
                30.66179011, 
                35.77110888, 
                40.88034608, 
                45.94953323, 
                51.04791752, 
                56.20220772, 
                61.364800530000004, 
                66.52700274, 
                71.52503039, 
                76.64073893999999, 
                81.74833573000001, 
                86.91675659, 
                92.06299137, 
                97.04132357
            ], 
            "mean_lats": [
                2.5991327304687504, 
                7.70866013671875, 
                12.808080017578124, 
                17.899410571289064, 
                23.02552086230469, 
                28.159802668945314, 
                33.27464901074219, 
                38.3803252470703, 
                43.49112629589844, 
                48.553294968749995, 
                53.668591598632815, 
                58.8307813515625, 
                63.994680941406244, 
                69.08173812792968, 
                74.1348782734375, 
                79.24967107226561, 
                84.36990758984375, 
                89.53808366796875, 
                94.58919037109376
            ]
        }
    ], 
    "node_configs": [
        {
            "model_image": "model-comp/kernel-svm", 
            "name": "kernel-svm", 
            "cpus_per_replica": 1, 
            "input_type": "floats", 
            "use_nvidia_docker": false, 
            "batch_size": 8, 
            "num_replicas": 1, 
            "slo": 500000, 
            "allocated_cpus": [
                17
            ], 
            "gpus": [], 
            "input_size": -1
        }
    ], 
    "clipper_metrics": {
        "histograms": [
            {
                "internal:rpc_request_queueing_delay": {
                    "p99": "0", 
                    "min": "0", 
                    "max": "0", 
                    "p95": "0", 
                    "std_dev": "0", 
                    "size": "0", 
                    "p50": "0", 
                    "unit": "microseconds", 
                    "mean": "0"
                }
            }, 
            {
                "app:kernel-svm:prediction_latency": {
                    "p99": "101060180.319999995176", 
                    "min": "55281", 
                    "max": "102098277", 
                    "p95": "97547196.9999999908177", 
                    "std_dev": "29865778.1431112868595", 
                    "size": "4096", 
                    "p50": "50940490.5", 
                    "unit": "microseconds", 
                    "mean": "51418365.2255859375"
                }
            }, 
            {
                "model:kernel-svm:1:prediction_latency": {
                    "p99": "82341.4000000000046384", 
                    "min": "11485", 
                    "max": "98835", 
                    "p95": "81885", 
                    "std_dev": "2443.09241468380798512", 
                    "size": "2559", 
                    "p50": "81260", 
                    "unit": "microseconds", 
                    "mean": "81269.9964830011725212"
                }
            }, 
            {
                "model:kernel-svm:1:batch_size": {
                    "p99": "8", 
                    "min": "1", 
                    "max": "8", 
                    "p95": "8", 
                    "std_dev": "0.198555810862594787111", 
                    "size": "2559", 
                    "p50": "8", 
                    "unit": "queries", 
                    "mean": "7.9933567799921847203"
                }
            }
        ], 
        "meters": [
            {
                "internal:aggregate_model_throughput": {
                    "rate": "87.502556738723968", 
                    "rate_1min": "94.950373047917552", 
                    "rate_15min": "19.96382564508642", 
                    "unit": "events per second", 
                    "rate_5min": "48.538761892594508"
                }
            }, 
            {
                "app:kernel-svm:prediction_throughput": {
                    "rate": "0", 
                    "rate_1min": "0", 
                    "rate_15min": "0", 
                    "unit": "events per second", 
                    "rate_5min": "0"
                }
            }, 
            {
                "model:kernel-svm:1:prediction_throughput": {
                    "rate": "94.524952547249228", 
                    "rate_1min": "95.06071938873211", 
                    "rate_15min": "20.168509128896979", 
                    "unit": "events per second", 
                    "rate_5min": "48.92561673867656"
                }
            }
        ], 
        "ratio_counters": [
            {
                "app:kernel-svm:default_prediction_ratio": {
                    "ratio": "0"
                }
            }, 
            {
                "model:kernel-svm:1:cache_hit_ratio": {
                    "ratio": "0"
                }
            }
        ], 
        "counters": [
            {
                "internal:aggregate_num_predictions": {
                    "count": "40000"
                }
            }, 
            {
                "app:kernel-svm:num_predictions": {
                    "count": "20455"
                }
            }, 
            {
                "model:kernel-svm:1:num_predictions": {
                    "count": "20455"
                }
            }
        ]
    }
}