,client_latency_ms,configured_batch_size,mean_batch_size,mean_throughput_qps,model_name,num_cpus_per_replica,num_gpus_per_replica,p99_latency_ms,std_throughput_qps
0,60232.3974808,1,1,85.4115362829,kernel-svm,1,0,13.83906,1.41941828898
1,56309.1288243,2,2,91.2835935442,kernel-svm,1,0,26.10203,0.875632538047
2,53737.6003969,4,3.998779296875,95.7186383223,kernel-svm,1,0,50.05,0.509497169742
3,51153.244043,8,7.9933567799921847203,98.1838125419,kernel-svm,1,0,82.3414,0.293815821041
4,52862.8669655,16,15.9620743034055726462,99.0707931923,kernel-svm,1,0,186.07911,0.423424739409
5,52137.2154197,32,31.800613496932515184,99.700124872,kernel-svm,1,0,358.38647,0.40466179833
6,52377.0178864,64,63.0212765957446806771,99.6922198676,kernel-svm,1,0,689.1647,0.429653630618
7,52788.2109641,128,123.422619047619047533,99.8003362653,kernel-svm,1,0,1407.08282,0.661291339765
