{
    "client_metrics": [
        {
            "thrus": [
                47.05292346185219, 
                48.69487093880972, 
                49.926888312926756, 
                49.64208573291627, 
                51.26220908295859, 
                49.155357350231306, 
                50.9289628502394, 
                50.149932626699886, 
                48.774294361706815
            ], 
            "p99_lats": [
                1.7638471899999746, 
                1.448402, 
                1.4456370000000001, 
                1.4623630000000001, 
                1.4377500000000001, 
                1.476739, 
                1.3400300000000001, 
                1.419778, 
                1.4851220000000001
            ], 
            "mean_lats": [
                0.43928444687499996, 
                0.42729256041666663, 
                0.40283625104166665, 
                0.4048597864583332, 
                0.39166199374999999, 
                0.41752395729166664, 
                0.39311513854166669, 
                0.41719768749999997, 
                0.42689121145833331
            ]
        }
    ], 
    "node_configs": [
        {
            "batch_size": 64, 
            "input_type": "bytes", 
            "model_name": "tf-nmt", 
            "gpus": [
                0
            ], 
            "allocated_cpus": [
                4, 
                20, 
                5, 
                21, 
                6, 
                22, 
                7, 
                23
            ]
        }
    ]
}