{
    "client_metrics": [
        {
            "thrus": [
                164.3990556918241, 
                196.66147480373183, 
                204.21802111716448, 
                232.0853331352872, 
                197.7576262756603, 
                197.37822503683572, 
                227.5765937473331, 
                197.5818939903985, 
                194.01596557380708, 
                225.88418127431433, 
                197.32953934405688, 
                198.0848169473446, 
                220.1898697246636, 
                193.19928844702065, 
                193.69559574954386, 
                201.53956070421953, 
                224.79778034671685, 
                195.5043768542368, 
                199.36770532256946, 
                232.20807236532366, 
                194.85087088596742, 
                200.00980048022353, 
                223.90887804299163, 
                194.41107054400106, 
                200.0578167090289, 
                224.1384817195456, 
                195.8283662284191, 
                199.57042466091738, 
                199.96840499201124, 
                220.92063150162514, 
                196.82172281990418
            ], 
            "p99_lats": [
                200.45063475999999, 
                201.97999817, 
                203.25594660000002, 
                204.72034984, 
                206.24282762, 
                207.76335490999998, 
                209.08949804, 
                210.61529303, 
                212.1876116, 
                213.52480783000001, 
                215.04678572, 
                216.56806661, 
                217.94467308999998, 
                219.51428107, 
                221.07841694, 
                222.38304388, 
                223.89640906, 
                225.44949363, 
                226.95612557, 
                228.24545085, 
                229.80056086, 
                231.2959729, 
                232.6402481, 
                234.19630863999998, 
                235.69495179, 
                237.04198879, 
                238.57960784, 
                240.08846153, 
                241.40269828, 
                242.96241464, 
                244.49809443
            ], 
            "mean_lats": [
                199.71875431, 
                201.2064544275, 
                202.63298688499998, 
                204.0399135, 
                205.46488096499996, 
                206.9418677, 
                208.4005344775, 
                209.85063053750002, 
                211.3541276325, 
                212.84584035, 
                214.31163852749995, 
                215.7797983, 
                217.25684431499997, 
                218.7638327975, 
                220.28741383, 
                221.7400376575, 
                223.18245481999998, 
                224.68010081749998, 
                226.143707435, 
                227.57862800249998, 
                229.04072881250002, 
                230.50897691999998, 
                231.946257075, 
                233.45732765750003, 
                234.92117457250004, 
                236.36092808249998, 
                237.85969509499998, 
                239.31835380999996, 
                240.7512943675, 
                242.23633005249997, 
                243.738412265
            ]
        }
    ], 
    "node_configs": [
        {
            "batch_size": 52, 
            "input_type": "floats", 
            "model_name": "tf_resnet_feats", 
            "gpus": [
                0
            ], 
            "allocated_cpus": [
                0, 
                16, 
                1, 
                17, 
                2, 
                18, 
                3, 
                19
            ]
        }, 
        {
            "batch_size": 52, 
            "input_type": "floats", 
            "model_name": "inception_feats", 
            "gpus": [
                1
            ], 
            "allocated_cpus": [
                0, 
                16, 
                1, 
                17, 
                2, 
                18, 
                3, 
                19
            ]
        }, 
        {
            "batch_size": 52, 
            "input_type": "floats", 
            "model_name": "kernel_svm", 
            "gpus": [], 
            "allocated_cpus": [
                0, 
                16, 
                1, 
                17, 
                2, 
                18, 
                3, 
                19
            ]
        }, 
        {
            "batch_size": 52, 
            "input_type": "floats", 
            "model_name": "tf_log_reg", 
            "gpus": [], 
            "allocated_cpus": [
                0, 
                16, 
                1, 
                17, 
                2, 
                18, 
                3, 
                19
            ]
        }
    ]
}