{
    "client_metrics": [
        {
            "thrus": [
                4.583929549770107, 
                9.133022286948966, 
                9.087401353986452, 
                8.844761000406152, 
                9.042596961506568, 
                9.007509380420268, 
                8.964133426464704, 
                8.776459709555352, 
                8.961061677912202, 
                9.002118738666333, 
                8.89852460682314, 
                9.05393774765915, 
                9.04963289259208, 
                8.99435226632493, 
                9.037615096287654, 
                8.952251733021651, 
                8.973900845215825, 
                8.989344211158977, 
                9.210628844631612, 
                8.938817548186035, 
                9.020054105892548, 
                8.983708942204208, 
                9.093413913105156, 
                8.851775949512303, 
                8.903089514510967, 
                9.045610319087523, 
                9.318775170011735, 
                9.351361511479263, 
                9.423219793586256, 
                9.217339142223357, 
                8.970366931065241
            ], 
            "p99_lats": [
                10.15052342, 
                15.56682889, 
                21.006283099999997, 
                26.60130875, 
                32.07482648, 
                37.56035256, 
                43.077765400000004, 
                48.669934, 
                54.185853120000004, 
                59.68131181, 
                65.23513183, 
                70.70284464, 
                76.16669472999999, 
                81.65937595, 
                87.13212626, 
                92.65324802999999, 
                98.16755368, 
                103.66517798000001, 
                109.03204148, 
                114.5628117, 
                120.04766974999998, 
                125.54389162000001, 
                130.98334, 
                136.57148837, 
                142.12996445, 
                147.59242992999998, 
                152.90825771, 
                158.19243913, 
                163.43857889, 
                168.79914401000002, 
                174.31196592999999
            ], 
            "mean_lats": [
                7.688698579999999, 
                12.926368360000001, 
                18.36046656, 
                23.91612136, 
                29.429446640000002, 
                34.880989060000005, 
                40.41447279999999, 
                46.005012959999995, 
                51.539262120000004, 
                57.04106784, 
                62.573974240000005, 
                68.08692101999999, 
                73.51263739999999, 
                79.03448706, 
                84.52422648, 
                90.00230002000002, 
                95.53728888000002, 
                101.0241359, 
                106.50799407999999, 
                111.90837366000001, 
                117.41484676, 
                122.8818224, 
                128.40242329999998, 
                133.9045391, 
                139.47303654, 
                144.97220374, 
                150.37791729999998, 
                155.64169998, 
                160.93621726, 
                166.17705675999997, 
                171.64735474
            ]
        }
    ], 
    "node_configs": [
        {
            "batch_size": 1, 
            "input_type": "floats", 
            "model_name": "tf_resnet_feats", 
            "gpus": [
                0
            ], 
            "allocated_cpus": [
                0, 
                16, 
                1, 
                17, 
                2, 
                18, 
                3, 
                19
            ]
        }, 
        {
            "batch_size": 1, 
            "input_type": "floats", 
            "model_name": "inception_feats", 
            "gpus": [
                1
            ], 
            "allocated_cpus": [
                0, 
                16, 
                1, 
                17, 
                2, 
                18, 
                3, 
                19
            ]
        }, 
        {
            "batch_size": 1, 
            "input_type": "floats", 
            "model_name": "kernel_svm", 
            "gpus": [], 
            "allocated_cpus": [
                0, 
                16, 
                1, 
                17, 
                2, 
                18, 
                3, 
                19
            ]
        }, 
        {
            "batch_size": 1, 
            "input_type": "floats", 
            "model_name": "tf_log_reg", 
            "gpus": [], 
            "allocated_cpus": [
                0, 
                16, 
                1, 
                17, 
                2, 
                18, 
                3, 
                19
            ]
        }
    ]
}