{
    "client_metrics": [
        {
            "thrus": [
                25.97066665143054, 
                124.58908960883386, 
                115.36194232595055, 
                127.368334576236, 
                117.55177273950879, 
                124.36975626015168, 
                116.14057887948731, 
                128.83584573968847, 
                113.72547012687782, 
                126.684989538987, 
                116.16796726386681, 
                129.49350557696155, 
                115.72948926261799, 
                126.45446343158214, 
                115.14469370072167, 
                127.16417530853208, 
                116.8533496304805, 
                126.00933477151987, 
                118.38950027199988, 
                129.1482415175435, 
                116.96911956758855, 
                125.25152071002583, 
                117.83858117634719, 
                128.13284813694838, 
                114.22305478137707, 
                125.08341500237972, 
                115.84612853823037, 
                124.37926970711791, 
                116.63249334611626, 
                129.09988974869415, 
                117.63571043734605
            ], 
            "p99_lats": [
                6.59950631, 
                7.92541239, 
                9.40626246, 
                10.73830845, 
                12.17812251, 
                13.55520717, 
                15.03240462, 
                16.35626688, 
                17.86785188, 
                19.21744267, 
                20.69188604, 
                22.007969569999997, 
                23.48827868, 
                24.84137551, 
                25.30905248, 
                26.59991589, 
                28.065210429999997, 
                29.424052839999998, 
                30.8655658, 
                32.187926669999996, 
                33.64628961, 
                35.01383886, 
                36.45762586, 
                37.78466476, 
                39.28296271999999, 
                40.655028959999996, 
                42.13504468, 
                43.51589899, 
                44.98264992, 
                46.30080752, 
                47.75296512
            ], 
            "mean_lats": [
                5.909281545, 
                7.292011485000001, 
                8.692106285, 
                10.09405729, 
                11.467195429999999, 
                12.887651519999999, 
                14.302543264999999, 
                15.71622951, 
                17.1287544, 
                18.545397525, 
                19.970646040000002, 
                21.355583655, 
                22.76087698, 
                24.174742424999998, 
                24.776511904999996, 
                25.961027095, 
                27.351139409999995, 
                28.763274629999998, 
                30.165131385, 
                31.548826355000003, 
                32.917716184999996, 
                34.352415635, 
                35.75465336, 
                37.13776205, 
                38.543110014999996, 
                39.98204488499999, 
                41.412050755, 
                42.84050472999999, 
                44.271976429999995, 
                45.65483620999999, 
                47.043672985
            ]
        }
    ], 
    "node_configs": [
        {
            "batch_size": 16, 
            "input_type": "floats", 
            "model_name": "tf_resnet_feats", 
            "gpus": [
                0
            ], 
            "allocated_cpus": [
                0, 
                16, 
                1, 
                17, 
                2, 
                18, 
                3, 
                19
            ]
        }, 
        {
            "batch_size": 16, 
            "input_type": "floats", 
            "model_name": "inception_feats", 
            "gpus": [
                1
            ], 
            "allocated_cpus": [
                0, 
                16, 
                1, 
                17, 
                2, 
                18, 
                3, 
                19
            ]
        }, 
        {
            "batch_size": 16, 
            "input_type": "floats", 
            "model_name": "kernel_svm", 
            "gpus": [], 
            "allocated_cpus": [
                0, 
                16, 
                1, 
                17, 
                2, 
                18, 
                3, 
                19
            ]
        }, 
        {
            "batch_size": 16, 
            "input_type": "floats", 
            "model_name": "tf_log_reg", 
            "gpus": [], 
            "allocated_cpus": [
                0, 
                16, 
                1, 
                17, 
                2, 
                18, 
                3, 
                19
            ]
        }
    ]
}