{
    "client_metrics": [
        {
            "thrus": [
                18.949254370527086, 
                19.60595942742756, 
                21.327665672062828, 
                20.701360006897694, 
                22.647959401871923, 
                18.03613973463187, 
                21.30376862601806, 
                22.679526310877566, 
                19.4943250070472
            ], 
            "p99_lats": [
                0.43113270999999997, 
                0.42130457000000004, 
                0.40938096999999996, 
                0.40805818999999999, 
                0.39111669999999998, 
                0.43090446999999998, 
                0.40990224999999997, 
                0.4093702099999999, 
                0.41249816999999994
            ], 
            "mean_lats": [
                0.052671935000000003, 
                0.05091487833333333, 
                0.046798516666666665, 
                0.048217225000000002, 
                0.044066915000000005, 
                0.055354723333333335, 
                0.046851176666666668, 
                0.044003815000000002, 
                0.051208061666666665
            ]
        }
    ], 
    "node_configs": [
        {
            "batch_size": 1, 
            "input_type": "bytes", 
            "model_name": "tf-nmt", 
            "gpus": [
                0
            ], 
            "allocated_cpus": [
                4, 
                20, 
                5, 
                21, 
                6, 
                22, 
                7, 
                23
            ]
        }
    ]
}