{
    "client_metrics": [
        {
            "thrus": [
                21.796607931952735, 
                22.010318290479123, 
                21.595505457022263, 
                23.092131910262744, 
                21.887647640391204, 
                24.438579637897636, 
                21.683371174429926, 
                20.896774635077012, 
                19.857703009848596
            ], 
            "p99_lats": [
                0.40267674999999997, 
                0.40271094999999996, 
                0.36095033999999965, 
                0.40271021999999995, 
                0.42390231999999983, 
                0.38360366999999979, 
                0.38088820999999962, 
                0.35611338999999981, 
                0.40850988999999999
            ], 
            "mean_lats": [
                0.04577869166666667, 
                0.045344271666666665, 
                0.046217096666666665, 
                0.043215564999999997, 
                0.045598844999999999, 
                0.040829648333333329, 
                0.046028265000000006, 
                0.047765248333333329, 
                0.050268723333333334
            ]
        }
    ], 
    "node_configs": [
        {
            "batch_size": 1, 
            "input_type": "bytes", 
            "model_name": "tf-nmt", 
            "gpus": [
                0
            ], 
            "allocated_cpus": [
                0, 
                16, 
                1, 
                17, 
                2, 
                18, 
                3, 
                19
            ]
        }
    ]
}