{
    "client_metrics": [
        {
            "thrus": [
                73.28377000247761, 
                73.590527666448, 
                72.54636024142069, 
                73.17917220252096, 
                73.75452289347953, 
                72.78969971725397, 
                72.79299001117673, 
                73.5900381533302, 
                73.66884448365636, 
                73.7055946195607, 
                73.59924088362966, 
                73.7657583902283, 
                74.09028968582624
            ], 
            "p99_lats": [
                7.3938030000000001, 
                7.3997120000000001, 
                7.4090619999999996, 
                7.403073, 
                7.3919680000000003, 
                7.4112609999999997, 
                7.4114469999999999, 
                7.3849900000000002, 
                7.3668009999999997, 
                7.3918730000000004, 
                7.4005080000000003, 
                7.3872489999999997, 
                7.3584440000000004
            ], 
            "mean_lats": [
                2.6657229256835935, 
                2.6527054821093752, 
                2.6850648128125001, 
                2.6677311204492189, 
                2.6503381864453126, 
                2.6790346644921872, 
                2.6795050813867194, 
                2.6543635770117184, 
                2.6506529769335936, 
                2.6490484268749999, 
                2.6518038648046875, 
                2.6469914045507812, 
                2.642516276425781
            ]
        }
    ], 
    "node_configs": [
        {
            "batch_size": 512, 
            "input_type": "bytes", 
            "model_name": "tf-nmt", 
            "gpus": [
                0
            ], 
            "allocated_cpus": [
                0, 
                16, 
                1, 
                17, 
                2, 
                18, 
                3, 
                19
            ]
        }
    ]
}