{
    "client_metrics": [
        {
            "thrus": [
                82.89658007244577, 
                83.8234174578093, 
                83.23356233870314, 
                83.44798195072305, 
                83.38365033578694, 
                83.90629790402286, 
                84.10906606585341, 
                83.5751144345181, 
                82.75265054961821
            ], 
            "p99_lats": [
                7.0300270000000005, 
                6.5503799999999988, 
                6.6051580000000003, 
                6.585324, 
                6.5785460000000002, 
                6.5797480000000004, 
                6.3591699999999998, 
                6.5711000000000004, 
                6.6162869999999998
            ], 
            "mean_lats": [
                2.4726117364583335, 
                2.4436407307291663, 
                2.453658379947917, 
                2.4498663204427085, 
                2.4495375135416664, 
                2.4408177153645831, 
                2.4344840477864582, 
                2.4450944717447913, 
                2.4611177417968748
            ]
        }
    ], 
    "node_configs": [
        {
            "batch_size": 512, 
            "input_type": "bytes", 
            "model_name": "tf-nmt", 
            "gpus": [
                0
            ], 
            "allocated_cpus": [
                8, 
                24, 
                9, 
                25, 
                10, 
                26, 
                11, 
                27
            ]
        }
    ]
}