{
    "client_metrics": [
        {
            "thrus": [
                77.24021515825142, 
                79.84060903580915, 
                76.91992662680312, 
                77.45716517909912, 
                76.84035578645549, 
                78.09203506287635, 
                77.0297126168862, 
                76.3260700596997, 
                76.28982779746826
            ], 
            "p99_lats": [
                7.2882629999999988, 
                6.8297429999999997, 
                7.2344749999999998, 
                7.0290319999999999, 
                7.0466939999999996, 
                6.953462, 
                6.9867590000000002, 
                7.2217370000000001, 
                6.9503959999999996
            ], 
            "mean_lats": [
                2.567208910677083, 
                2.4890599635416661, 
                2.5715400752604163, 
                2.5572599670572913, 
                2.5720218985677081, 
                2.537358132421875, 
                2.571294808723958, 
                2.5845682110677086, 
                2.5890858605468745
            ]
        }
    ], 
    "node_configs": [
        {
            "batch_size": 512, 
            "input_type": "bytes", 
            "model_name": "tf-nmt", 
            "gpus": [
                0
            ], 
            "allocated_cpus": [
                4, 
                20, 
                5, 
                21, 
                6, 
                22, 
                7, 
                23
            ]
        }
    ]
}