{
    "client_metrics": [
        {
            "thrus": [
                77.9598258308667, 
                78.45591117359035, 
                78.3417728665776, 
                78.07247631745769, 
                78.59395355685264, 
                77.91610776633476, 
                77.93097736136767, 
                77.96595995833364, 
                78.52842781541453, 
                78.5930198984755, 
                78.39328995819331, 
                78.62825695766588, 
                78.01469294290713
            ], 
            "p99_lats": [
                7.1489760000000002, 
                6.9059600000000003, 
                6.901406999999999, 
                6.9361350000000002, 
                7.0054990000000004, 
                7.184761, 
                7.1321659999999998, 
                7.1981130000000002, 
                6.9006069999999999, 
                6.9263130000000004, 
                7.1479920000000003, 
                6.9108260000000001, 
                7.167961
            ], 
            "mean_lats": [
                2.5539682222070312, 
                2.5392810899218752, 
                2.5377354672460939, 
                2.5458272940234377, 
                2.5359595135937503, 
                2.5510552812499991, 
                2.5521080528710938, 
                2.55083695796875, 
                2.5330909371874997, 
                2.5310662579296874, 
                2.5378746129101559, 
                2.5301453602539059, 
                2.5468697580664061
            ]
        }
    ], 
    "node_configs": [
        {
            "batch_size": 512, 
            "input_type": "bytes", 
            "model_name": "tf-nmt", 
            "gpus": [
                0
            ], 
            "allocated_cpus": [
                4, 
                20, 
                5, 
                21, 
                6, 
                22, 
                7, 
                23
            ]
        }
    ]
}