{
    "client_metrics": [
        {
            "thrus": [
                86.97388598880933, 
                87.23825626537659, 
                87.15973458135784, 
                88.82576605081303, 
                87.80858816241219, 
                87.6306186858602, 
                88.63598395896432, 
                87.30611491687839, 
                87.9643016124097
            ], 
            "p99_lats": [
                6.0981690000000004, 
                6.1532520000000002, 
                6.1448619999999998, 
                6.1003270000000001, 
                6.0940060000000003, 
                6.1376260000000009, 
                5.8808829999999999, 
                6.2837350000000001, 
                6.1246510000000001
            ], 
            "mean_lats": [
                2.3396011347656249, 
                2.3354107342447916, 
                2.3300359333333338, 
                2.3062521507812495, 
                2.3186686813802084, 
                2.3239202259114582, 
                2.3057984949218748, 
                2.3268048251302087, 
                2.3223551968750002
            ]
        }
    ], 
    "node_configs": [
        {
            "batch_size": 512, 
            "input_type": "bytes", 
            "model_name": "tf-nmt", 
            "gpus": [
                0
            ], 
            "allocated_cpus": [
                0, 
                16, 
                1, 
                17, 
                2, 
                18, 
                3, 
                19
            ]
        }
    ]
}