{
    "process_path": "CONFIGS_COST/untagged/slo_1000/cv_0.1/mean_provision/lambda_191/191_0.1.deltas", 
    "batch_size": 160, 
    "gpu_affinities": [
        "0 1", 
        "2 3"
    ], 
    "num_trials": 30, 
    "cpu_affinities": [
        "0 1 2 3 16 17 18 19", 
        "4 5 6 7 20 21 22 23"
    ], 
    "trial_length": 955, 
    "replica_nums": [
        0, 
        1
    ], 
    "slo_millis": 1000, 
    "cv": 0.1, 
    "process_mean_thru": 191.16001060150933, 
    "max_estimated_thru": 344.6379590826408, 
    "process_peak_thru": 228.0, 
    "lambda": 191
}