{
    "client_metrics": [
        {
            "thrus": [
                51.49238888854322, 
                55.12189489322631, 
                54.40756537196498, 
                54.073485190455266, 
                51.425997373738596, 
                53.70182331115598, 
                53.44811018060673, 
                51.22168794563202, 
                53.240242768852
            ], 
            "p99_lats": [
                1.45838, 
                1.4600439999999999, 
                1.3803810000000001, 
                1.469843, 
                1.644474, 
                1.3704510000000001, 
                1.5888800000000001, 
                1.5194380000000001, 
                1.4238040000000001
            ], 
            "mean_lats": [
                0.40185361979166662, 
                0.36478259062500001, 
                0.37084164583333334, 
                0.37245544895833332, 
                0.38971246979166663, 
                0.36162568333333334, 
                0.38542859791666662, 
                0.39547413125000003, 
                0.38819338854166668
            ]
        }
    ], 
    "node_configs": [
        {
            "batch_size": 64, 
            "input_type": "bytes", 
            "model_name": "tf-nmt", 
            "gpus": [
                0
            ], 
            "allocated_cpus": [
                8, 
                24, 
                9, 
                25, 
                10, 
                26, 
                11, 
                27
            ]
        }
    ]
}