{
    "client_metrics": [
        {
            "thrus": [
                56.04842817729636, 
                50.256988587632556, 
                51.92782875630092, 
                48.45750914976202, 
                51.62577636294469, 
                49.36769496318379, 
                49.14684909567494, 
                51.451266030754034, 
                48.93849847918518
            ], 
            "p99_lats": [
                1.450855, 
                1.457789, 
                1.4731730000000001, 
                1.4756119999999999, 
                1.5027239999999999, 
                1.489055, 
                1.539639, 
                1.4835469999999999, 
                1.504958
            ], 
            "mean_lats": [
                0.38353583854166662, 
                0.41531356249999996, 
                0.40374046562500004, 
                0.42656201041666664, 
                0.43203013333333334, 
                0.42685969166666665, 
                0.44447392499999994, 
                0.41169528333333333, 
                0.44066332499999999
            ]
        }
    ], 
    "node_configs": [
        {
            "batch_size": 64, 
            "input_type": "bytes", 
            "model_name": "tf-nmt", 
            "gpus": [
                0
            ], 
            "allocated_cpus": [
                12, 
                28, 
                13, 
                29, 
                14, 
                30, 
                15, 
                31
            ]
        }
    ]
}