{
    "process_path": "CONFIGS_COST/untagged/slo_1000/cv_4.0/mean_provision/lambda_811/811_4.0.deltas", 
    "batch_size": 175, 
    "gpu_affinities": [
        "0 1", 
        "2 3"
    ], 
    "num_trials": 30, 
    "cpu_affinities": [
        "0 1 2 3 16 17 18 19", 
        "4 5 6 7 20 21 22 23"
    ], 
    "trial_length": 4055, 
    "replica_nums": [
        2, 
        3
    ], 
    "slo_millis": 1000, 
    "cv": 4.0, 
    "process_mean_thru": 794.9538313985619, 
    "max_estimated_thru": 831.6426226420555, 
    "process_peak_thru": 1164.0, 
    "lambda": 811
}