{
    "client_metrics": [
        {
            "thrus": [
                52.70500186938053, 
                54.41506245205381, 
                56.926674707164146, 
                49.0272858806064, 
                53.51121352562811, 
                49.62237373587003, 
                52.35262898542568, 
                54.730125182619034, 
                49.450698040387316
            ], 
            "p99_lats": [
                2.0777640000000002, 
                1.4186970000000001, 
                1.4680359999999999, 
                1.49539, 
                1.507536, 
                1.516921, 
                1.4857590000000001, 
                1.4395880000000001, 
                1.5798559999999999
            ], 
            "mean_lats": [
                0.39994317291666676, 
                0.39077794166666657, 
                0.37559635000000002, 
                0.4087071458333334, 
                0.38001113854166668, 
                0.42013051666666662, 
                0.40207537916666675, 
                0.39312429374999996, 
                0.41956271666666667
            ]
        }
    ], 
    "node_configs": [
        {
            "batch_size": 64, 
            "input_type": "bytes", 
            "model_name": "tf-nmt", 
            "gpus": [
                0
            ], 
            "allocated_cpus": [
                0, 
                16, 
                1, 
                17, 
                2, 
                18, 
                3, 
                19
            ]
        }
    ]
}