{
    "client_metrics": [
        {
            "thrus": [
                54.83653998569108, 
                58.64292931205736, 
                53.35464258475232, 
                56.31704147808768, 
                57.412597244829264, 
                54.36077616316206, 
                55.88464756754504, 
                51.74255727779819, 
                57.31055191136064
            ], 
            "p99_lats": [
                1.3919360000000001, 
                1.2775019999999999, 
                1.409691, 
                1.4084369999999999, 
                1.412965, 
                1.414407, 
                1.4698249999999999, 
                1.331377, 
                1.4633670000000001
            ], 
            "mean_lats": [
                0.37270396874999995, 
                0.34990338958333334, 
                0.38666241875000001, 
                0.36932068124999995, 
                0.36221606562500003, 
                0.37635508020833336, 
                0.37324849062499993, 
                0.38699118229166662, 
                0.35266178125000003
            ]
        }
    ], 
    "node_configs": [
        {
            "batch_size": 64, 
            "input_type": "bytes", 
            "model_name": "tf-nmt", 
            "gpus": [
                0
            ], 
            "allocated_cpus": [
                4, 
                20, 
                5, 
                21, 
                6, 
                22, 
                7, 
                23
            ]
        }
    ]
}