{
    "process_path": "CONFIGS_COST/untagged/slo_1000/cv_4.0/peak_provision/lambda_959/959_4.0.deltas", 
    "batch_size": 175, 
    "gpu_affinities": [
        "0 1", 
        "2 3"
    ], 
    "num_trials": 30, 
    "cpu_affinities": [
        "0 1 2 3 16 17 18 19", 
        "4 5 6 7 20 21 22 23"
    ], 
    "trial_length": 4795, 
    "replica_nums": [
        0, 
        1
    ], 
    "slo_millis": 1000, 
    "cv": 4.0, 
    "process_mean_thru": 938.6364570919297, 
    "max_estimated_thru": 1496.9567207556997, 
    "process_peak_thru": 1336.0, 
    "lambda": 959
}