{
    "client_metrics": {
        "thrus": [
            2.9795177817323264, 
            373.9995512005386, 
            380.7435159379236, 
            391.64695376999356, 
            371.00244861616085, 
            366.3701510910503, 
            302.5132803330066, 
            203.27103753602978, 
            185.45031044381966, 
            191.03510461082328, 
            198.57265972191885, 
            197.7214579189421, 
            195.07323049072622, 
            179.59705604505731, 
            199.41054243655753, 
            188.0943782352233, 
            202.98880719717113, 
            185.86186003115046, 
            201.08667237752815, 
            190.46603228780177, 
            196.6436855746125, 
            196.53161014417557, 
            182.66508356927574, 
            206.18811779114793, 
            191.6847169775154, 
            189.11385032016975, 
            186.86559131747717, 
            198.53638973487452, 
            192.31065093309127, 
            199.4161096310004, 
            185.89019094640415, 
            189.60005763841755, 
            207.18003115987668, 
            185.77760933941195, 
            197.8262847828065, 
            196.30013505449293, 
            190.39713033445162, 
            197.42323197624603
        ], 
        "p99_lats": [
            0.87018583, 
            0.7528127499999999, 
            0.62888766, 
            0.49891262000000003, 
            0.37046272999999996, 
            0.24960026000000002, 
            0.13349603, 
            0.04020636, 
            0.040992719999999996, 
            0.047185679999999994, 
            0.04600433999999999, 
            0.04582712, 
            0.045329049999999996, 
            0.04423724, 
            0.04443775, 
            0.04184157999999999, 
            0.041348380000000004, 
            0.04301468, 
            0.04240006, 
            0.04582359, 
            0.044836799999999996, 
            0.04495653999999999, 
            0.04681439, 
            0.04200733, 
            0.04054431, 
            0.039062410000000006, 
            0.03972389, 
            0.038959690000000005, 
            0.04079341, 
            0.041032849999999996, 
            0.04105032, 
            0.04216323, 
            0.03906281, 
            0.041111579999999995, 
            0.040837769999999995, 
            0.04233285, 
            0.03838075, 
            0.039898329999999996
        ], 
        "mean_lats": [
            0.79467724, 
            0.6791423600000001, 
            0.5573165, 
            0.43307138, 
            0.31205768, 
            0.19108599999999995, 
            0.07117399999999999, 
            0.029811320000000002, 
            0.03197102, 
            0.034465659999999995, 
            0.03467108, 
            0.03410528, 
            0.03461848, 
            0.0333956, 
            0.03396052, 
            0.03249086, 
            0.032679019999999996, 
            0.032832, 
            0.03372878, 
            0.03451892, 
            0.03298608, 
            0.033135500000000005, 
            0.03453116, 
            0.031706120000000004, 
            0.02963494, 
            0.030130160000000003, 
            0.030391400000000006, 
            0.0297954, 
            0.03165103999999999, 
            0.0305823, 
            0.0306034, 
            0.032234940000000004, 
            0.029789499999999997, 
            0.03118724, 
            0.030577860000000002, 
            0.03134104, 
            0.029330020000000002, 
            0.030664479999999997
        ]
    }, 
    "node_configs": [
        {
            "model_image": "model-comp/theano-lstm", 
            "name": "lstm", 
            "cpus_per_replica": 5, 
            "input_type": "strings", 
            "batch_size": 16, 
            "num_replicas": 1, 
            "slo": 500000, 
            "allocated_cpus": [
                9, 
                10, 
                11, 
                12, 
                13, 
                14, 
                15
            ], 
            "gpus": [
                0
            ]
        }
    ], 
    "clipper_metrics": {
        "histograms": [
            {
                "internal:rpc_request_queueing_delay": {
                    "p99": "0", 
                    "min": "0", 
                    "max": "0", 
                    "p95": "0", 
                    "std_dev": "0", 
                    "size": "0", 
                    "p50": "0", 
                    "unit": "microseconds", 
                    "mean": "0"
                }
            }, 
            {
                "app:lstm:prediction_latency": {
                    "p99": "739891.469999999401807", 
                    "min": "38", 
                    "max": "870367", 
                    "p95": "257400.499999999850843", 
                    "std_dev": "127276.567449689373724", 
                    "size": "4096", 
                    "p50": "52", 
                    "unit": "microseconds", 
                    "mean": "40333.7177734375"
                }
            }, 
            {
                "model:lstm:1:prediction_latency": {
                    "p99": "46130.1100000000034242", 
                    "min": "14878", 
                    "max": "830207", 
                    "p95": "32789.1499999996806309", 
                    "std_dev": "38977.0413863729464978", 
                    "size": "438", 
                    "p50": "20218.5", 
                    "unit": "microseconds", 
                    "mean": "23055.6552511415525224"
                }
            }, 
            {
                "model:lstm:1:batch_size": {
                    "p99": "16", 
                    "min": "1", 
                    "max": "16", 
                    "p95": "7.14999999999986357579", 
                    "std_dev": "2.58922732130461968978", 
                    "size": "438", 
                    "p50": "4", 
                    "unit": "queries", 
                    "mean": "4.44977168949771688736"
                }
            }
        ], 
        "meters": [
            {
                "internal:aggregate_model_throughput": {
                    "rate": "7.6203270758549015", 
                    "rate_1min": "2.3227261438924796", 
                    "rate_15min": "1.816098830632489", 
                    "unit": "events per second", 
                    "rate_5min": "3.8319814549051183"
                }
            }, 
            {
                "app:lstm:prediction_throughput": {
                    "rate": "0", 
                    "rate_1min": "0", 
                    "rate_15min": "0", 
                    "unit": "events per second", 
                    "rate_5min": "0"
                }
            }, 
            {
                "model:lstm:1:prediction_throughput": {
                    "rate": "11.866037899382281", 
                    "rate_1min": "15.787217969060674", 
                    "rate_15min": "162.38439076581818", 
                    "unit": "events per second", 
                    "rate_5min": "116.39551099633137"
                }
            }
        ], 
        "ratio_counters": [
            {
                "app:lstm:default_prediction_ratio": {
                    "ratio": "0.61019999999999996"
                }
            }, 
            {
                "model:lstm:1:cache_hit_ratio": {
                    "ratio": "0"
                }
            }
        ], 
        "counters": [
            {
                "internal:aggregate_num_predictions": {
                    "count": "5000"
                }
            }, 
            {
                "app:lstm:num_predictions": {
                    "count": "5000"
                }
            }, 
            {
                "model:lstm:1:num_predictions": {
                    "count": "1949"
                }
            }
        ]
    }
}