{
    "client_metrics": {
        "thrus": [
            3.205343538463353, 
            257.60846604462813, 
            312.330170469807, 
            305.8534228056546, 
            261.1620667321313, 
            295.6183448920106, 
            299.0466393138674, 
            303.5896439500656, 
            267.2839143194684, 
            266.4236882629708, 
            197.7410067390135, 
            195.5492979780203, 
            191.78544578609018, 
            193.93149563848064, 
            201.7349203147065, 
            190.24716912212347, 
            195.63346114719462, 
            192.53132484655254, 
            192.4253678210906, 
            188.87952885890323, 
            198.54506178722323, 
            187.23225787124412, 
            202.58416359076378, 
            194.19210259557164, 
            188.38848720277005, 
            196.7365343679052, 
            192.48463010228633, 
            199.8185647432132, 
            188.83244896803066, 
            196.56019656019654, 
            194.33701925879862, 
            193.95030217457077, 
            194.73741606817367, 
            194.98194467192337, 
            191.75749580051087, 
            194.14761431411532, 
            193.78718291572196, 
            191.236766415764, 
            193.80145428611297, 
            196.50071526260353, 
            189.7050844756741, 
            195.33310153805283, 
            202.1002255438517
        ], 
        "p99_lats": [
            0.85717922, 
            0.7802083799999999, 
            0.70746571, 
            0.61731585, 
            0.53158982, 
            0.44650039999999996, 
            0.36002039, 
            0.27718283, 
            0.19088813999999998, 
            0.10094958, 
            0.038991319999999996, 
            0.04028018, 
            0.03878268, 
            0.03906617, 
            0.03902964, 
            0.03788676999999999, 
            0.03969283, 
            0.03758299999999999, 
            0.03891735, 
            0.04049842, 
            0.03925672999999999, 
            0.03868362, 
            0.03811958, 
            0.037337459999999996, 
            0.03953445, 
            0.03861867, 
            0.03895431, 
            0.038019979999999995, 
            0.037913169999999996, 
            0.03879697, 
            0.03808951, 
            0.03865459, 
            0.03863629, 
            0.03910028, 
            0.03990207, 
            0.03858952, 
            0.03870857, 
            0.038178100000000006, 
            0.03944602, 
            0.03822612, 
            0.04086661, 
            0.038749950000000005, 
            0.03788127
        ], 
        "mean_lats": [
            0.8058992199999999, 
            0.7442396600000001, 
            0.6609880000000001, 
            0.5688006, 
            0.48185336, 
            0.39769278, 
            0.31397754, 
            0.2302914, 
            0.13972431999999999, 
            0.05658146, 
            0.029347079999999998, 
            0.029486860000000004, 
            0.029474140000000003, 
            0.02906658, 
            0.029992560000000005, 
            0.028195960000000003, 
            0.028929780000000002, 
            0.02813094, 
            0.02927742, 
            0.03008316, 
            0.029028400000000003, 
            0.028685659999999998, 
            0.028242120000000002, 
            0.02827422, 
            0.029996960000000007, 
            0.028776340000000004, 
            0.02926006, 
            0.028468080000000003, 
            0.027933900000000005, 
            0.029239499999999995, 
            0.02881182, 
            0.028867239999999995, 
            0.029000539999999998, 
            0.029276440000000008, 
            0.03011272, 
            0.02892086, 
            0.029278320000000004, 
            0.029512340000000005, 
            0.0289899, 
            0.029095939999999997, 
            0.030303020000000003, 
            0.0294872, 
            0.02850374
        ]
    }, 
    "node_configs": [
        {
            "model_image": "model-comp/theano-lstm", 
            "name": "lstm", 
            "cpus_per_replica": 2, 
            "input_type": "strings", 
            "batch_size": 8, 
            "num_replicas": 1, 
            "slo": 500000, 
            "allocated_cpus": [
                9, 
                10, 
                11, 
                12, 
                13, 
                14, 
                15
            ], 
            "gpus": [
                0
            ]
        }
    ], 
    "clipper_metrics": {
        "histograms": [
            {
                "internal:rpc_request_queueing_delay": {
                    "p99": "0", 
                    "min": "0", 
                    "max": "0", 
                    "p95": "0", 
                    "std_dev": "0", 
                    "size": "0", 
                    "p50": "0", 
                    "unit": "microseconds", 
                    "mean": "0"
                }
            }, 
            {
                "app:lstm:prediction_latency": {
                    "p99": "768527.819999999976062", 
                    "min": "36", 
                    "max": "857883", 
                    "p95": "444623.749999999503416", 
                    "std_dev": "152114.815237537690933", 
                    "size": "4096", 
                    "p50": "57", 
                    "unit": "microseconds", 
                    "mean": "54061.22265625"
                }
            }, 
            {
                "model:lstm:1:prediction_latency": {
                    "p99": "29444.9600000000045839", 
                    "min": "14642", 
                    "max": "833136", 
                    "p95": "27722.8999999999930424", 
                    "std_dev": "35165.6186284958079007", 
                    "size": "540", 
                    "p50": "18515.5", 
                    "unit": "microseconds", 
                    "mean": "20803.101851851851853"
                }
            }, 
            {
                "model:lstm:1:batch_size": {
                    "p99": "8", 
                    "min": "1", 
                    "max": "8", 
                    "p95": "8", 
                    "std_dev": "1.48726994163356038053", 
                    "size": "540", 
                    "p50": "4", 
                    "unit": "queries", 
                    "mean": "4.03148148148148148182"
                }
            }
        ], 
        "meters": [
            {
                "internal:aggregate_model_throughput": {
                    "rate": "8.480469379683738", 
                    "rate_1min": "2.5737310639308117", 
                    "rate_15min": "2.0274641394761561", 
                    "unit": "events per second", 
                    "rate_5min": "4.273380969536495"
                }
            }, 
            {
                "app:lstm:prediction_throughput": {
                    "rate": "0", 
                    "rate_1min": "0", 
                    "rate_15min": "0", 
                    "unit": "events per second", 
                    "rate_5min": "0"
                }
            }, 
            {
                "model:lstm:1:prediction_throughput": {
                    "rate": "13.081761308632821", 
                    "rate_1min": "14.861763816552614", 
                    "rate_15min": "162.1980569094018", 
                    "unit": "events per second", 
                    "rate_5min": "115.27471202044005"
                }
            }
        ], 
        "ratio_counters": [
            {
                "app:lstm:default_prediction_ratio": {
                    "ratio": "0.56459999999999999"
                }
            }, 
            {
                "model:lstm:1:cache_hit_ratio": {
                    "ratio": "0"
                }
            }
        ],