{
    "client_metrics": {
        "thrus": [
            3.1630254971485323, 
            323.10386496843273, 
            639.1655055159982, 
            320.75750091415887, 
            634.0189191245466, 
            374.2683054628202, 
            221.77079544748912, 
            192.7057037034182, 
            192.7837198004303, 
            197.47001417834701, 
            196.2631496310253, 
            194.402755853467, 
            190.28699083958423, 
            197.76212380699997, 
            190.99934678223403, 
            199.30720814448975, 
            183.8891075126056, 
            193.18370611349155, 
            194.54193156793013, 
            201.5072744126063, 
            190.08804878419684, 
            195.75830896142386, 
            196.28164060046478, 
            194.80721877629898, 
            187.89575543488473, 
            198.3764868317688, 
            198.15870927343127, 
            187.2252469501007, 
            195.39722301466654, 
            193.90742859358943, 
            199.6223145808131, 
            195.28427531958272, 
            189.7878930507265, 
            164.91254687639145, 
            238.54734210551425, 
            193.96384513926603, 
            187.78849006786675, 
            199.77784703409807, 
            188.57606215467007, 
            187.9423693518619, 
            197.18420948850414, 
            203.6386147686869
        ], 
        "p99_lats": [
            0.9191178799999999, 
            0.74852842, 
            0.64258728, 
            0.48133643000000004, 
            0.39670532999999997, 
            0.21242399, 
            0.05687858999999999, 
            0.03783048, 
            0.03787853, 
            0.038659490000000005, 
            0.03837098, 
            0.03671744, 
            0.03855375999999999, 
            0.038421330000000004, 
            0.03878429, 
            0.03847257, 
            0.03810397, 
            0.03888331, 
            0.03934405, 
            0.038180479999999996, 
            0.037873279999999995, 
            0.03929932999999999, 
            0.037492069999999995, 
            0.03876857, 
            0.03918641999999999, 
            0.038644620000000005, 
            0.040005149999999996, 
            0.03790705999999999, 
            0.03887818, 
            0.038910379999999994, 
            0.03814139, 
            0.03846778, 
            0.038032319999999994, 
            0.08881712, 
            0.09116909000000001, 
            0.039278669999999995, 
            0.038440699999999994, 
            0.03778235, 
            0.03855849, 
            0.037973900000000005, 
            0.037227579999999996, 
            0.037721239999999996
        ], 
        "mean_lats": [
            0.82637874, 
            0.6814976399999999, 
            0.5518107400000001, 
            0.40750238000000005, 
            0.27844396000000005, 
            0.12738116, 
            0.03330384, 
            0.02764252, 
            0.029389580000000005, 
            0.029329620000000004, 
            0.02904332, 
            0.027612440000000005, 
            0.028585939999999997, 
            0.028955680000000008, 
            0.02925972, 
            0.02872434, 
            0.02927492, 
            0.02909262, 
            0.02909666, 
            0.028895399999999998, 
            0.02859946, 
            0.028979039999999998, 
            0.0273836, 
            0.029065800000000003, 
            0.02878834, 
            0.028689999999999993, 
            0.028607, 
            0.029040379999999998, 
            0.029292880000000007, 
            0.029790219999999996, 
            0.028334880000000003, 
            0.02911378, 
            0.0281232, 
            0.05144426, 
            0.059859499999999996, 
            0.029565339999999996, 
            0.028990059999999995, 
            0.02867616, 
            0.028302499999999998, 
            0.02834984, 
            0.028650520000000002, 
            0.02792604
        ]
    }, 
    "node_configs": [
        {
            "model_image": "model-comp/theano-lstm", 
            "name": "lstm", 
            "cpus_per_replica": 2, 
            "input_type": "strings", 
            "batch_size": 32, 
            "num_replicas": 1, 
            "slo": 500000, 
            "allocated_cpus": [
                9, 
                10, 
                11, 
                12, 
                13, 
                14, 
                15
            ], 
            "gpus": [
                0
            ]
        }
    ], 
    "clipper_metrics": {
        "histograms": [
            {
                "internal:rpc_request_queueing_delay": {
                    "p99": "0", 
                    "min": "0", 
                    "max": "0", 
                    "p95": "0", 
                    "std_dev": "0", 
                    "size": "0", 
                    "p50": "0", 
                    "unit": "microseconds", 
                    "mean": "0"
                }
            }, 
            {
                "app:lstm:prediction_latency": {
                    "p99": "745214.179999998852509", 
                    "min": "38", 
                    "max": "914461", 
                    "p95": "211993.549999998786006", 
                    "std_dev": "126594.065822054748935", 
                    "size": "4096", 
                    "p50": "59", 
                    "unit": "microseconds", 
                    "mean": "39674.775390625"
                }
            }, 
            {
                "model:lstm:1:prediction_latency": {
                    "p99": "78553.5", 
                    "min": "14187", 
                    "max": "842556", 
                    "p95": "21956", 
                    "std_dev": "36910.9655046134786929", 
                    "size": "524", 
                    "p50": "17962.5", 
                    "unit": "microseconds", 
                    "mean": "20985.5076335877862537"
                }
            }, 
            {
                "model:lstm:1:batch_size": {
                    "p99": "32", 
                    "min": "1", 
                    "max": "32", 
                    "p95": "4", 
                    "std_dev": "3.75274116545229531714", 
                    "size": "524", 
                    "p50": "3", 
                    "unit": "queries", 
                    "mean": "4.06870229007633586391"
                }
            }
        ], 
        "meters": [
            {
                "internal:aggregate_model_throughput": {
                    "rate": "8.307018164814794", 
                    "rate_1min": "2.5213042084364372", 
                    "rate_15min": "1.9855993771428873", 
                    "unit": "events per second", 
                    "rate_5min": "4.1853239534836328"
                }
            }, 
            {
                "app:lstm:prediction_throughput": {
                    "rate": "0", 
                    "rate_1min": "0", 
                    "rate_15min": "0", 
                    "unit": "events per second", 
                    "rate_5min": "0"
                }
            }, 
            {
                "model:lstm:1:prediction_throughput": {
                    "rate": "12.829940777847895", 
                    "rate_1min": "14.815279488938019", 
                    "rate_15min": "162.32233793143777", 
                    "unit": "events per second", 
                    "rate_5min": "115.29981062017947"
                }
            }
        ], 
        "ratio_counters": [
            {
                "app:lstm:default_prediction_ratio": {
                    "ratio": "0.5736"
                }
            }, 
            {
                "model:lstm:1:cache_hit_ratio": {
                    "ratio": "0"
                }
            }
        ],