{
    "client_metrics": {
        "thrus": [
            3.244747192336478, 
            385.30003313580283, 
            372.49774638863437, 
            378.59284610957997, 
            351.71390184368425, 
            369.7049015475847, 
            351.8822179839964, 
            200.51090177772966, 
            186.30647414997674, 
            189.02734091458987, 
            209.95964575608568, 
            182.9303986419247, 
            198.96775528557842, 
            193.3368391746837, 
            200.898417724062, 
            189.20043894501836, 
            194.56767063584715, 
            191.8789167283877, 
            191.51951583866395, 
            201.5641377086189, 
            187.13695430864126, 
            190.6512264593398, 
            199.66137430917166, 
            195.89406049208586, 
            196.18229258627116, 
            188.58530845013053, 
            191.67736865308314, 
            183.20252672924866, 
            216.9329156651597, 
            191.97247882543556, 
            193.975884917987, 
            189.8080660835763, 
            188.12834868460658, 
            199.32627718312105, 
            194.09259769650907, 
            189.00447562598282, 
            192.6515011404969, 
            196.80622852352033, 
            192.52391146980455, 
            194.80721877629898, 
            194.21925800474673, 
            188.52273584194253, 
            199.17303356463964, 
            192.891560222674
        ], 
        "p99_lats": [
            0.88106067, 
            0.7587525900000001, 
            0.63068331, 
            0.50587828, 
            0.38587091, 
            0.27164387, 
            0.16121316999999996, 
            0.03883697999999999, 
            0.03800463, 
            0.039304099999999995, 
            0.03961568, 
            0.03844338, 
            0.040813989999999994, 
            0.03905764, 
            0.03926913, 
            0.03893112, 
            0.038415859999999996, 
            0.03896822, 
            0.03872915, 
            0.037483779999999994, 
            0.03810887, 
            0.03888967, 
            0.03823224, 
            0.039787369999999996, 
            0.038458030000000004, 
            0.03969997, 
            0.03856721, 
            0.05515866999999999, 
            0.07103570999999999, 
            0.03858465, 
            0.03926784, 
            0.03923828, 
            0.03853172, 
            0.03952465, 
            0.03886103, 
            0.03855429, 
            0.03832108, 
            0.03812648, 
            0.039773209999999996, 
            0.039394189999999996, 
            0.03808761, 
            0.039873210000000006, 
            0.037637870000000004, 
            0.03897702
        ], 
        "mean_lats": [
            0.8055074400000001, 
            0.6841351800000001, 
            0.56225486, 
            0.44258856, 
            0.32729709999999995, 
            0.21183819999999998, 
            0.09419636, 
            0.028951999999999995, 
            0.0288515, 
            0.028482000000000004, 
            0.029629620000000002, 
            0.02910534, 
            0.02957034, 
            0.029402480000000005, 
            0.029841540000000003, 
            0.029648340000000002, 
            0.0289231, 
            0.0285097, 
            0.029316059999999998, 
            0.028363, 
            0.02903228, 
            0.029556520000000003, 
            0.029128859999999993, 
            0.02930502, 
            0.02913192, 
            0.030239939999999996, 
            0.02906664, 
            0.030666259999999997, 
            0.03935412, 
            0.02933272, 
            0.029019359999999998, 
            0.029819660000000005, 
            0.029668819999999995, 
            0.028952179999999998, 
            0.02926482, 
            0.029386699999999998, 
            0.0276127, 
            0.029150860000000004, 
            0.029645400000000002, 
            0.029117999999999998, 
            0.029054559999999997, 
            0.02991424, 
            0.029281499999999995, 
            0.02916716
        ]
    }, 
    "node_configs": [
        {
            "model_image": "model-comp/theano-lstm", 
            "name": "lstm", 
            "cpus_per_replica": 2, 
            "input_type": "strings", 
            "batch_size": 16, 
            "num_replicas": 1, 
            "slo": 500000, 
            "allocated_cpus": [
                9, 
                10, 
                11, 
                12, 
                13, 
                14, 
                15
            ], 
            "gpus": [
                0
            ]
        }
    ], 
    "clipper_metrics": {
        "histograms": [
            {
                "internal:rpc_request_queueing_delay": {
                    "p99": "0", 
                    "min": "0", 
                    "max": "0", 
                    "p95": "0", 
                    "std_dev": "0", 
                    "size": "0", 
                    "p50": "0", 
                    "unit": "microseconds", 
                    "mean": "0"
                }
            }, 
            {
                "app:lstm:prediction_latency": {
                    "p99": "733172.149999999896863", 
                    "min": "35", 
                    "max": "876698", 
                    "p95": "251910.499999999887223", 
                    "std_dev": "125859.106280425915926", 
                    "size": "4096", 
                    "p50": "58", 
                    "unit": "microseconds", 
                    "mean": "40532.353515625"
                }
            }, 
            {
                "model:lstm:1:prediction_latency": {
                    "p99": "45797.4399999999932334", 
                    "min": "14787", 
                    "max": "841234", 
                    "p95": "26630.099999999618376", 
                    "std_dev": "35592.1270822997058758", 
                    "size": "545", 
                    "p50": "18459", 
                    "unit": "microseconds", 
                    "mean": "20944.6605504587155835"
                }
            }, 
            {
                "model:lstm:1:batch_size": {
                    "p99": "16", 
                    "min": "1", 
                    "max": "16", 
                    "p95": "5", 
                    "std_dev": "2.46372623766530200956", 
                    "size": "545", 
                    "p50": "4", 
                    "unit": "queries", 
                    "mean": "4.05871559633027521744"
                }
            }
        ], 
        "meters": [
            {
                "internal:aggregate_model_throughput": {
                    "rate": "8.6173911669465415", 
                    "rate_1min": "2.6118309257879551", 
                    "rate_15min": "2.0598874733621844", 
                    "unit": "events per second", 
                    "rate_5min": "4.3409940002437484"
                }
            }, 
            {
                "app:lstm:prediction_throughput": {
                    "rate": "0", 
                    "rate_1min": "0", 
                    "rate_15min": "0", 
                    "unit": "events per second", 
                    "rate_5min": "0"
                }
            }, 
            {
                "model:lstm:1:prediction_throughput": {
                    "rate": "13.278036195254362", 
                    "rate_1min": "14.907600943192655", 
                    "rate_15min": "162.23087917505981", 
                    "unit": "events per second", 
                    "rate_5min": "115.34485437059708"
                }
            }
        ],