{
    "client_metrics": {
        "thrus": [
            4.456057127365342, 
            322.23969477456114, 
            613.4969325153374, 
            313.5602255125142, 
            635.114193531997, 
            357.54126026143416, 
            226.62170492041045, 
            186.09290502190314, 
            190.19434057720179, 
            196.34253132645085, 
            192.97047165842685, 
            204.83576268547878, 
            190.15383445207175, 
            183.93375441900847, 
            197.5808204345988, 
            201.40905776814594, 
            192.90495572831264, 
            194.38537288946083, 
            186.59013983065077, 
            191.07087583068062, 
            204.80387980469902, 
            182.5397115142399, 
            199.52751883539779, 
            196.20923753090295, 
            199.19048984925263, 
            188.02505997999413, 
            190.01003252971756, 
            196.46597012931392, 
            199.44474582761595, 
            196.0107884337954, 
            179.47843566595472, 
            194.26755304475535, 
            196.89768015153243, 
            194.63962473480353, 
            196.99853039096328, 
            197.75664857852522, 
            187.03615034713908, 
            190.26309580888451, 
            201.06160527585652, 
            186.73299422621582, 
            199.2611396940146, 
            191.8487311124924, 
            201.9622653703382, 
            181.60289983510455, 
            208.39932645337691, 
            180.7945559143323, 
            192.550602298284, 
            195.66714670339994, 
            197.82393669634027, 
            193.08970561543484, 
            197.5363269305225, 
            189.53896542051118, 
            201.77318272982976, 
            189.45565600915452, 
            189.9999240000304, 
            180.78997989615425, 
            217.06099413935317, 
            186.43985636673466, 
            193.2531461612195, 
            202.2072948303683
        ], 
        "p99_lats": [
            0.90945234, 
            0.7337954499999999, 
            0.62898444, 
            0.47780884, 
            0.35215047, 
            0.20551274999999997, 
            0.059963239999999994, 
            0.041253040000000005, 
            0.039868600000000004, 
            0.04025334, 
            0.0418983, 
            0.045283779999999996, 
            0.04193578, 
            0.04428069, 
            0.040480119999999994, 
            0.04113894, 
            0.04181833, 
            0.04021397, 
            0.04138921, 
            0.04085704, 
            0.039919899999999994, 
            0.03980146, 
            0.042265319999999995, 
            0.04189027, 
            0.04013691, 
            0.04011231, 
            0.04167764, 
            0.04039374, 
            0.040115109999999995, 
            0.03888984, 
            0.04098966, 
            0.04039782, 
            0.039327589999999996, 
            0.04164435, 
            0.039942469999999994, 
            0.039538050000000005, 
            0.04023448, 
            0.03935215, 
            0.04320551, 
            0.04394787, 
            0.04077077999999999, 
            0.04286078, 
            0.04437173, 
            0.03982202, 
            0.04207543, 
            0.04093618, 
            0.04142969, 
            0.03995206, 
            0.04084544, 
            0.04243653, 
            0.04343021, 
            0.04168238999999999, 
            0.03959717, 
            0.04170426, 
            0.04113364, 
            0.06140498999999999, 
            0.04554573999999999, 
            0.042269039999999994, 
            0.04079981, 
            0.04086933
        ], 
        "mean_lats": [
            0.8144516, 
            0.6670104399999999, 
            0.53919982, 
            0.4041156, 
            0.26723020000000003, 
            0.12439472, 
            0.03403064, 
            0.0311012, 
            0.03124812, 
            0.030684699999999995, 
            0.03139296, 
            0.032614960000000005, 
            0.03171632, 
            0.03399808, 
            0.030923319999999997, 
            0.031506059999999995, 
            0.031707259999999994, 
            0.03075704, 
            0.03273564, 
            0.031778680000000004, 
            0.030301960000000003, 
            0.030932079999999997, 
            0.03323594, 
            0.03212168, 
            0.0304062, 
            0.030317220000000002, 
            0.031801659999999995, 
            0.03076782, 
            0.03019784, 
            0.030044659999999997, 
            0.031338500000000005, 
            0.030929920000000003, 
            0.030029960000000005, 
            0.03156956, 
            0.03066654, 
            0.03052408, 
            0.030650860000000005, 
            0.029922519999999998, 
            0.03299652, 
            0.03281424, 
            0.029836299999999996, 
            0.03267218, 
            0.032312560000000004, 
            0.031007800000000002, 
            0.0318771, 
            0.03094954, 
            0.03141154, 
            0.03128914, 
            0.03093312, 
            0.03194914, 
            0.03314106, 
            0.032409440000000005, 
            0.03123340000000001, 
            0.03246636, 
            0.03208818, 
            0.03569882, 
            0.030886200000000003, 
            0.030946039999999998, 
            0.03103566, 
            0.03212446
        ]
    }, 
    "node_configs": [
        {
            "model_image": "model-comp/theano-lstm", 
            "name": "lstm", 
            "cpus_per_replica": 1, 
            "input_type": "strings", 
            "batch_size": 32, 
            "num_replicas": 1, 
            "slo": 500000, 
            "allocated_cpus": [
                9, 
                10, 
                11, 
                12, 
                13, 
                14, 
                15
            ], 
            "gpus": [
                0
            ]
        }
    ], 
    "clipper_metrics": {
        "histograms": [
            {
                "internal:rpc_request_queueing_delay": {
                    "p99": "0", 
                    "min": "0", 
                    "max": "0", 
                    "p95": "0", 
                    "std_dev": "0", 
                    "size": "0", 
                    "p50": "0", 
                    "unit": "microseconds", 
                    "mean": "0"
                }
            }, 
            {
                "app:lstm:prediction_latency": {
                    "p99": "730546.979999999957727", 
                    "min": "34", 
                    "max": "910557", 
                    "p95": "149006.649999999450301", 
                    "std_dev": "120420.433181169245394", 
                    "size": "4096", 
                    "p50": "23167.5", 
                    "unit": "microseconds", 
                    "mean": "43051.56689453125"
                }
            }, 
            {
                "model:lstm:1:prediction_latency": {
                    "p99": "76327.1800000000018827", 
                    "min": "15846", 
                    "max": "834038", 
                    "p95": "22223.1499999999999773", 
                    "std_dev": "31110.4361405590068053", 
                    "size": "716", 
                    "p50": "19915.5", 
                    "unit": "microseconds", 
                    "mean": "21788.3589385474860389"
                }
            }, 
            {
                "model:lstm:1:batch_size": {
                    "p99": "32", 
                    "min": "1", 
                    "max": "32", 
                    "p95": "4", 
                    "std_dev": "3.1282132133703713134", 
                    "size": "716", 
                    "p50": "4", 
                    "unit": "queries", 
                    "mean": "4.21927374301675976037"
                }
            }
        ],