{
    "client_metrics": {
        "thrus": [
            3.044501107345943, 
            79.52134511945695, 
            77.95885020051016, 
            76.16123027804942, 
            78.02369111356973, 
            77.05478132623607, 
            77.679073568297, 
            77.07556796986037, 
            77.26398941792401, 
            77.12847598759157, 
            76.45528818291774, 
            77.51649551024458, 
            77.75832091792142, 
            76.843514330547, 
            77.86088129174315, 
            76.62659095959481, 
            77.08531185633765, 
            77.0413650497225, 
            75.74231253398936, 
            77.79388975672295, 
            77.05181272094607, 
            78.07254500882219, 
            77.63830487630665, 
            77.49847328007638, 
            78.37936553471187, 
            76.9737611842875, 
            78.24211867138624, 
            75.7588384048825, 
            78.59274966165822, 
            77.21781136924167, 
            77.67110945412745, 
            78.05487257542052, 
            78.43838586352035, 
            77.7366809857633, 
            75.9334883388942, 
            77.2680490435761, 
            77.57795420728519, 
            78.73507379838468, 
            76.80467955551596, 
            76.96842908975596, 
            77.95447458684129
        ], 
        "p99_lats": [
            1.17113169, 
            1.54324533, 
            1.92676106, 
            2.32424918, 
            2.7072986099999996, 
            3.0969665, 
            3.48254892, 
            3.8721314, 
            4.26207959, 
            4.65119272, 
            5.04596352, 
            5.4340649800000005, 
            5.820289219999999, 
            6.210266450000001, 
            6.59412282, 
            6.9886137999999995, 
            7.37860672, 
            7.76988167, 
            8.17137863, 
            8.557576300000001, 
            8.94713329, 
            9.3295669, 
            9.71408603, 
            10.10102933, 
            10.4819424, 
            10.87208326, 
            11.253050510000001, 
            11.65566209, 
            12.033667869999999, 
            12.421633320000002, 
            12.80592788, 
            13.18974354, 
            13.56896049, 
            13.953248760000001, 
            14.35382122, 
            14.742542920000002, 
            15.129785, 
            15.50488696, 
            15.89783035, 
            16.28800016, 
            16.67239552
        ], 
        "mean_lats": [
            0.9990675599999999, 
            1.36746, 
            1.7402651000000002, 
            2.13629098, 
            2.5258176000000003, 
            2.91117648, 
            3.29587288, 
            3.68306184, 
            4.07586328, 
            4.46580442, 
            4.858853659999999, 
            5.24891056, 
            5.6373847999999995, 
            6.0209969999999995, 
            6.414711040000001, 
            6.79931262, 
            7.18989242, 
            7.5827605799999995, 
            7.977542, 
            8.37391088, 
            8.764712359999999, 
            9.1468258, 
            9.528265659999999, 
            9.91451916, 
            10.3008502, 
            10.68033448, 
            11.067521000000001, 
            11.461944460000002, 
            11.852178119999998, 
            12.235297599999999, 
            12.62066334, 
            13.001933320000001, 
            13.389414960000002, 
            13.768427140000002, 
            14.164508960000001, 
            14.55815764, 
            14.946063020000002, 
            15.327935440000001, 
            15.70725144, 
            16.099790879999997, 
            16.489940460000003
        ]
    }, 
    "node_configs": [
        {
            "model_image": "model-comp/theano-lstm", 
            "name": "lstm", 
            "cpus_per_replica": 3, 
            "input_type": "strings", 
            "batch_size": 1, 
            "num_replicas": 1, 
            "slo": 500000, 
            "allocated_cpus": [
                9, 
                10, 
                11, 
                12, 
                13, 
                14, 
                15
            ], 
            "gpus": [
                0
            ]
        }
    ], 
    "clipper_metrics": {
        "histograms": [
            {
                "internal:rpc_request_queueing_delay": {
                    "p99": "0", 
                    "min": "0", 
                    "max": "0", 
                    "p95": "0", 
                    "std_dev": "0", 
                    "size": "0", 
                    "p50": "0", 
                    "unit": "microseconds", 
                    "mean": "0"
                }
            }, 
            {
                "app:lstm:prediction_latency": {
                    "p99": "16629254.0399999980727", 
                    "min": "37", 
                    "max": "17017386", 
                    "p95": "15058715.499999997377", 
                    "std_dev": "5337909.41735520302291", 
                    "size": "4096", 
                    "p50": "58", 
                    "unit": "microseconds", 
                    "mean": "3731564.288330078125"
                }
            }, 
            {
                "model:lstm:1:prediction_latency": {
                    "p99": "15089.6799999999993815", 
                    "min": "9524", 
                    "max": "823194", 
                    "p95": "14471.1999999999998181", 
                    "std_dev": "17725.4519280957852487", 
                    "size": "2095", 
                    "p50": "12908", 
                    "unit": "microseconds", 
                    "mean": "13275.1279236276849565"
                }
            }, 
            {
                "model:lstm:1:batch_size": {
                    "p99": "1", 
                    "min": "1", 
                    "max": "1", 
                    "p95": "1", 
                    "std_dev": "1.64798730217796673969e-17", 
                    "size": "2095", 
                    "p50": "1", 
                    "unit": "queries", 
                    "mean": "1.00000000000000001648"
                }
            }
        ], 
        "meters": [
            {
                "internal:aggregate_model_throughput": {
                    "rate": "8.1609440380616771", 
                    "rate_1min": "2.8946336893506777", 
                    "rate_15min": "1.9705983751536094", 
                    "unit": "events per second", 
                    "rate_5min": "4.2377841036998438"
                }
            }, 
            {
                "app:lstm:prediction_throughput": {
                    "rate": "0", 
                    "rate_1min": "0", 
                    "rate_15min": "0", 
                    "unit": "events per second", 
                    "rate_5min": "0"
                }
            }, 
            {
                "model:lstm:1:prediction_throughput": {
                    "rate": "12.620745290733055", 
                    "rate_1min": "7.043697811018192", 
                    "rate_15min": "56.414037012312214", 
                    "unit": "events per second", 
                    "rate_5min": "41.960965060751029"
                }
            }
        ], 
        "ratio_counters": [
            {
                "app:lstm:default_prediction_ratio": {
                    "ratio": "0.58099999999999996"
                }
            }, 
            {
                "model:lstm:1:cache_hit_ratio": {
                    "ratio": "0"
                }
            }
        ],