{
    "client_metrics": {
        "thrus": [
            2.9855296750603237, 
            316.71227323401234, 
            616.5760299902581, 
            252.09872185948015, 
            629.7308530334135, 
            377.1535467519537, 
            302.98990437638616, 
            193.0725566667954, 
            194.2841600124342, 
            186.08043885210697, 
            197.39361471135132, 
            193.8232409571767, 
            189.45565600915452, 
            198.898895713331, 
            190.4384655230202, 
            196.19306967600676, 
            191.8008953265794, 
            189.37313704176435, 
            196.04691010464984, 
            196.29319922581965, 
            187.77297496235153, 
            202.20075299560415, 
            195.99695812720987, 
            184.50184501845018, 
            205.8875606853585, 
            189.93713080970198, 
            186.18229480849288, 
            190.7341356882641, 
            206.9699189919737, 
            188.12339389652462, 
            194.78293389846357, 
            199.6860934610792, 
            191.01466992665038, 
            190.32682923115576, 
            191.02780600744245, 
            195.84341926942574, 
            189.43412238959777, 
            198.55531155313935, 
            194.9135363552728
        ], 
        "p99_lats": [
            0.93276397, 
            0.7567433699999999, 
            0.65470925, 
            0.5561629899999999, 
            0.42286776000000004, 
            0.27621995, 
            0.10952361999999999, 
            0.04186755, 
            0.04091407999999999, 
            0.040335979999999994, 
            0.039780140000000005, 
            0.038639, 
            0.03947004, 
            0.04019401, 
            0.04171975, 
            0.04094118, 
            0.04371518, 
            0.0399533, 
            0.03770693, 
            0.0421089, 
            0.0395478, 
            0.03982558, 
            0.03795525, 
            0.039754059999999994, 
            0.039127369999999995, 
            0.03929677, 
            0.04086445, 
            0.04058507, 
            0.039262290000000005, 
            0.03914458, 
            0.040159639999999996, 
            0.039163420000000004, 
            0.03919994, 
            0.03936214, 
            0.0395967, 
            0.03840801, 
            0.03962992, 
            0.03938567, 
            0.03844731
        ], 
        "mean_lats": [
            0.8382645400000002, 
            0.6894123000000001, 
            0.56282536, 
            0.46011475999999996, 
            0.33056975999999993, 
            0.18957476, 
            0.05029186000000001, 
            0.03162562, 
            0.031243720000000003, 
            0.030944959999999994, 
            0.030140419999999998, 
            0.029075859999999995, 
            0.029763119999999997, 
            0.030831079999999997, 
            0.031544079999999995, 
            0.03153866, 
            0.0321128, 
            0.03057446, 
            0.0286809, 
            0.03133624, 
            0.029816440000000003, 
            0.029753679999999994, 
            0.028630580000000003, 
            0.03036728, 
            0.02973574, 
            0.02995676, 
            0.030598959999999998, 
            0.030707079999999998, 
            0.02957748, 
            0.029894220000000003, 
            0.03090884, 
            0.02971934, 
            0.029757799999999997, 
            0.029769460000000005, 
            0.02963536, 
            0.029130060000000003, 
            0.030063339999999997, 
            0.03026992, 
            0.029155760000000003
        ]
    }, 
    "node_configs": [
        {
            "model_image": "model-comp/theano-lstm", 
            "name": "lstm", 
            "cpus_per_replica": 5, 
            "input_type": "strings", 
            "batch_size": 32, 
            "num_replicas": 1, 
            "slo": 500000, 
            "allocated_cpus": [
                9, 
                10, 
                11, 
                12, 
                13, 
                14, 
                15
            ], 
            "gpus": [
                0
            ]
        }
    ], 
    "clipper_metrics": {
        "histograms": [
            {
                "internal:rpc_request_queueing_delay": {
                    "p99": "0", 
                    "min": "0", 
                    "max": "0", 
                    "p95": "0", 
                    "std_dev": "0", 
                    "size": "0", 
                    "p50": "0", 
                    "unit": "microseconds", 
                    "mean": "0"
                }
            }, 
            {
                "app:lstm:prediction_latency": {
                    "p99": "758668.129999998861422", 
                    "min": "38", 
                    "max": "928152", 
                    "p95": "243874.999999999919964", 
                    "std_dev": "128566.865200367041496", 
                    "size": "4096", 
                    "p50": "57", 
                    "unit": "microseconds", 
                    "mean": "39305.067138671875"
                }
            }, 
            {
                "model:lstm:1:prediction_latency": {
                    "p99": "78442.5499999999797183", 
                    "min": "15607", 
                    "max": "862976", 
                    "p95": "21524", 
                    "std_dev": "40595.9351604672186866", 
                    "size": "454", 
                    "p50": "19189", 
                    "unit": "microseconds", 
                    "mean": "22280.0022026431718007"
                }
            }, 
            {
                "model:lstm:1:batch_size": {
                    "p99": "32", 
                    "min": "1", 
                    "max": "32", 
                    "p95": "4", 
                    "std_dev": "4.07388486237374799256", 
                    "size": "454", 
                    "p50": "4", 
                    "unit": "queries", 
                    "mean": "4.30837004405286342268"
                }
            }
        ], 
        "meters": [
            {
                "internal:aggregate_model_throughput": {
                    "rate": "7.648122460423048", 
                    "rate_1min": "2.3298028708016183", 
                    "rate_15min": "1.8225555182078843", 
                    "unit": "events per second", 
                    "rate_5min": "3.8453266389425309"
                }
            }, 
            {
                "app:lstm:prediction_throughput": {
                    "rate": "0", 
                    "rate_1min": "0", 
                    "rate_15min": "0", 
                    "unit": "events per second", 
                    "rate_5min": "0"
                }
            }, 
            {
                "model:lstm:1:prediction_throughput": {
                    "rate": "11.906278885737377", 
                    "rate_1min": "15.797090822426133", 
                    "rate_15min": "162.3909876094576", 
                    "unit": "events per second", 
                    "rate_5min": "116.40974827592281"
                }
            }
        ], 
        "ratio_counters": [
            {
                "app:lstm:default_prediction_ratio": {
                    "ratio": "0.60880000000000001"
                }
            }, 
            {
                "model:lstm:1:cache_hit_ratio": {
                    "ratio": "0"
                }
            }
        ], 
        "counters": [
            {
                "internal:aggregate_num_predictions": {
                    "count": "5000"
                }
            }, 
            {
                "app:lstm:num_predictions": {
                    "count": "5000"
                }
            }, 
            {
                "model:lstm:1:num_predictions": {
                    "count": "1956"
                }
            }
        ]
    }
}