{
    "client_metrics": {
        "thrus": [
            4.178504020347644, 
            272.6876090750436, 
            657.0474913926779, 
            310.73077664050317, 
            599.2114377479237, 
            393.87756709704354, 
            271.04678267468967, 
            185.07619586983964, 
            196.5277477527052, 
            191.56574344749376, 
            194.65932671232076, 
            201.56007498034788, 
            187.86822171456055, 
            195.17069629097608, 
            198.15949461402494, 
            196.0031046891783, 
            187.32976407689512, 
            190.38553069966682, 
            195.22556361620215, 
            196.73576026567198, 
            189.18397384720745, 
            199.17938095048402, 
            191.65973497291847, 
            188.13259585355758, 
            207.77925531914894, 
            189.12958781097632, 
            193.8698357922491, 
            189.6201907579119, 
            192.92505247561428, 
            191.19215959191945, 
            198.71471323479736, 
            187.71587325424238, 
            204.57679199040942, 
            194.4458487755745, 
            189.633854952857, 
            191.34068591809088, 
            199.2833769763929, 
            196.53161014417557, 
            193.30768784674564, 
            195.42700801250732, 
            186.42803877703207, 
            194.05568621971761, 
            196.72337545836547, 
            194.56767063584715, 
            197.8944035462677, 
            195.1760292607903, 
            194.13630698385953, 
            185.349940688019, 
            195.09682655501928, 
            176.14937466971992, 
            217.41399102515044, 
            198.30803583822825, 
            190.82002999690872, 
            197.79419909172904, 
            183.51721758535388, 
            196.77757050540353, 
            191.62080542056935
        ], 
        "p99_lats": [
            0.91451247, 
            0.75137057, 
            0.67241196, 
            0.5129281800000001, 
            0.39277966999999997, 
            0.25693440999999995, 
            0.08730311999999998, 
            0.039978429999999995, 
            0.039708719999999996, 
            0.03760831, 
            0.03892325, 
            0.03734408, 
            0.037492979999999995, 
            0.03987519, 
            0.03799196, 
            0.03832157, 
            0.03920828999999999, 
            0.03887385, 
            0.038371390000000005, 
            0.03949916, 
            0.03785386, 
            0.03788492, 
            0.03993575, 
            0.03855725, 
            0.038856539999999995, 
            0.037694649999999996, 
            0.03924037, 
            0.03782636, 
            0.03920867, 
            0.039290309999999995, 
            0.038596450000000004, 
            0.03897959999999999, 
            0.04280552, 
            0.039505109999999996, 
            0.03929212, 
            0.039734069999999996, 
            0.03993864, 
            0.03995815, 
            0.04019223, 
            0.03819558000000001, 
            0.037845359999999995, 
            0.038642939999999994, 
            0.03909019, 
            0.03908325, 
            0.03800803, 
            0.03908481999999999, 
            0.03894598, 
            0.038300249999999994, 
            0.03911968, 
            0.06027627999999999, 
            0.07560759, 
            0.040217, 
            0.03828189, 
            0.038705630000000005, 
            0.03812679, 
            0.0384514, 
            0.040221169999999994
        ], 
        "mean_lats": [
            0.8234606999999999, 
            0.6871523, 
            0.58042016, 
            0.44010079999999996, 
            0.3100869, 
            0.17109222, 
            0.043726600000000004, 
            0.028930700000000004, 
            0.029191920000000003, 
            0.027712840000000002, 
            0.029183539999999997, 
            0.0282365, 
            0.02863708, 
            0.02983906, 
            0.02871894, 
            0.028621660000000004, 
            0.028989960000000002, 
            0.02981194, 
            0.028945699999999998, 
            0.0291875, 
            0.028574559999999995, 
            0.028691900000000003, 
            0.030047579999999997, 
            0.027927599999999993, 
            0.02984296, 
            0.02810848, 
            0.029378860000000003, 
            0.028264359999999992, 
            0.029393600000000002, 
            0.030111080000000002, 
            0.029373620000000003, 
            0.028209460000000002, 
            0.030120139999999997, 
            0.02965402, 
            0.029706800000000002, 
            0.02913068, 
            0.0291295, 
            0.028323, 
            0.029916779999999997, 
            0.02886498, 
            0.02853314, 
            0.0294687, 
            0.029270680000000004, 
            0.029660600000000002, 
            0.028782420000000003, 
            0.029336079999999997, 
            0.02917464, 
            0.029139300000000007, 
            0.029372099999999998, 
            0.031155319999999997, 
            0.04488647999999999, 
            0.029056520000000002, 
            0.029643740000000002, 
            0.0288103, 
            0.02912096, 
            0.028839839999999995, 
            0.029866459999999997
        ]
    }, 
    "node_configs": [
        {
            "model_image": "model-comp/theano-lstm", 
            "name": "lstm", 
            "cpus_per_replica": 1, 
            "input_type": "strings", 
            "batch_size": 32, 
            "num_replicas": 1, 
            "slo": 500000, 
            "allocated_cpus": [
                9, 
                10, 
                11, 
                12, 
                13, 
                14, 
                15
            ], 
            "gpus": [
                0
            ]
        }
    ], 
    "clipper_metrics": {
        "histograms": [
            {
                "internal:rpc_request_queueing_delay": {
                    "p99": "0", 
                    "min": "0", 
                    "max": "0", 
                    "p95": "0", 
                    "std_dev": "0", 
                    "size": "0", 
                    "p50": "0", 
                    "unit": "microseconds", 
                    "mean": "0"
                }
            }, 
            {
                "app:lstm:prediction_latency": {
                    "p99": "752862.799999999195279", 
                    "min": "37", 
                    "max": "914708", 
                    "p95": "269850.749999998564817", 
                    "std_dev": "129761.971015793730359", 
                    "size": "4096", 
                    "p50": "20984.5", 
                    "unit": "microseconds", 
                    "mean": "45448.042724609375"
                }
            }, 
            {
                "model:lstm:1:prediction_latency": {
                    "p99": "79476.4899999998710882", 
                    "min": "15017", 
                    "max": "844145", 
                    "p95": "20944.4500000000015234", 
                    "std_dev": "31381.9093140271635392", 
                    "size": "732", 
                    "p50": "18223", 
                    "unit": "microseconds", 
                    "mean": "20268.3005464480874309"
                }
            }, 
            {
                "model:lstm:1:batch_size": {
                    "p99": "32", 
                    "min": "1", 
                    "max": "32", 
                    "p95": "4", 
                    "std_dev": "3.24067529926005638819", 
                    "size": "732", 
                    "p50": "4", 
                    "unit": "queries", 
                    "mean": "3.9303278688524590132"
                }
            }
        ],