{
    "client_metrics": {
        "thrus": [
            3.1708315962460905, 
            326.1025527307828, 
            607.2382803011902, 
            330.1877447516658, 
            633.063648219192, 
            392.5417075564279, 
            193.1046202211434, 
            201.72189812237258, 
            190.90964628260735, 
            192.8253542201757, 
            192.5320662156282, 
            199.55140843384072, 
            195.96469500054872, 
            192.95632240685995, 
            191.91279482603105, 
            198.2482782137037, 
            194.60099012983778, 
            192.66115142010534, 
            181.15942028985506, 
            204.2583786786934, 
            188.70416847508162, 
            204.15912979212516, 
            185.213310169322, 
            203.81043998597787, 
            194.13630698385953, 
            192.01302616369495, 
            190.88195096624443, 
            192.46240246967756, 
            195.09454281544836, 
            191.3399536957312, 
            192.97642985885702, 
            194.37252660959888, 
            197.53242494755514, 
            193.09343405086852, 
            198.98992712988866, 
            190.9584970802446, 
            197.66283464317905, 
            187.68275608373654, 
            196.61198232065055, 
            197.39517329322263, 
            191.21116979169457, 
            187.78073219463096
        ], 
        "p99_lats": [
            0.90118748, 
            0.72803839, 
            0.621468, 
            0.54431493, 
            0.34220250999999996, 
            0.18678158, 
            0.044945929999999995, 
            0.039790080000000005, 
            0.03767285, 
            0.039924919999999996, 
            0.039425510000000004, 
            0.03964246, 
            0.039036879999999996, 
            0.04041992, 
            0.039462, 
            0.03794986, 
            0.04054112, 
            0.037872359999999994, 
            0.041012839999999995, 
            0.04043278, 
            0.03960466, 
            0.03999363, 
            0.03842914, 
            0.038591099999999996, 
            0.039236560000000004, 
            0.03842213, 
            0.039113499999999995, 
            0.039638740000000006, 
            0.038455409999999995, 
            0.039699860000000003, 
            0.039966, 
            0.04064532999999999, 
            0.0392405, 
            0.03915104, 
            0.04003972, 
            0.03924157, 
            0.03829944, 
            0.03895996, 
            0.03827764, 
            0.0390491, 
            0.03971228, 
            0.06082528999999999
        ], 
        "mean_lats": [
            0.8070230600000001, 
            0.6614845199999999, 
            0.5267497800000001, 
            0.39834117999999996, 
            0.2549817, 
            0.10881000000000002, 
            0.03062592, 
            0.03011738, 
            0.027986060000000004, 
            0.02968042, 
            0.029855299999999998, 
            0.030098139999999995, 
            0.02941642, 
            0.029412659999999997, 
            0.029678339999999998, 
            0.02884354, 
            0.02971582, 
            0.028803679999999998, 
            0.029634140000000003, 
            0.030274960000000004, 
            0.030300340000000002, 
            0.029945399999999997, 
            0.028996940000000002, 
            0.029404260000000005, 
            0.029280080000000007, 
            0.028947479999999998, 
            0.029921840000000005, 
            0.029880740000000003, 
            0.02891082, 
            0.029790399999999998, 
            0.030313259999999995, 
            0.030199679999999996, 
            0.028681940000000003, 
            0.02963202, 
            0.029890619999999996, 
            0.0296607, 
            0.028346080000000003, 
            0.02866316, 
            0.02899604, 
            0.028678719999999998, 
            0.029850639999999998, 
            0.036535920000000006
        ]
    }, 
    "node_configs": [
        {
            "model_image": "model-comp/theano-lstm", 
            "name": "lstm", 
            "cpus_per_replica": 4, 
            "input_type": "strings", 
            "batch_size": 32, 
            "num_replicas": 1, 
            "slo": 500000, 
            "allocated_cpus": [
                9, 
                10, 
                11, 
                12, 
                13, 
                14, 
                15
            ], 
            "gpus": [
                0
            ]
        }
    ], 
    "clipper_metrics": {
        "histograms": [
            {
                "internal:rpc_request_queueing_delay": {
                    "p99": "0", 
                    "min": "0", 
                    "max": "0", 
                    "p95": "0", 
                    "std_dev": "0", 
                    "size": "0", 
                    "p50": "0", 
                    "unit": "microseconds", 
                    "mean": "0"
                }
            }, 
            {
                "app:lstm:prediction_latency": {
                    "p99": "739828.219999998656931", 
                    "min": "37", 
                    "max": "901929", 
                    "p95": "156788.199999999233114", 
                    "std_dev": "120779.05646840372917", 
                    "size": "4096", 
                    "p50": "59", 
                    "unit": "microseconds", 
                    "mean": "36965.4228515625"
                }
            }, 
            {
                "model:lstm:1:prediction_latency": {
                    "p99": "76923.5199999999997544", 
                    "min": "11937", 
                    "max": "829904", 
                    "p95": "21315.7999999999997272", 
                    "std_dev": "36237.1181106615161802", 
                    "size": "523", 
                    "p50": "18394", 
                    "unit": "microseconds", 
                    "mean": "21075.0382409177820211"
                }
            }, 
            {
                "model:lstm:1:batch_size": {
                    "p99": "32", 
                    "min": "1", 
                    "max": "32", 
                    "p95": "4", 
                    "std_dev": "3.65853680412655758833", 
                    "size": "523", 
                    "p50": "4", 
                    "unit": "queries", 
                    "mean": "4.08413001912045888668"
                }
            }
        ], 
        "meters": [
            {
                "internal:aggregate_model_throughput": {
                    "rate": "8.3217332294030921", 
                    "rate_1min": "2.5266596838943673", 
                    "rate_15min": "1.9893562833372831", 
                    "unit": "events per second", 
                    "rate_5min": "4.1933771494643146"
                }
            }, 
            {
                "app:lstm:prediction_throughput": {
                    "rate": "0", 
                    "rate_1min": "0", 
                    "rate_15min": "0", 
                    "unit": "events per second", 
                    "rate_5min": "0"
                }
            }, 
            {
                "model:lstm:1:prediction_throughput": {
                    "rate": "12.852534924236473", 
                    "rate_1min": "14.795047036889558", 
                    "rate_15min": "161.9930985350114", 
                    "unit": "events per second", 
                    "rate_5min": "115.07708279649698"
                }
            }
        ], 
        "ratio_counters": [
            {
                "app:lstm:default_prediction_ratio": {
                    "ratio": "0.57279999999999998"
                }
            }, 
            {
                "model:lstm:1:cache_hit_ratio": {
                    "ratio": "0"
                }
            }
        ],