{
    "client_metrics": {
        "thrus": [
            3.081320927770941, 
            361.8102088368525, 
            365.8661515271253, 
            368.19122379398965, 
            371.3634236736755, 
            366.6065431935829, 
            385.0537535039892, 
            200.22745839273415, 
            193.13445634581885, 
            195.07323049072622, 
            205.6309992844041, 
            187.08723877944283, 
            192.6114257097731, 
            196.1638203296337, 
            189.2656115739707, 
            178.74442764246825, 
            203.5134563097312, 
            214.6300421962663, 
            194.13781455179404, 
            188.63867017283076, 
            186.50592342812809, 
            198.78818721076317, 
            201.34255213765388, 
            186.66049442631765, 
            202.20238841461196, 
            185.8577147678823, 
            198.15792393906247, 
            195.2919028071258, 
            184.84903379410036, 
            200.7387184840212, 
            195.64724020002973, 
            194.59644589051226, 
            189.0609343391375, 
            203.75396301458062, 
            191.93268536858753, 
            186.30647414997674, 
            193.06361059841998, 
            198.7257703604488, 
            199.86489133345862, 
            185.25036586947257, 
            196.6135285836748
        ], 
        "p99_lats": [
            0.8724314, 
            0.7754870599999999, 
            0.6556644, 
            0.53385036, 
            0.41254127, 
            0.29506042, 
            0.18502017999999998, 
            0.06380667999999999, 
            0.03972434, 
            0.04020177, 
            0.040151969999999995, 
            0.039077219999999996, 
            0.03942216999999999, 
            0.04158261, 
            0.03827451, 
            0.05100740999999996, 
            0.09200928, 
            0.04838041999999999, 
            0.03942905, 
            0.039806509999999996, 
            0.03948355, 
            0.04038244, 
            0.03954908, 
            0.039356230000000006, 
            0.040122239999999997, 
            0.03960651, 
            0.04060118, 
            0.03838477, 
            0.039352830000000005, 
            0.03971529, 
            0.03830795, 
            0.04065278, 
            0.040115529999999996, 
            0.04056057, 
            0.03971239, 
            0.039968069999999994, 
            0.0387792, 
            0.040312600000000004, 
            0.040105989999999994, 
            0.03967186, 
            0.03783444
        ], 
        "mean_lats": [
            0.8154676200000001, 
            0.70363424, 
            0.58987048, 
            0.4719820799999999, 
            0.35463498, 
            0.23675974, 
            0.11976446000000002, 
            0.03357264, 
            0.029810440000000004, 
            0.030791399999999997, 
            0.029490600000000002, 
            0.030156419999999996, 
            0.02972078, 
            0.03088214, 
            0.029512799999999995, 
            0.030401360000000002, 
            0.0645036, 
            0.03239398, 
            0.029650939999999997, 
            0.03042224, 
            0.030568779999999997, 
            0.031053520000000005, 
            0.030427339999999997, 
            0.0302117, 
            0.029935080000000003, 
            0.0302456, 
            0.030588139999999996, 
            0.029127, 
            0.03014186, 
            0.03015474, 
            0.028756840000000002, 
            0.030931220000000002, 
            0.03044688, 
            0.02994398, 
            0.030132839999999998, 
            0.030439759999999996, 
            0.02912076, 
            0.031051380000000003, 
            0.03063348, 
            0.030259, 
            0.029143939999999997
        ]
    }, 
    "node_configs": [
        {
            "model_image": "model-comp/theano-lstm", 
            "name": "lstm", 
            "cpus_per_replica": 3, 
            "input_type": "strings", 
            "batch_size": 16, 
            "num_replicas": 1, 
            "slo": 500000, 
            "allocated_cpus": [
                9, 
                10, 
                11, 
                12, 
                13, 
                14, 
                15
            ], 
            "gpus": [
                0
            ]
        }
    ], 
    "clipper_metrics": {
        "histograms": [
            {
                "internal:rpc_request_queueing_delay": {
                    "p99": "0", 
                    "min": "0", 
                    "max": "0", 
                    "p95": "0", 
                    "std_dev": "0", 
                    "size": "0", 
                    "p50": "0", 
                    "unit": "microseconds", 
                    "mean": "0"
                }
            }, 
            {
                "app:lstm:prediction_latency": {
                    "p99": "764785.919999998608546", 
                    "min": "38", 
                    "max": "868050", 
                    "p95": "295543.099999999783904", 
                    "std_dev": "133081.676985777339155", 
                    "size": "4096", 
                    "p50": "56", 
                    "unit": "microseconds", 
                    "mean": "43084.3076171875"
                }
            }, 
            {
                "model:lstm:1:prediction_latency": {
                    "p99": "47172.3699999999795978", 
                    "min": "14283", 
                    "max": "831050", 
                    "p95": "42700.3499999999560259", 
                    "std_dev": "37602.7838910481999513", 
                    "size": "478", 
                    "p50": "19183", 
                    "unit": "microseconds", 
                    "mean": "22208.9456066945606647"
                }
            }, 
            {
                "model:lstm:1:batch_size": {
                    "p99": "16", 
                    "min": "1", 
                    "max": "16", 
                    "p95": "9", 
                    "std_dev": "2.64615243078091589061", 
                    "size": "478", 
                    "p50": "4", 
                    "unit": "queries", 
                    "mean": "4.30334728033472802781"
                }
            }
        ], 
        "meters": [
            {
                "internal:aggregate_model_throughput": {
                    "rate": "8.0135332018893131", 
                    "rate_1min": "2.4398805342272576", 
                    "rate_15min": "1.9161305369802741", 
                    "unit": "events per second", 
                    "rate_5min": "4.0405019983501527"
                }
            }, 
            {
                "app:lstm:prediction_throughput": {
                    "rate": "0", 
                    "rate_1min": "0", 
                    "rate_15min": "0", 
                    "unit": "events per second", 
                    "rate_5min": "0"
                }
            }, 
            {
                "model:lstm:1:prediction_throughput": {
                    "rate": "12.407668803091905", 
                    "rate_1min": "14.691559106202249", 
                    "rate_15min": "161.91901265634485", 
                    "unit": "events per second", 
                    "rate_5min": "114.91875297015099"
                }
            }
        ], 
        "ratio_counters": [
            {
                "app:lstm:default_prediction_ratio": {
                    "ratio": "0.58860000000000001"
                }
            }, 
            {
                "model:lstm:1:cache_hit_ratio": {
                    "ratio": "0"
                }
            }
        ],