{
    "client_metrics": {
        "thrus": [
            3.069125232401835, 
            77.08115257905828, 
            77.93418302375278, 
            80.42399530323868, 
            79.02164877089727, 
            79.44502880676745, 
            77.80647972363138, 
            79.71112687620065, 
            77.99886121662624, 
            79.75957274392073, 
            80.105611237856, 
            78.36769495531475, 
            79.16540661727801, 
            79.105663016204, 
            80.29664793613526, 
            79.50579199694697, 
            79.58095850489661, 
            81.54438542443037, 
            80.73748851509225, 
            79.52640435677453, 
            81.9277266366702, 
            79.65982070167556, 
            81.11668472864847, 
            79.1338327205737, 
            78.93743892215663, 
            79.29132584611774, 
            79.92378467893016, 
            81.53148746045723, 
            80.7532664696287, 
            79.60756653998449, 
            80.63696753394413, 
            79.9608511672685, 
            81.51062001868223, 
            81.83480172245892, 
            79.75486544556651, 
            80.08187570972562, 
            79.312204562038, 
            81.72298197354463, 
            79.56512883185661, 
            79.93477322504836, 
            80.17343116629894, 
            79.9765828565396
        ], 
        "p99_lats": [
            1.19560977, 
            1.5885593299999998, 
            1.97083289, 
            2.3348609099999997, 
            2.7075725100000003, 
            3.07968189, 
            3.46297268, 
            3.83204962, 
            4.21559524, 
            4.58516014, 
            4.9515885399999995, 
            5.32939942, 
            5.7036794099999995, 
            6.0769687900000005, 
            6.44243275, 
            6.81153415, 
            7.181904470000001, 
            7.53825393, 
            7.898586659999999, 
            8.267585839999999, 
            8.61911955, 
            8.98857149, 
            9.3474973, 
            9.72082791, 
            10.0964444, 
            10.4682726, 
            10.83522692, 
            11.18786206, 
            11.54864592, 
            11.91841831, 
            12.281566810000001, 
            12.64817631, 
            13.004439810000001, 
            13.35646767, 
            13.725717880000001, 
            14.090689390000001, 
            14.46247855, 
            14.81624292, 
            15.18675336, 
            15.55414493, 
            15.918962089999999, 
            16.28641253
        ], 
        "mean_lats": [
            1.02121746, 
            1.39788164, 
            1.7877943399999998, 
            2.1600970999999998, 
            2.52824318, 
            2.9069708800000003, 
            3.2805296, 
            3.65338526, 
            4.0307977, 
            4.40621894, 
            4.774139740000001, 
            5.148568699999999, 
            5.525287539999999, 
            5.89795294, 
            6.270614640000002, 
            6.6307326799999995, 
            6.99818688, 
            7.369897460000001, 
            7.725877380000001, 
            8.0877573, 
            8.45134896, 
            8.80955994, 
            9.1754815, 
            9.53714374, 
            9.91954574, 
            10.291221360000002, 
            10.656924040000002, 
            11.019729459999999, 
            11.374493520000001, 
            11.740207819999998, 
            12.1090215, 
            12.47116802, 
            12.832026279999997, 
            13.18777368, 
            13.547114099999998, 
            13.915117920000002, 
            14.280029339999999, 
            14.651600999999998, 
            15.010555560000002, 
            15.378543360000002, 
            15.744078259999998, 
            16.108783940000002
        ]
    }, 
    "node_configs": [
        {
            "model_image": "model-comp/theano-lstm", 
            "name": "lstm", 
            "cpus_per_replica": 5, 
            "input_type": "strings", 
            "batch_size": 1, 
            "num_replicas": 1, 
            "slo": 500000, 
            "allocated_cpus": [
                9, 
                10, 
                11, 
                12, 
                13, 
                14, 
                15
            ], 
            "gpus": [
                0
            ]
        }
    ], 
    "clipper_metrics": {
        "histograms": [
            {
                "internal:rpc_request_queueing_delay": {
                    "p99": "0", 
                    "min": "0", 
                    "max": "0", 
                    "p95": "0", 
                    "std_dev": "0", 
                    "size": "0", 
                    "p50": "0", 
                    "unit": "microseconds", 
                    "mean": "0"
                }
            }, 
            {
                "app:lstm:prediction_latency": {
                    "p99": "16138229.3499999981041", 
                    "min": "36", 
                    "max": "16472615", 
                    "p95": "14737410.3499999974938", 
                    "std_dev": "5214795.42325362645943", 
                    "size": "4096", 
                    "p50": "53", 
                    "unit": "microseconds", 
                    "mean": "3696819.73876953125"
                }
            }, 
            {
                "model:lstm:1:prediction_latency": {
                    "p99": "14585.9599999999991269", 
                    "min": "9629", 
                    "max": "833347", 
                    "p95": "14007.0999999999976353", 
                    "std_dev": "17826.6415909838391389", 
                    "size": "2125", 
                    "p50": "12511", 
                    "unit": "microseconds", 
                    "mean": "12900.3919999999999968"
                }
            }, 
            {
                "model:lstm:1:batch_size": {
                    "p99": "1", 
                    "min": "1", 
                    "max": "1", 
                    "p95": "1", 
                    "std_dev": "2.03830008427274833593e-17", 
                    "size": "2125", 
                    "p50": "1", 
                    "unit": "queries", 
                    "mean": "1.00000000000000002038"
                }
            }
        ], 
        "meters": [
            {
                "internal:aggregate_model_throughput": {
                    "rate": "8.2793490231114273", 
                    "rate_1min": "2.9199089835964931", 
                    "rate_15min": "1.998113100357968", 
                    "unit": "events per second", 
                    "rate_5min": "4.2938985912863696"
                }
            }, 
            {
                "app:lstm:prediction_throughput": {
                    "rate": "0", 
                    "rate_1min": "0", 
                    "rate_15min": "0", 
                    "unit": "events per second", 
                    "rate_5min": "0"
                }
            }, 
            {
                "model:lstm:1:prediction_throughput": {
                    "rate": "12.789430761455444", 
                    "rate_1min": "7.090125572623295", 
                    "rate_15min": "56.608431254190009", 
                    "unit": "events per second", 
                    "rate_5min": "42.134928955260158"
                }
            }
        ], 
        "ratio_counters": [
            {
                "app:lstm:default_prediction_ratio": {
                    "ratio": "0.57499999999999996"
                }
            }, 
            {
                "model:lstm:1:cache_hit_ratio": {
                    "ratio": "0"
                }
            }
        ],