{
    "client_metrics": {
        "thrus": [
            2.8881565422435354, 
            78.86460209653659, 
            77.9253163767845, 
            80.07636081767573, 
            79.53956138704268, 
            78.89011080904963, 
            78.18241521117069, 
            78.72837921885703, 
            77.48286079119299, 
            75.9902671665813, 
            77.71891865005347, 
            78.24175136336252, 
            79.6500495423308, 
            77.92009450149061, 
            77.06048168965894, 
            79.62113081114823, 
            76.52877711605896, 
            77.81144419596656, 
            77.89605861522618, 
            76.96143924048295, 
            78.59027901120855, 
            77.43318290647001, 
            76.82910901282278, 
            79.10028175520361, 
            77.7525168489704, 
            79.35588415945455, 
            78.38329745991086, 
            77.18300553710881, 
            78.86709002520591, 
            78.44700042204487, 
            76.2681098626869, 
            78.69702902976006, 
            78.76843969173183, 
            77.31285264324912, 
            79.00903705365819, 
            76.74526404975549, 
            77.6196234827304, 
            76.71688553994112
        ], 
        "p99_lats": [
            1.21090841, 
            1.58708575, 
            1.96774417, 
            2.3343561, 
            2.7033817000000004, 
            3.07950871, 
            3.45878132, 
            3.83586239, 
            4.21980104, 
            4.6196496, 
            5.00412165, 
            5.38591261, 
            5.753876829999999, 
            6.13749803, 
            6.526488970000001, 
            6.8959183799999995, 
            7.291045, 
            7.674533649999999, 
            8.05919939, 
            8.450245540000001, 
            8.82847705, 
            9.21481207, 
            9.60600114, 
            9.97974412, 
            10.36403658, 
            10.73540586, 
            11.113791509999999, 
            11.50394566, 
            11.88068311, 
            12.25821886, 
            12.654824640000001, 
            13.030559450000002, 
            13.40641709, 
            13.79500428, 
            14.16788475, 
            14.55983631, 
            14.946430979999999, 
            15.33896246
        ], 
        "mean_lats": [
            1.0328735000000002, 
            1.40616794, 
            1.78481836, 
            2.1636473200000004, 
            2.52364598, 
            2.8974309999999996, 
            3.2746096, 
            3.6565837599999997, 
            4.03286098, 
            4.42859386, 
            4.8192478, 
            5.20515706, 
            5.57459612, 
            5.9547554, 
            6.3380769, 
            6.718839699999998, 
            7.1041034000000005, 
            7.49149968, 
            7.876000960000002, 
            8.26173728, 
            8.65234064, 
            9.032095539999998, 
            9.418107440000002, 
            9.7972616, 
            10.17819624, 
            10.55958674, 
            10.930893720000002, 
            11.318387260000003, 
            11.697883419999998, 
            12.07632838, 
            12.465348859999997, 
            12.85156818, 
            13.22848298, 
            13.612866719999998, 
            13.987969940000001, 
            14.372440619999999, 
            14.76112124, 
            15.15257042
        ]
    }, 
    "node_configs": [
        {
            "model_image": "model-comp/theano-lstm", 
            "name": "lstm", 
            "cpus_per_replica": 4, 
            "input_type": "strings", 
            "batch_size": 1, 
            "num_replicas": 1, 
            "slo": 500000, 
            "allocated_cpus": [
                9, 
                10, 
                11, 
                12, 
                13, 
                14, 
                15
            ], 
            "gpus": [
                0
            ]
        }
    ], 
    "clipper_metrics": {
        "histograms": [
            {
                "internal:rpc_request_queueing_delay": {
                    "p99": "0", 
                    "min": "0", 
                    "max": "0", 
                    "p95": "0", 
                    "std_dev": "0", 
                    "size": "0", 
                    "p50": "0", 
                    "unit": "microseconds", 
                    "mean": "0"
                }
            }, 
            {
                "app:lstm:prediction_latency": {
                    "p99": "15249618.41999999773", 
                    "min": "38", 
                    "max": "15615843", 
                    "p95": "13718182.4499999978016", 
                    "std_dev": "4807993.11808149338322", 
                    "size": "4096", 
                    "p50": "54", 
                    "unit": "microseconds", 
                    "mean": "3196918.607666015625"
                }
            }, 
            {
                "model:lstm:1:prediction_latency": {
                    "p99": "15005.799999999991087", 
                    "min": "9194", 
                    "max": "849262", 
                    "p95": "14495.5999999999994543", 
                    "std_dev": "19037.1049850183980912", 
                    "size": "1935", 
                    "p50": "12796", 
                    "unit": "microseconds", 
                    "mean": "13226.9844961240310113"
                }
            }, 
            {
                "model:lstm:1:batch_size": {
                    "p99": "1", 
                    "min": "1", 
                    "max": "1", 
                    "p95": "1", 
                    "std_dev": "1.48535697630514107459e-17", 
                    "size": "1935", 
                    "p50": "1", 
                    "unit": "queries", 
                    "mean": "1.00000000000000001485"
                }
            }
        ], 
        "meters": [
            {
                "internal:aggregate_model_throughput": {
                    "rate": "7.5647872126807325", 
                    "rate_1min": "2.6601332164273654", 
                    "rate_15min": "1.8196215317258555", 
                    "unit": "events per second", 
                    "rate_5min": "3.910930154015134"
                }
            }, 
            {
                "app:lstm:prediction_throughput": {
                    "rate": "0", 
                    "rate_1min": "0", 
                    "rate_15min": "0", 
                    "unit": "events per second", 
                    "rate_5min": "0"
                }
            }, 
            {
                "model:lstm:1:prediction_throughput": {
                    "rate": "11.784775288392028", 
                    "rate_1min": "7.3715912181227683", 
                    "rate_15min": "56.742105178323719", 
                    "unit": "events per second", 
                    "rate_5min": "42.439268333856752"
                }
            }
        ], 
        "ratio_counters": [
            {
                "app:lstm:default_prediction_ratio": {
                    "ratio": "0.61299999999999999"
                }
            }, 
            {
                "model:lstm:1:cache_hit_ratio": {
                    "ratio": "0"
                }
            }
        ], 
        "counters": [
            {
                "internal:aggregate_num_predictions": {
                    "count": "5000"
                }
            }, 
            {
                "app:lstm:num_predictions": {
                    "count": "5000"
                }
            }, 
            {
                "model:lstm:1:num_predictions": {
                    "count": "1935"
                }
            }
        ]
    }
}