{
    "client_metrics": {
        "thrus": [
            4.0667751465381095, 
            77.69862877459938, 
            77.6954896214365, 
            77.5257501779216, 
            79.25927452400843, 
            78.26636862833493, 
            78.49564663143782, 
            78.11914106442018, 
            77.90868167603388, 
            77.95739160804271, 
            79.29044565987888, 
            79.05850803945968, 
            78.10766986074965, 
            77.84900096377064, 
            79.2093010729692, 
            78.56150737535431, 
            78.77613398244868, 
            79.56702806010811, 
            79.29509829420384, 
            79.58475856371795, 
            78.59546755657695, 
            76.6652458041111, 
            77.69162639650699, 
            75.45301993166974, 
            76.82969928855698, 
            78.98669548101319, 
            77.62926436956498, 
            78.0960800453582, 
            78.26171343064917, 
            78.27298486200473, 
            77.07723138584862, 
            76.22427621238523, 
            77.39315101570772, 
            77.11634234103623, 
            76.40154820097274, 
            78.68092994564722, 
            78.24836343547875, 
            78.2707793264956, 
            78.71424995552644, 
            77.69355796094811, 
            79.12168598818238, 
            77.89205407577963, 
            76.17318125103786, 
            77.18848656534391, 
            77.74272444713262, 
            78.56521069618204, 
            77.55112169942426, 
            76.15531419397976, 
            78.62426407688825, 
            77.12681035905615, 
            77.90516137275127, 
            77.76291642041743, 
            78.14453613403352, 
            78.21323430495028, 
            77.04468900140837, 
            77.21709586502452, 
            79.24960137450509, 
            78.01882126044087
        ], 
        "p99_lats": [
            1.19427373, 
            1.56305195, 
            1.94091192, 
            2.32942319, 
            2.7013019299999996, 
            3.08198854, 
            3.46065616, 
            3.84124773, 
            4.22439842, 
            4.606744040000001, 
            4.9793965700000005, 
            5.352938040000001, 
            5.73475145, 
            6.1184936400000005, 
            6.4919195300000005, 
            6.87002126, 
            7.24544983, 
            7.61493529, 
            7.9862765499999995, 
            8.35702898, 
            8.73396002, 
            9.12731647, 
            9.511944289999999, 
            9.915795290000002, 
            10.30805678, 
            10.68292206, 
            11.06809529, 
            11.451010709999998, 
            11.83090104, 
            12.21126783, 
            12.600801220000001, 
            12.99644027, 
            13.38447794, 
            13.774474289999999, 
            14.170235100000001, 
            14.54767293, 
            14.92760242, 
            15.30860636, 
            15.6840633, 
            16.06712194, 
            16.4411903, 
            16.8246915, 
            17.22256775, 
            17.61093229, 
            17.996364310000004, 
            18.374944890000002, 
            18.758680579999996, 
            19.1573263, 
            19.53403728, 
            19.923782380000002, 
            20.307516399999997, 
            20.691096039999998, 
            21.07377753, 
            21.45408905, 
            21.84369613, 
            22.23216675, 
            22.60523199, 
            22.987250630000002
        ], 
        "mean_lats": [
            1.0102545, 
            1.3920924, 
            1.7532437199999997, 
            2.14373036, 
            2.52454242, 
            2.8997907400000003, 
            3.27739408, 
            3.6602133600000006, 
            4.0419209, 
            4.42160414, 
            4.8011751, 
            5.1748533, 
            5.55091878, 
            5.93453392, 
            6.31505456, 
            6.688210219999999, 
            7.06248552, 
            7.44409388, 
            7.8076118999999995, 
            8.18069566, 
            8.55138988, 
            8.935810739999999, 
            9.325675299999999, 
            9.72231798, 
            10.11972226, 
            10.502132119999999, 
            10.881575699999999, 
            11.26730144, 
            11.645081879999998, 
            12.029977119999998, 
            12.410547439999998, 
            12.80357334, 
            13.19591214, 
            13.586436019999999, 
            13.981385159999997, 
            14.368985760000001, 
            14.746181600000002, 
            15.123517519999998, 
            15.500955119999999, 
            15.8843137, 
            16.25936838, 
            16.64000088, 
            17.03007222, 
            17.42175792, 
            17.813303, 
            18.194524379999997, 
            18.577970960000002, 
            18.96754524, 
            19.3482532, 
            19.73906014, 
            20.124856799999996, 
            20.51031058, 
            20.89081534, 
            21.273005239999996, 
            21.65429554, 
            22.044112539999997, 
            22.424103300000002, 
            22.80033314
        ]
    }, 
    "node_configs": [
        {
            "model_image": "model-comp/theano-lstm", 
            "name": "lstm", 
            "cpus_per_replica": 1, 
            "input_type": "strings", 
            "batch_size": 1, 
            "num_replicas": 1, 
            "slo": 500000, 
            "allocated_cpus": [
                9, 
                10, 
                11, 
                12, 
                13, 
                14, 
                15
            ], 
            "gpus": [
                0
            ]
        }
    ], 
    "clipper_metrics": {
        "histograms": [
            {
                "internal:rpc_request_queueing_delay": {
                    "p99": "0", 
                    "min": "0", 
                    "max": "0", 
                    "p95": "0", 
                    "std_dev": "0", 
                    "size": "0", 
                    "p50": "0", 
                    "unit": "microseconds", 
                    "mean": "0"
                }
            }, 
            {
                "app:lstm:prediction_latency": {
                    "p99": "22614443.5499999985514", 
                    "min": "37", 
                    "max": "23005194", 
                    "p95": "21055908.3499999978794", 
                    "std_dev": "7615838.47723460318321", 
                    "size": "4096", 
                    "p50": "3896809", 
                    "unit": "microseconds", 
                    "mean": "6872918.976318359375"
                }
            }, 
            {
                "model:lstm:1:prediction_latency": {
                    "p99": "15077.9399999999995998", 
                    "min": "9496", 
                    "max": "824213", 
                    "p95": "14399.9499999999993634", 
                    "std_dev": "15091.1556528991061024", 
                    "size": "2902", 
                    "p50": "12797", 
                    "unit": "microseconds", 
                    "mean": "13089.5861474844934484"
                }
            }, 
            {
                "model:lstm:1:batch_size": {
                    "p99": "1", 
                    "min": "1", 
                    "max": "1", 
                    "p95": "1", 
                    "std_dev": "1.05167610731093930099e-17", 
                    "size": "2902", 
                    "p50": "1", 
                    "unit": "queries", 
                    "mean": "0.999999999999999989483"
                }
            }
        ], 
        "meters": [
            {
                "internal:aggregate_model_throughput": {
                    "rate": "11.347649160468695", 
                    "rate_1min": "4.0962530804841837", 
                    "rate_15min": "2.7323168158245146",