{
    "client_metrics": {
        "thrus": [
            3.672975050288538, 
            270.05130974885225, 
            290.0013340061364, 
            299.14683323162336, 
            247.50882368956454, 
            295.2151528033631, 
            293.75995111834413, 
            303.3980582524272, 
            260.45057950253937, 
            306.4927422518635, 
            253.79422364346988, 
            195.99004370577975, 
            204.7242160086148, 
            185.6127820386223, 
            195.16841082169805, 
            190.90454390995413, 
            197.75899506789068, 
            186.49548867412898, 
            167.23079187124569, 
            238.46883927677172, 
            195.75064499837526, 
            198.10924536226256, 
            190.18999980981002, 
            189.42622795552273, 
            193.91720511010618, 
            203.5250539341393, 
            188.51989261906914, 
            186.06866678078876, 
            197.07074051301456, 
            201.854640436329, 
            184.049531409893, 
            199.39622822094697, 
            197.67611953870298, 
            194.9834654021339, 
            182.134101696397, 
            199.7906194308365, 
            199.07787130013776, 
            185.71688575068623, 
            203.03908908543073, 
            189.28854009320565, 
            198.400101580852, 
            191.22433291391462, 
            194.10163938244622, 
            185.7520729931346, 
            198.48673711622587, 
            199.17858750512883, 
            184.9495457639156, 
            189.76340298915312, 
            205.42485969482084, 
            195.32165570261105, 
            193.20162134800634
        ], 
        "p99_lats": [
            0.8795006599999999, 
            0.83845709, 
            0.7661087499999999, 
            0.68514209, 
            0.60519903, 
            0.5257311499999999, 
            0.43999310999999997, 
            0.35888261, 
            0.28447941, 
            0.18910878999999997, 
            0.09686159, 
            0.03975181, 
            0.04042441, 
            0.03981637, 
            0.04077108, 
            0.041809070000000004, 
            0.04011115, 
            0.047650899999999996, 
            0.09362508, 
            0.0812958, 
            0.04040282, 
            0.05388753, 
            0.0396445, 
            0.04020675, 
            0.04002844, 
            0.03987507, 
            0.039549070000000006, 
            0.07780292999999999, 
            0.04166651, 
            0.04042907, 
            0.03995899, 
            0.04102841, 
            0.04140479, 
            0.03895142, 
            0.04127617, 
            0.03973251, 
            0.04078158, 
            0.041266040000000004, 
            0.03904852, 
            0.03919494, 
            0.03960308, 
            0.043124640000000006, 
            0.04275783, 
            0.0399652, 
            0.03963982, 
            0.040195499999999995, 
            0.03979871, 
            0.03972107, 
            0.041048459999999995, 
            0.041262469999999996, 
            0.039176520000000006
        ], 
        "mean_lats": [
            0.8380952199999999, 
            0.8006154200000001, 
            0.7216620399999999, 
            0.63908136, 
            0.55753484, 
            0.4804606199999999, 
            0.39582388, 
            0.31208659999999994, 
            0.22843828, 
            0.14079554, 
            0.05773146, 
            0.03082874, 
            0.030215580000000006, 
            0.030670940000000004, 
            0.03132028, 
            0.03201984, 
            0.030819240000000005, 
            0.03249682, 
            0.06823434, 
            0.04385232, 
            0.031073840000000002, 
            0.03373848, 
            0.030030540000000005, 
            0.03020272, 
            0.030763979999999996, 
            0.02965818, 
            0.02985848, 
            0.0463634, 
            0.0316877, 
            0.030469399999999997, 
            0.03063494, 
            0.0310246, 
            0.030708480000000003, 
            0.02899296, 
            0.03126604, 
            0.029936699999999997, 
            0.03054014, 
            0.031093059999999995, 
            0.029840719999999998, 
            0.02995664, 
            0.030253880000000004, 
            0.03169005999999999, 
            0.03209886, 
            0.030488259999999996, 
            0.030429579999999998, 
            0.030330700000000002, 
            0.030455539999999996, 
            0.02997806, 
            0.03199634, 
            0.031530020000000006, 
            0.029769539999999997
        ]
    }, 
    "node_configs": [
        {
            "model_image": "model-comp/theano-lstm", 
            "name": "lstm", 
            "cpus_per_replica": 2, 
            "input_type": "strings", 
            "batch_size": 8, 
            "num_replicas": 1, 
            "slo": 500000, 
            "allocated_cpus": [
                9, 
                10, 
                11, 
                12, 
                13, 
                14, 
                15
            ], 
            "gpus": [
                0
            ]
        }
    ], 
    "clipper_metrics": {
        "histograms": [
            {
                "internal:rpc_request_queueing_delay": {
                    "p99": "0", 
                    "min": "0", 
                    "max": "0", 
                    "p95": "0", 
                    "std_dev": "0", 
                    "size": "0", 
                    "p50": "0", 
                    "unit": "microseconds", 
                    "mean": "0"
                }
            }, 
            {
                "app:lstm:prediction_latency": {
                    "p99": "823011.209999999947286", 
                    "min": "37", 
                    "max": "880012", 
                    "p95": "521779.499999998453859", 
                    "std_dev": "168075.272719720235884", 
                    "size": "4096", 
                    "p50": "20341", 
                    "unit": "microseconds", 
                    "mean": "65069.6474609375"
                }
            }, 
            {
                "model:lstm:1:prediction_latency": {
                    "p99": "43647", 
                    "min": "13483", 
                    "max": "855545", 
                    "p95": "29240", 
                    "std_dev": "34374.9068890507631124", 
                    "size": "599", 
                    "p50": "19774", 
                    "unit": "microseconds", 
                    "mean": "22238.2086811352253921"
                }
            }, 
            {
                "model:lstm:1:batch_size": {
                    "p99": "8", 
                    "min": "1", 
                    "max": "8", 
                    "p95": "8", 
                    "std_dev": "1.49495599826611904259", 
                    "size": "599", 
                    "p50": "4", 
                    "unit": "queries", 
                    "mean": "4.30383973288814690233"
                }
            }
        ], 
        "meters": [
            {
                "internal:aggregate_model_throughput": {
                    "rate": "10.08065556763288", 
                    "rate_1min": "2.9992025721381816", 
                    "rate_15min": "2.3982509724585315", 
                    "unit": "events per second", 
                    "rate_5min": "5.0437622583678543"
                }
            }, 
            {
                "app:lstm:prediction_throughput": {
                    "rate": "0", 
                    "rate_1min": "0", 
                    "rate_15min": "0", 
                    "unit": "events per second", 
                    "rate_5min": "0"
                }
            }, 
            {
                "model:lstm:1:prediction_throughput": {
                    "rate": "15.391217341529359",