{
    "client_metrics": {
        "thrus": [
            2.930139496909113, 
            305.7486868093901, 
            635.558210776525, 
            327.4630130526757, 
            601.1855378807007, 
            373.79544418112636, 
            227.2747934072128, 
            185.54114931609533, 
            201.17243293916948, 
            189.39537420738034, 
            198.85064328183103, 
            190.56040002439173, 
            200.46588271142133, 
            180.94896877182697, 
            203.29169919333853, 
            197.0800618043074, 
            179.5809299418876, 
            198.05980613906178, 
            191.50191118907367, 
            198.5789688985619, 
            200.01040054082813, 
            189.6489597754556, 
            184.73975710416738, 
            199.55698349663743, 
            190.36668430731274, 
            203.17604798205548, 
            193.9525592040187, 
            177.01934821475987, 
            205.71306319093875, 
            190.61343214733654, 
            202.78134898264597, 
            192.2906819781327, 
            199.68928347491305, 
            192.50389820393863, 
            187.16637593489605, 
            192.2367125984252, 
            191.14903507967094
        ], 
        "p99_lats": [
            0.9090735999999999, 
            0.74193536, 
            0.6407480999999999, 
            0.47750622, 
            0.35485457, 
            0.21050873999999997, 
            0.06235046999999998, 
            0.04050342, 
            0.03984202, 
            0.03917382, 
            0.03987114, 
            0.039663920000000005, 
            0.038454050000000004, 
            0.0382941, 
            0.039039649999999995, 
            0.04045256999999999, 
            0.0401989, 
            0.040710949999999996, 
            0.03838622, 
            0.03946176, 
            0.040285390000000004, 
            0.040016209999999997, 
            0.04029111, 
            0.0380673, 
            0.040185559999999995, 
            0.04061065999999999, 
            0.042234060000000004, 
            0.05743313999999999, 
            0.07844342999999998, 
            0.03954966, 
            0.039572579999999996, 
            0.038953230000000005, 
            0.03910994999999999, 
            0.03697278, 
            0.039892949999999996, 
            0.03984873, 
            0.0413561
        ], 
        "mean_lats": [
            0.8159165200000001, 
            0.6765275, 
            0.5497048600000001, 
            0.40614214000000004, 
            0.27177506000000007, 
            0.12556288000000002, 
            0.0335479, 
            0.030756659999999995, 
            0.0301302, 
            0.02988572, 
            0.030325779999999997, 
            0.03098394, 
            0.029377939999999995, 
            0.0279182, 
            0.029718400000000002, 
            0.03060146, 
            0.0300049, 
            0.03113772, 
            0.029415720000000003, 
            0.03022698, 
            0.030352240000000003, 
            0.03018258, 
            0.030043100000000003, 
            0.029220540000000003, 
            0.030214079999999997, 
            0.030259460000000002, 
            0.03203654000000001, 
            0.03146332, 
            0.04385238, 
            0.029957479999999998, 
            0.02995622, 
            0.02953394, 
            0.03012764, 
            0.028132660000000004, 
            0.03027492, 
            0.029872859999999998, 
            0.031263639999999995
        ]
    }, 
    "node_configs": [
        {
            "model_image": "model-comp/theano-lstm", 
            "name": "lstm", 
            "cpus_per_replica": 4, 
            "input_type": "strings", 
            "batch_size": 32, 
            "num_replicas": 1, 
            "slo": 500000, 
            "allocated_cpus": [
                9, 
                10, 
                11, 
                12, 
                13, 
                14, 
                15
            ], 
            "gpus": [
                0
            ]
        }
    ], 
    "clipper_metrics": {
        "histograms": [
            {
                "internal:rpc_request_queueing_delay": {
                    "p99": "0", 
                    "min": "0", 
                    "max": "0", 
                    "p95": "0", 
                    "std_dev": "0", 
                    "size": "0", 
                    "p50": "0", 
                    "unit": "microseconds", 
                    "mean": "0"
                }
            }, 
            {
                "app:lstm:prediction_latency": {
                    "p99": "749131.219999999013453", 
                    "min": "39", 
                    "max": "909573", 
                    "p95": "213691.749999998361091", 
                    "std_dev": "126063.199174559127229", 
                    "size": "4096", 
                    "p50": "50", 
                    "unit": "microseconds", 
                    "mean": "38062.890869140625"
                }
            }, 
            {
                "model:lstm:1:prediction_latency": {
                    "p99": "79286.2199999999935471", 
                    "min": "11330", 
                    "max": "838724", 
                    "p95": "21921.4999999999992042", 
                    "std_dev": "39933.7021349595449777", 
                    "size": "440", 
                    "p50": "19113.5", 
                    "unit": "microseconds", 
                    "mean": "22213.2204545454545492"
                }
            }, 
            {
                "model:lstm:1:batch_size": {
                    "p99": "32", 
                    "min": "1", 
                    "max": "32", 
                    "p95": "4", 
                    "std_dev": "4.01870561682623672617", 
                    "size": "440", 
                    "p50": "4", 
                    "unit": "queries", 
                    "mean": "4.29772727272727272452"
                }
            }
        ], 
        "meters": [
            {
                "internal:aggregate_model_throughput": {
                    "rate": "7.394049545762539", 
                    "rate_1min": "2.2571687834409291", 
                    "rate_15min": "1.7622431182135929", 
                    "unit": "events per second", 
                    "rate_5min": "3.7191413081477291"
                }
            }, 
            {
                "app:lstm:prediction_throughput": {
                    "rate": "0", 
                    "rate_1min": "0", 
                    "rate_15min": "0", 
                    "unit": "events per second", 
                    "rate_5min": "0"
                }
            }, 
            {
                "model:lstm:1:prediction_throughput": {
                    "rate": "11.534369120086959", 
                    "rate_1min": "15.736045179999598", 
                    "rate_15min": "162.66471177199071", 
                    "unit": "events per second", 
                    "rate_5min": "116.51303736265862"
                }
            }
        ], 
        "ratio_counters": [
            {
                "app:lstm:default_prediction_ratio": {
                    "ratio": "0.62180000000000002"
                }
            }, 
            {
                "model:lstm:1:cache_hit_ratio": {
                    "ratio": "0"
                }
            }
        ], 
        "counters": [
            {
                "internal:aggregate_num_predictions": {
                    "count": "5000"
                }
            }, 
            {
                "app:lstm:num_predictions": {
                    "count": "5000"
                }
            }, 
            {
                "model:lstm:1:num_predictions": {
                    "count": "1891"
                }
            }
        ]
    }
}