{
    "client_metrics": {
        "thrus": [
            3.0886347999447996, 
            270.58180499710477, 
            277.40790057700843, 
            279.24380776856276, 
            236.21898444734208, 
            221.30650508341043, 
            280.4702925866092, 
            282.2562435081064, 
            244.61959207236825, 
            282.6887088475912, 
            287.7581910369079, 
            279.2578443528479, 
            206.6423104263444, 
            201.4009449732338, 
            181.9273382211145, 
            204.51654334319102, 
            192.27663223633107, 
            193.4198564824665, 
            190.4109067367379, 
            199.12623408483572, 
            186.28981479066613, 
            202.04959105162771, 
            196.7915112013728, 
            185.69964197109027, 
            200.96463022508038, 
            192.96451382590743, 
            198.80241425651872, 
            193.49994969001307, 
            186.9333582577811, 
            191.70235525513664, 
            196.14842943952547, 
            191.51584793641675, 
            200.12808197246238, 
            197.88343873924504, 
            182.25360224244832, 
            195.56306517725835, 
            192.49129939326744, 
            201.21615041309676, 
            191.48430977565698, 
            198.54506178722323, 
            187.11384380484776
        ], 
        "p99_lats": [
            0.88482382, 
            0.81191254, 
            0.74279546, 
            0.67388474, 
            0.60720659, 
            0.55500375, 
            0.50790253, 
            0.43542936, 
            0.36371600000000004, 
            0.28852095, 
            0.21409799999999998, 
            0.13505321999999997, 
            0.06784354999999999, 
            0.04679386, 
            0.04432728, 
            0.04898245, 
            0.04704976999999999, 
            0.04552222, 
            0.04747854, 
            0.043528569999999996, 
            0.04376185, 
            0.04442583, 
            0.043937779999999996, 
            0.045349299999999995, 
            0.08436202, 
            0.04658017999999999, 
            0.03874371, 
            0.04029571999999999, 
            0.039378869999999996, 
            0.04168255, 
            0.03943325, 
            0.0414524, 
            0.03975389, 
            0.042054579999999994, 
            0.04099706, 
            0.03939023, 
            0.03885973999999999, 
            0.04053034, 
            0.0401757, 
            0.0399215, 
            0.04208705
        ], 
        "mean_lats": [
            0.8407728400000001, 
            0.7719656399999999, 
            0.7052764599999999, 
            0.6320750599999999, 
            0.564142, 
            0.5273931199999999, 
            0.46725084, 
            0.39309884000000006, 
            0.31943776, 
            0.24806312000000003, 
            0.17080978000000005, 
            0.09419744, 
            0.0380108, 
            0.035202920000000006, 
            0.0344384, 
            0.0347005, 
            0.033722659999999995, 
            0.0347488, 
            0.0355642, 
            0.032992020000000004, 
            0.032882640000000005, 
            0.032953159999999995, 
            0.03281224, 
            0.0322885, 
            0.0561033, 
            0.031590919999999995, 
            0.03015482, 
            0.02952282000000001, 
            0.030129000000000003, 
            0.03168248, 
            0.03070264, 
            0.031878619999999996, 
            0.03038328, 
            0.031029379999999995, 
            0.03118184, 
            0.0305541, 
            0.028937899999999996, 
            0.03214216, 
            0.03140386, 
            0.03045566, 
            0.03213928
        ]
    }, 
    "node_configs": [
        {
            "model_image": "model-comp/theano-lstm", 
            "name": "lstm", 
            "cpus_per_replica": 4, 
            "input_type": "strings", 
            "batch_size": 8, 
            "num_replicas": 1, 
            "slo": 500000, 
            "allocated_cpus": [
                9, 
                10, 
                11, 
                12, 
                13, 
                14, 
                15
            ], 
            "gpus": [
                0
            ]
        }
    ], 
    "clipper_metrics": {
        "histograms": [
            {
                "internal:rpc_request_queueing_delay": {
                    "p99": "0", 
                    "min": "0", 
                    "max": "0", 
                    "p95": "0", 
                    "std_dev": "0", 
                    "size": "0", 
                    "p50": "0", 
                    "unit": "microseconds", 
                    "mean": "0"
                }
            }, 
            {
                "app:lstm:prediction_latency": {
                    "p99": "802957.779999999967913", 
                    "min": "36", 
                    "max": "885286", 
                    "p95": "529556.999999999468855", 
                    "std_dev": "167890.587962235771244", 
                    "size": "4096", 
                    "p50": "53", 
                    "unit": "microseconds", 
                    "mean": "64310.878173828125"
                }
            }, 
            {
                "model:lstm:1:prediction_latency": {
                    "p99": "45528.160000000004402", 
                    "min": "15615", 
                    "max": "861318", 
                    "p95": "30752.7999999999944976", 
                    "std_dev": "40103.1264041218513334", 
                    "size": "443", 
                    "p50": "20776", 
                    "unit": "microseconds", 
                    "mean": "24122.3724604966139928"
                }
            }, 
            {
                "model:lstm:1:batch_size": {
                    "p99": "8", 
                    "min": "1", 
                    "max": "8", 
                    "p95": "8", 
                    "std_dev": "1.62457973283175170472", 
                    "size": "443", 
                    "p50": "4", 
                    "unit": "queries", 
                    "mean": "4.67494356659142210227"
                }
            }
        ], 
        "meters": [
            {
                "internal:aggregate_model_throughput": {
                    "rate": "8.0683486291912683", 
                    "rate_1min": "2.4552346734525159", 
                    "rate_15min": "1.9291060657443626", 
                    "unit": "events per second", 
                    "rate_5min": "4.0675862117352546"
                }
            }, 
            {
                "app:lstm:prediction_throughput": {
                    "rate": "0", 
                    "rate_1min": "0", 
                    "rate_15min": "0", 
                    "unit": "events per second", 
                    "rate_5min": "0"
                }
            }, 
            {
                "model:lstm:1:prediction_throughput": {
                    "rate": "12.486211282744298", 
                    "rate_1min": "14.697037021805562", 
                    "rate_15min": "161.76564029354125", 
                    "unit": "events per second", 
                    "rate_5min": "114.83139951640231"
                }
            }
        ], 
        "ratio_counters": [
            {
                "app:lstm:default_prediction_ratio": {
                    "ratio": "0.58579999999999999"
                }
            }, 
            {
                "model:lstm:1:cache_hit_ratio": {
                    "ratio": "0"
                }
            }
        ],