{
    "client_metrics": {
        "thrus": [
            3.1458124988793044, 
            316.993381178201, 
            628.7805430148769, 
            327.56384219284337, 
            610.5751618024178, 
            374.1842782733641, 
            208.43407647029397, 
            200.1024524556573, 
            181.34207643931205, 
            195.03366281020106, 
            201.15543682914662, 
            189.52962537574248, 
            193.67458795731415, 
            193.4662575500207, 
            190.15455762443713, 
            195.29266558865118, 
            192.0204002473223, 
            200.46186413496696, 
            189.82680202583163, 
            203.63612667796167, 
            194.2879347192539, 
            187.12154667185618, 
            200.57283601967217, 
            194.3785717062551, 
            194.3407960199005, 
            156.76684067785982, 
            233.7923456386038, 
            191.48064322177672, 
            198.30882236288926, 
            199.19842553564456, 
            199.28814275408243, 
            193.8007031089509, 
            190.1827656377779, 
            188.67782129946187, 
            193.15087014467, 
            205.68006055220982, 
            189.00304672911327, 
            197.79732894486992, 
            186.25928036864437, 
            194.43526277925764, 
            194.51695604305826, 
            194.60401974063177
        ], 
        "p99_lats": [
            0.90540307, 
            0.73147932, 
            0.63573637, 
            0.46872072, 
            0.34430121, 
            0.21815163999999998, 
            0.05179057999999999, 
            0.03921039999999999, 
            0.039657120000000004, 
            0.039075120000000005, 
            0.039983, 
            0.03977185999999999, 
            0.04119077, 
            0.04002874, 
            0.04012633, 
            0.040385149999999995, 
            0.04416937, 
            0.04182796, 
            0.04198188, 
            0.044913699999999994, 
            0.040727440000000004, 
            0.046323859999999994, 
            0.04330575999999999, 
            0.04057206, 
            0.04665276, 
            0.08398072, 
            0.10268558, 
            0.04462845, 
            0.04484889999999999, 
            0.045721349999999994, 
            0.040960579999999996, 
            0.04054232, 
            0.04211694, 
            0.03847359, 
            0.04239303, 
            0.04340521, 
            0.04063228, 
            0.04015737, 
            0.04118798, 
            0.04005639, 
            0.039774500000000004, 
            0.041783219999999996
        ], 
        "mean_lats": [
            0.81189324, 
            0.6645497399999999, 
            0.53876334, 
            0.39678036, 
            0.25596702, 
            0.12040056, 
            0.03305552, 
            0.02880052, 
            0.02957912, 
            0.02944718, 
            0.03015326, 
            0.0311624, 
            0.03136708, 
            0.03066306, 
            0.03093458, 
            0.030747880000000002, 
            0.03161882, 
            0.03325672, 
            0.03285842, 
            0.0318055, 
            0.031515560000000005, 
            0.032939659999999996, 
            0.032725899999999995, 
            0.0315222, 
            0.0342893, 
            0.045138299999999985, 
            0.07067493999999999, 
            0.03169248, 
            0.03177282, 
            0.033228799999999996, 
            0.0312513, 
            0.0310105, 
            0.03223402, 
            0.029768999999999997, 
            0.031535900000000006, 
            0.031651359999999996, 
            0.030654400000000002, 
            0.030442720000000003, 
            0.032523760000000006, 
            0.031014680000000003, 
            0.03050724, 
            0.031208080000000003
        ]
    }, 
    "node_configs": [
        {
            "model_image": "model-comp/theano-lstm", 
            "name": "lstm", 
            "cpus_per_replica": 5, 
            "input_type": "strings", 
            "batch_size": 32, 
            "num_replicas": 1, 
            "slo": 500000, 
            "allocated_cpus": [
                9, 
                10, 
                11, 
                12, 
                13, 
                14, 
                15
            ], 
            "gpus": [
                0
            ]
        }
    ], 
    "clipper_metrics": {
        "histograms": [
            {
                "internal:rpc_request_queueing_delay": {
                    "p99": "0", 
                    "min": "0", 
                    "max": "0", 
                    "p95": "0", 
                    "std_dev": "0", 
                    "size": "0", 
                    "p50": "0", 
                    "unit": "microseconds", 
                    "mean": "0"
                }
            }, 
            {
                "app:lstm:prediction_latency": {
                    "p99": "728712.569999997474042", 
                    "min": "38", 
                    "max": "901020", 
                    "p95": "184262.199999999007559", 
                    "std_dev": "121763.255659891184379", 
                    "size": "4096", 
                    "p50": "54", 
                    "unit": "microseconds", 
                    "mean": "38827.41748046875"
                }
            }, 
            {
                "model:lstm:1:prediction_latency": {
                    "p99": "77624.8099999999853935", 
                    "min": "15233", 
                    "max": "836086", 
                    "p95": "25746.9999999999665761", 
                    "std_dev": "38431.4276485796250675", 
                    "size": "472", 
                    "p50": "19988", 
                    "unit": "microseconds", 
                    "mean": "23105.2436440677966214"
                }
            }, 
            {
                "model:lstm:1:batch_size": {
                    "p99": "32", 
                    "min": "1", 
                    "max": "32", 
                    "p95": "5", 
                    "std_dev": "3.85095599930581987641", 
                    "size": "472", 
                    "p50": "4", 
                    "unit": "queries", 
                    "mean": "4.47457627118644067112"
                }
            }
        ], 
        "meters": [
            {
                "internal:aggregate_model_throughput": {
                    "rate": "8.226825578657559", 
                    "rate_1min": "2.5019030278493481", 
                    "rate_15min": "1.9671931944161112", 
                    "unit": "events per second", 
                    "rate_5min": "4.1474585674521895"
                }
            }, 
            {
                "app:lstm:prediction_throughput": {
                    "rate": "0", 
                    "rate_1min": "0", 
                    "rate_15min": "0", 
                    "unit": "events per second", 
                    "rate_5min": "0"
                }
            }, 
            {
                "model:lstm:1:prediction_throughput": {
                    "rate": "12.71695305562069", 
                    "rate_1min": "14.763648849302783", 
                    "rate_15min": "161.97059347167081", 
                    "unit": "events per second", 
                    "rate_5min": "115.02899560037875"
                }
            }
        ], 
        "ratio_counters": [
            {
                "app:lstm:default_prediction_ratio": {
                    "ratio": "0.5776"
                }
            }, 
            {
                "model:lstm:1:cache_hit_ratio": {
                    "ratio": "0"
                }
            }
        ],