{
    "client_metrics": {
        "thrus": [
            3.7839472093956923, 
            80.6260451151098, 
            79.92633988516184, 
            78.5156151855481, 
            78.21201086208407, 
            79.79024739764108, 
            79.78209913085381, 
            81.26579603910511, 
            79.70274065844029, 
            79.76644385240017, 
            79.86148823480556, 
            79.77484348175709, 
            78.70483326381073, 
            79.96571070325044, 
            79.39028262940616, 
            81.04975644548188, 
            79.37150467736278, 
            80.23235289398096, 
            78.33196774602897, 
            79.93835154328981, 
            79.6894025844867, 
            79.93962959173233, 
            76.99367419972775, 
            79.17016994668681, 
            80.43136952101511, 
            80.37202603410668, 
            79.67378366018175, 
            80.13758019768338, 
            80.16610416783575, 
            81.2975082313727, 
            77.80260545365144, 
            77.33389838635088, 
            79.51755111388185, 
            77.08709454115449, 
            77.42251167918589, 
            76.21986076155835, 
            77.17037830462853, 
            77.6528946669545, 
            76.28614628326267, 
            76.47972981241051, 
            78.2803375448155, 
            76.43144634283172, 
            77.07639966887979, 
            77.55773785794835, 
            76.80078644005314, 
            77.30257309344799, 
            75.72178000702698, 
            77.80672187831651, 
            76.50910381826333, 
            74.9798304256155, 
            77.5131307243447, 
            78.14502466256978, 
            77.11003911021184, 
            76.44430038940727
        ], 
        "p99_lats": [
            1.2843483999999998, 
            1.64683392, 
            2.01331056, 
            2.3892577500000005, 
            2.7697601499999998, 
            3.13749987, 
            3.5056446, 
            3.8631091499999997, 
            4.23102982, 
            4.59903041, 
            4.9664261100000004, 
            5.33332659, 
            5.70855178, 
            6.07589936, 
            6.44538599, 
            6.80478873, 
            7.17586132, 
            7.53934724, 
            7.9173644, 
            8.2831167, 
            8.65236831, 
            9.01827281, 
            9.40958385, 
            9.78192911, 
            10.14473773, 
            10.50817019, 
            10.87612148, 
            11.241207710000001, 
            11.60612707, 
            11.962950979999999, 
            12.34500978, 
            12.73350821, 
            13.10360559, 
            13.49351219, 
            13.87851785, 
            14.27558621, 
            14.6653123, 
            15.051020770000001, 
            15.44742214, 
            15.842080099999999, 
            16.2212894, 
            16.616617859999998, 
            17.006262149999998, 
            17.39198142, 
            17.784756, 
            18.17310299, 
            18.57403413, 
            18.957048890000003, 
            19.35167774, 
            19.75791322, 
            20.14530378, 
            20.52596688, 
            20.915957849999998, 
            21.31073905
        ], 
        "mean_lats": [
            1.11076586, 
            1.47208018, 
            1.8372153800000002, 
            2.2106982800000003, 
            2.5859678400000004, 
            2.9617219, 
            3.3297317399999997, 
            3.6918926999999995, 
            4.051046500000001, 
            4.42070572, 
            4.789571899999999, 
            5.15577404, 
            5.53116564, 
            5.89964056, 
            6.26717244, 
            6.63037638, 
            6.995774559999998, 
            7.360784300000001, 
            7.73932238, 
            8.107886380000002, 
            8.47525812, 
            8.842405620000001, 
            9.220311719999998, 
            9.602284880000001, 
            9.972747120000001, 
            10.331798039999999, 
            10.69992892, 
            11.066235619999997, 
            11.432093, 
            11.791305519999998, 
            12.16167954, 
            12.547792240000003, 
            12.928297959999998, 
            13.30870808, 
            13.69220064, 
            14.081408399999997, 
            14.479114180000002, 
            14.865235700000001, 
            15.259724620000002, 
            15.651818700000002, 
            16.03614052, 
            16.42503888, 
            16.81976442, 
            17.207704300000003, 
            17.59845384, 
            17.98355792, 
            18.38127982, 
            18.7742762, 
            19.162884979999998, 
            19.563565139999998, 
            19.96099444, 
            20.346223339999998, 
            20.73153816, 
            21.12071332
        ]
    }, 
    "node_configs": [
        {
            "model_image": "model-comp/theano-lstm", 
            "name": "lstm", 
            "cpus_per_replica": 2, 
            "input_type": "strings", 
            "batch_size": 1, 
            "num_replicas": 1, 
            "slo": 500000, 
            "allocated_cpus": [
                9, 
                10, 
                11, 
                12, 
                13, 
                14, 
                15
            ], 
            "gpus": [
                0
            ]
        }
    ], 
    "clipper_metrics": {
        "histograms": [
            {
                "internal:rpc_request_queueing_delay": {
                    "p99": "0", 
                    "min": "0", 
                    "max": "0", 
                    "p95": "0", 
                    "std_dev": "0", 
                    "size": "0", 
                    "p50": "0", 
                    "unit": "microseconds", 
                    "mean": "0"
                }
            }, 
            {
                "app:lstm:prediction_latency": {
                    "p99": "21265841.519999998196", 
                    "min": "37", 
                    "max": "21642259", 
                    "p95": "19714625.949999997114", 
                    "std_dev": "7099604.28110687309072", 
                    "size": "4096", 
                    "p50": "2704345.5", 
                    "unit": "microseconds", 
                    "mean": "6111973.09765625"
                }
            }, 
            {
                "model:lstm:1:prediction_latency": {
                    "p99": "14941.5400000000036016", 
                    "min": "8989", 
                    "max": "939884", 
                    "p95": "14398.2499999999995453", 
                    "std_dev": "17730.8742497693505076", 
                    "size": "2742", 
                    "p50": "12723.5", 
                    "unit": "microseconds", 
                    "mean": "13056.3942377826404044"
                }
            }, 
            {
                "model:lstm:1:batch_size": {
                    "p99": "1", 
                    "min": "1", 
                    "max": "1", 
                    "p95": "1", 
                    "std_dev": "1.11672823766006956703e-17", 
                    "size": "2742", 
                    "p50": "1", 
                    "unit": "queries", 
                    "mean": "1.00000000000000001117"
                }
            }
        ], 
        "meters": [
            {
                "internal:aggregate_model_throughput": {
                    "rate": "10.720305455672918", 
                    "rate_1min": "3.8487170993366244", 
                    "rate_15min": "2.5809739755226202", 
                    "unit": "events per second", 
                    "rate_5min": "5.5589734917887412"
                }
            }, 
            {
                "app:lstm:prediction_throughput": {
                    "rate": "0", 
                    "rate_1min": "0", 
                    "rate_15min": "0",