{
    "client_metrics": {
        "thrus": [
            2.9306062908629085, 
            297.6155045773264, 
            282.0619859420306, 
            284.0763824577152, 
            240.24024024024024, 
            294.1159169651943, 
            277.50951857648715, 
            287.36623101946043, 
            235.35614091242869, 
            269.6057285825209, 
            273.224043715847, 
            192.03293748943818, 
            203.9892130504139, 
            192.7658819810164, 
            192.67154511018887, 
            193.49770318226322, 
            195.00171601510093, 
            185.0309926912758, 
            193.10909505215875, 
            198.15635328899916, 
            196.6081167694927, 
            185.4675079472827, 
            202.93772652923724, 
            192.34912134921368, 
            192.82237973668177, 
            182.79330099110527, 
            196.6475525245613, 
            202.74516959633436, 
            183.60954328962202, 
            204.64880219056076, 
            190.34711700256585, 
            196.0853520320325, 
            188.67212558016678, 
            190.268887992511, 
            192.02924989534404, 
            202.2089303552002, 
            196.9271487705838
        ], 
        "p99_lats": [
            0.86100815, 
            0.7768577000000001, 
            0.68997395, 
            0.61678286, 
            0.54298784, 
            0.47069417, 
            0.38551285, 
            0.31597688, 
            0.24610109000000002, 
            0.17512853, 
            0.10873998, 
            0.03832934, 
            0.03880304, 
            0.03947485, 
            0.03972423, 
            0.04294394, 
            0.041777369999999994, 
            0.04441181999999999, 
            0.040879219999999994, 
            0.04354467999999999, 
            0.04661755000000001, 
            0.048560479999999996, 
            0.04107584, 
            0.047865109999999995, 
            0.04739493, 
            0.04886068, 
            0.04923540999999999, 
            0.047833009999999995, 
            0.044055489999999996, 
            0.04714441, 
            0.04632272999999999, 
            0.04667647999999999, 
            0.048208890000000004, 
            0.045623939999999995, 
            0.04638784, 
            0.04492923, 
            0.03974
        ], 
        "mean_lats": [
            0.8116446800000001, 
            0.7293021199999998, 
            0.6506126600000001, 
            0.57320136, 
            0.49841964000000005, 
            0.42508626, 
            0.34684022, 
            0.27438322, 
            0.20394202, 
            0.13597818, 
            0.06597404, 
            0.029097220000000003, 
            0.029640800000000005, 
            0.029566939999999996, 
            0.029755219999999992, 
            0.029517500000000002, 
            0.03176102, 
            0.03305668, 
            0.031137339999999996, 
            0.03334732, 
            0.034283799999999996, 
            0.03620398, 
            0.0320875, 
            0.03509604, 
            0.034756079999999995, 
            0.03607474, 
            0.03655652, 
            0.03574116, 
            0.03421814, 
            0.0353597, 
            0.035329, 
            0.033637059999999996, 
            0.035414060000000004, 
            0.034426099999999994, 
            0.034603880000000004, 
            0.03311514, 
            0.03055916
        ]
    }, 
    "node_configs": [
        {
            "model_image": "model-comp/theano-lstm", 
            "name": "lstm", 
            "cpus_per_replica": 5, 
            "input_type": "strings", 
            "batch_size": 8, 
            "num_replicas": 1, 
            "slo": 500000, 
            "allocated_cpus": [
                9, 
                10, 
                11, 
                12, 
                13, 
                14, 
                15
            ], 
            "gpus": [
                0
            ]
        }
    ], 
    "clipper_metrics": {
        "histograms": [
            {
                "internal:rpc_request_queueing_delay": {
                    "p99": "0", 
                    "min": "0", 
                    "max": "0", 
                    "p95": "0", 
                    "std_dev": "0", 
                    "size": "0", 
                    "p50": "0", 
                    "unit": "microseconds", 
                    "mean": "0"
                }
            }, 
            {
                "app:lstm:prediction_latency": {
                    "p99": "771460.979999999652136", 
                    "min": "37", 
                    "max": "861926", 
                    "p95": "477662.349999999240026", 
                    "std_dev": "154885.753680629312143", 
                    "size": "4096", 
                    "p50": "51", 
                    "unit": "microseconds", 
                    "mean": "56243.118896484375"
                }
            }, 
            {
                "model:lstm:1:prediction_latency": {
                    "p99": "32387.7899999999978036", 
                    "min": "14049", 
                    "max": "839330", 
                    "p95": "30095.5499999999808551", 
                    "std_dev": "40585.8009966381108597", 
                    "size": "408", 
                    "p50": "21023.5", 
                    "unit": "microseconds", 
                    "mean": "24073.0735294117647118"
                }
            }, 
            {
                "model:lstm:1:batch_size": {
                    "p99": "8", 
                    "min": "1", 
                    "max": "8", 
                    "p95": "8", 
                    "std_dev": "1.56890124755112424725", 
                    "size": "408", 
                    "p50": "4", 
                    "unit": "queries", 
                    "mean": "4.65441176470588236381"
                }
            }
        ], 
        "meters": [
            {
                "internal:aggregate_model_throughput": {
                    "rate": "7.4273049012738106", 
                    "rate_1min": "2.2636311821171513", 
                    "rate_15min": "1.7695392346214323", 
                    "unit": "events per second", 
                    "rate_5min": "3.7338662288680471"
                }
            }, 
            {
                "app:lstm:prediction_throughput": {
                    "rate": "0", 
                    "rate_1min": "0", 
                    "rate_15min": "0", 
                    "unit": "events per second", 
                    "rate_5min": "0"
                }
            }, 
            {
                "model:lstm:1:prediction_throughput": {
                    "rate": "11.580477252140451", 
                    "rate_1min": "15.732754488505069", 
                    "rate_15min": "162.50479470184649", 
                    "unit": "events per second", 
                    "rate_5min": "116.41178137075143"
                }
            }
        ], 
        "ratio_counters": [
            {
                "app:lstm:default_prediction_ratio": {
                    "ratio": "0.62019999999999997"
                }
            }, 
            {
                "model:lstm:1:cache_hit_ratio": {
                    "ratio": "0"
                }
            }
        ], 
        "counters": [
            {
                "internal:aggregate_num_predictions": {
                    "count": "5000"
                }
            }, 
            {
                "app:lstm:num_predictions": {
                    "count": "5000"
                }
            }, 
            {
                "model:lstm:1:num_predictions": {
                    "count": "1899"
                }
            }
        ]
    }
}