{
    "client_metrics": {
        "thrus": [
            2.684361692612454, 
            278.5065365484128, 
            231.55545058375128, 
            264.42015304638454, 
            238.94862604540026, 
            271.90759492294137, 
            282.2275657308001, 
            270.74004082759814, 
            236.59007457319152, 
            275.9777893075165, 
            281.20377712913444, 
            279.041214387365, 
            242.41836561537903, 
            213.47906837734558, 
            191.160727940052, 
            187.31221949995128, 
            202.40210822035922, 
            199.199219139061, 
            189.65255651646186, 
            191.61566496384214, 
            188.16587197946734, 
            190.9264131418469, 
            189.7086833458541, 
            197.4177754965057, 
            194.15666112672994, 
            202.74434748759205, 
            189.60652853199042, 
            182.55370730068785, 
            205.64537688628224, 
            189.52028625144035, 
            194.33399795560635, 
            194.8975813210158
        ], 
        "p99_lats": [
            0.94416967, 
            0.86322505, 
            0.78820226, 
            0.7661365099999999, 
            0.69192054, 
            0.6199930899999999, 
            0.54787242, 
            0.47790292, 
            0.41356769, 
            0.3410042, 
            0.2670954, 
            0.19368323999999998, 
            0.12503886, 
            0.051568119999999995, 
            0.04761079, 
            0.04831148, 
            0.04798555, 
            0.04839434, 
            0.04564316, 
            0.04572163, 
            0.04774897, 
            0.047284370000000006, 
            0.04498268999999999, 
            0.046614329999999995, 
            0.04668372, 
            0.04785647999999999, 
            0.04612188, 
            0.048765609999999994, 
            0.04751046, 
            0.04750382, 
            0.045955899999999994, 
            0.04667502
        ], 
        "mean_lats": [
            0.8971257000000001, 
            0.8221544799999999, 
            0.7565584599999999, 
            0.72214706, 
            0.64708996, 
            0.5823693, 
            0.5075174, 
            0.4373918400000001, 
            0.3683698999999999, 
            0.30083442, 
            0.22670388000000002, 
            0.15412154, 
            0.08221363999999999, 
            0.03796458, 
            0.03528312, 
            0.03519604, 
            0.03515834, 
            0.03634226, 
            0.03483773999999999, 
            0.03487622, 
            0.03551976, 
            0.03558472, 
            0.034154239999999995, 
            0.03349544, 
            0.034454019999999995, 
            0.03531124, 
            0.034724580000000005, 
            0.03695386, 
            0.035897200000000004, 
            0.03634686, 
            0.03437189999999999, 
            0.034720039999999994
        ]
    }, 
    "node_configs": [
        {
            "model_image": "model-comp/theano-lstm", 
            "name": "lstm", 
            "cpus_per_replica": 3, 
            "input_type": "strings", 
            "batch_size": 8, 
            "num_replicas": 1, 
            "slo": 500000, 
            "allocated_cpus": [
                9, 
                10, 
                11, 
                12, 
                13, 
                14, 
                15
            ], 
            "gpus": [
                0
            ]
        }
    ], 
    "clipper_metrics": {
        "histograms": [
            {
                "internal:rpc_request_queueing_delay": {
                    "p99": "0", 
                    "min": "0", 
                    "max": "0", 
                    "p95": "0", 
                    "std_dev": "0", 
                    "size": "0", 
                    "p50": "0", 
                    "unit": "microseconds", 
                    "mean": "0"
                }
            }, 
            {
                "app:lstm:prediction_latency": {
                    "p99": "855666.669999999417087", 
                    "min": "40", 
                    "max": "944315", 
                    "p95": "597859.949999999813372", 
                    "std_dev": "185668.104522863941412", 
                    "size": "4096", 
                    "p50": "63", 
                    "unit": "microseconds", 
                    "mean": "68803.384521484375"
                }
            }, 
            {
                "model:lstm:1:prediction_latency": {
                    "p99": "45699.059999999950378", 
                    "min": "17870", 
                    "max": "916657", 
                    "p95": "31417.74999999999892", 
                    "std_dev": "50785.6922511196241921", 
                    "size": "310", 
                    "p50": "22577", 
                    "unit": "microseconds", 
                    "mean": "27101.1806451612903288"
                }
            }, 
            {
                "model:lstm:1:batch_size": {
                    "p99": "8", 
                    "min": "1", 
                    "max": "8", 
                    "p95": "8", 
                    "std_dev": "1.70458462415184924213", 
                    "size": "310", 
                    "p50": "4", 
                    "unit": "queries", 
                    "mean": "5.22903225806451612493"
                }
            }
        ], 
        "meters": [
            {
                "internal:aggregate_model_throughput": {
                    "rate": "6.3355919021458176", 
                    "rate_1min": "1.9732924352505001", 
                    "rate_15min": "1.5126542008873209", 
                    "unit": "events per second", 
                    "rate_5min": "3.2009255283559632"
                }
            }, 
            {
                "app:lstm:prediction_throughput": {
                    "rate": "0", 
                    "rate_1min": "0", 
                    "rate_15min": "0", 
                    "unit": "events per second", 
                    "rate_5min": "0"
                }
            }, 
            {
                "model:lstm:1:prediction_throughput": {
                    "rate": "9.9708310442248997", 
                    "rate_1min": "15.354051381625391", 
                    "rate_15min": "162.07663037145156", 
                    "unit": "events per second", 
                    "rate_5min": "115.73709137383388"
                }
            }
        ], 
        "ratio_counters": [
            {
                "app:lstm:default_prediction_ratio": {
                    "ratio": "0.67579999999999996"
                }
            }, 
            {
                "model:lstm:1:cache_hit_ratio": {
                    "ratio": "0"
                }
            }
        ], 
        "counters": [
            {
                "internal:aggregate_num_predictions": {
                    "count": "5000"
                }
            }, 
            {
                "app:lstm:num_predictions": {
                    "count": "5000"
                }
            }, 
            {
                "model:lstm:1:num_predictions": {
                    "count": "1621"
                }
            }
        ]
    }
}