{
    "client_metrics": {
        "thrus": [
            3.697838384198456, 
            75.99939200486395, 
            75.50098679789744, 
            74.49466543700805, 
            76.05522826455659, 
            75.91181476302609, 
            75.90789639483037, 
            76.3026774609521, 
            75.16084420660212, 
            75.5339494889373, 
            78.15418570372373, 
            78.39583310467881, 
            78.8360021947943, 
            78.37727685989279, 
            77.49474973070573, 
            77.11943486878128, 
            78.30963944675806, 
            77.47301614847548, 
            77.19289578341527, 
            76.91585866557139, 
            77.72991342442243, 
            78.96860682004476, 
            76.91088950520148, 
            76.47048927348447, 
            77.30735393935083, 
            76.90544782811325, 
            76.96677036656195, 
            78.32656852869808, 
            78.22192185004232, 
            78.29566007156224, 
            77.88659400366691, 
            74.27147113959175, 
            75.01976770879128, 
            74.89907349846082, 
            74.60481827758365, 
            74.96993705524085, 
            74.61305668801594, 
            75.35170407878775, 
            74.77161011689793, 
            75.52550647404642, 
            75.1945282445687, 
            76.58774044721113, 
            76.35056514688323, 
            76.77201322321154, 
            76.1381511525032, 
            76.23671194110867, 
            75.05028369007235, 
            76.6234204081883, 
            73.25449196544731, 
            74.95184344058943, 
            76.47025536477076, 
            76.58820970464522, 
            76.27858158451973
        ], 
        "p99_lats": [
            1.23566721, 
            1.63476524, 
            2.03847396, 
            2.45217869, 
            2.84951601, 
            3.24983143, 
            3.650397, 
            4.04632181, 
            4.4534272900000005, 
            4.856389350000001, 
            5.23776535, 
            5.617606309999999, 
            5.993708079999999, 
            6.37003909, 
            6.75715504, 
            7.14738778, 
            7.5278845599999995, 
            7.91419196, 
            8.30437841, 
            8.694903929999999, 
            9.079079369999999, 
            9.45200011, 
            9.84343341, 
            10.23795209, 
            10.62639531, 
            11.018219989999999, 
            11.41007696, 
            11.78812521, 
            12.167227650000001, 
            12.54599941, 
            12.93014084, 
            13.34431442, 
            13.75126682, 
            14.15998685, 
            14.57082247, 
            14.97884455, 
            15.389441049999999, 
            15.7949527, 
            16.20472191, 
            16.60657734, 
            17.01395045, 
            17.409292020000002, 
            17.80480099, 
            18.196361160000002, 
            18.59363108, 
            18.99140234, 
            19.39926063, 
            19.79357049, 
            20.21887447, 
            20.6265959, 
            21.02187703, 
            21.415351010000002, 
            21.811876390000002
        ], 
        "mean_lats": [
            1.0416834400000001, 
            1.4437044400000003, 
            1.8427559400000002, 
            2.25641048, 
            2.6596219399999996, 
            3.05840314, 
            3.45562154, 
            3.85349268, 
            4.2563893, 
            4.662471460000001, 
            5.05514174, 
            5.434920899999998, 
            5.81452354, 
            6.18618172, 
            6.571954880000001, 
            6.9630437999999995, 
            7.34930336, 
            7.72781296, 
            8.1183359, 
            8.5057788, 
            8.896450960000001, 
            9.274915400000001, 
            9.65549102, 
            10.04364866, 
            10.4389103, 
            10.829200039999998, 
            11.22388188, 
            11.6052874, 
            11.9866472, 
            12.3632368, 
            12.7474335, 
            13.14909754, 
            13.553543980000002, 
            13.963868, 
            14.373423719999998, 
            14.78192272, 
            15.19466388, 
            15.602202720000001, 
            16.00675394, 
            16.414538059999998, 
            16.82015182, 
            17.216533860000002, 
            17.61282148, 
            18.00697778, 
            18.406443940000003, 
            18.8005052, 
            19.205861419999998, 
            19.6023457, 
            20.01485864, 
            20.42851422, 
            20.83331504, 
            21.228895259999998, 
            21.622817720000004
        ]
    }, 
    "node_configs": [
        {
            "model_image": "model-comp/theano-lstm", 
            "name": "lstm", 
            "cpus_per_replica": 3, 
            "input_type": "strings", 
            "batch_size": 1, 
            "num_replicas": 1, 
            "slo": 500000, 
            "allocated_cpus": [
                9, 
                10, 
                11, 
                12, 
                13, 
                14, 
                15
            ], 
            "gpus": [
                0
            ]
        }
    ], 
    "clipper_metrics": {
        "histograms": [
            {
                "internal:rpc_request_queueing_delay": {
                    "p99": "0", 
                    "min": "0", 
                    "max": "0", 
                    "p95": "0", 
                    "std_dev": "0", 
                    "size": "0", 
                    "p50": "0", 
                    "unit": "microseconds", 
                    "mean": "0"
                }
            }, 
            {
                "app:lstm:prediction_latency": {
                    "p99": "21595751.7999999977437", 
                    "min": "39", 
                    "max": "22007524", 
                    "p95": "20047487.7999999970343", 
                    "std_dev": "7227508.0820862622204", 
                    "size": "4096", 
                    "p50": "2296608.5", 
                    "unit": "microseconds", 
                    "mean": "6099017.291259765625"
                }
            }, 
            {
                "model:lstm:1:prediction_latency": {
                    "p99": "15383.5199999999995271", 
                    "min": "9603", 
                    "max": "843399", 
                    "p95": "14688.6999999999975444", 
                    "std_dev": "16088.4752196649683622", 
                    "size": "2673", 
                    "p50": "13063", 
                    "unit": "microseconds", 
                    "mean": "13391.0819304152637548"
                }
            }, 
            {
                "model:lstm:1:batch_size": {
                    "p99": "1", 
                    "min": "1", 
                    "max": "1", 
                    "p95": "1", 
                    "std_dev": "2.55329611620336294209e-17", 
                    "size": "2673", 
                    "p50": "1", 
                    "unit": "queries", 
                    "mean": "0.999999999999999974467"
                }
            }
        ], 
        "meters": [
            {
                "internal:aggregate_model_throughput": {
                    "rate": "10.451612658026683", 
                    "rate_1min": "3.776031119979109", 
                    "rate_15min": "2.5171154808213227", 
                    "unit": "events per second", 
                    "rate_5min": "5.42611898047012"
                }
            }, 
            {
                "app:lstm:prediction_throughput": {
                    "rate": "0", 
                    "rate_1min": "0", 
                    "rate_15min": "0", 
                    "unit": "events per second",