{
    "client_metrics": {
        "thrus": [
            3.1084421060118017, 
            276.116476974647, 
            270.5247097269865, 
            270.78549456262726, 
            239.82770777473462, 
            272.6147571820358, 
            287.776409241076, 
            273.6367417525886, 
            235.00326654540498, 
            273.9095660176836, 
            284.3316216569709, 
            244.97315094265667, 
            191.69721042219393, 
            188.58957627694005, 
            198.4599507819322, 
            187.77650089757168, 
            192.90644423267602, 
            204.1774710578435, 
            193.53065719140568, 
            198.94796317075307, 
            182.09231351926172, 
            207.9745771876846, 
            185.91922181650517, 
            190.17987212305397, 
            191.36045804039236, 
            200.44097013429544, 
            187.29958943929992, 
            203.48860870768456, 
            182.6991237750024, 
            205.93165540220514, 
            199.49169516073047, 
            193.1046202211434, 
            184.66197625246986, 
            190.5691156068483, 
            208.81447669003998, 
            179.27636886471447, 
            198.69497142766312, 
            199.74672115757218, 
            191.64724641236353, 
            185.92613526498192, 
            205.66737004907225
        ], 
        "p99_lats": [
            0.85907432, 
            0.78837418, 
            0.7133332, 
            0.64772209, 
            0.58925797, 
            0.5134752, 
            0.44285505999999997, 
            0.36815759, 
            0.30314927, 
            0.23402378999999998, 
            0.1620619, 
            0.09023002999999999, 
            0.046698750000000004, 
            0.04648864999999999, 
            0.04882053, 
            0.04710784, 
            0.04580545999999999, 
            0.04671432, 
            0.044513119999999996, 
            0.04455619999999999, 
            0.045746459999999996, 
            0.04457061999999999, 
            0.04185474, 
            0.041596419999999995, 
            0.040878979999999995, 
            0.042712219999999995, 
            0.043650789999999995, 
            0.04278152, 
            0.04765488, 
            0.06549461999999999, 
            0.0401605, 
            0.042082049999999996, 
            0.04437779, 
            0.04077549, 
            0.044319529999999996, 
            0.04632680999999999, 
            0.04474914, 
            0.044583479999999995, 
            0.040585590000000005, 
            0.0427451, 
            0.04458053999999999
        ], 
        "mean_lats": [
            0.8151024, 
            0.74385874, 
            0.6760620199999999, 
            0.6089879, 
            0.5413753, 
            0.4737278, 
            0.40277112000000004, 
            0.3275851, 
            0.26274509999999995, 
            0.19286762000000002, 
            0.1215413, 
            0.05177100000000001, 
            0.0349439, 
            0.034946399999999996, 
            0.03587488, 
            0.0351712, 
            0.03472472, 
            0.0351401, 
            0.0338514, 
            0.03286774, 
            0.03306362, 
            0.03196112, 
            0.03321404, 
            0.031548980000000004, 
            0.03112692, 
            0.03377143999999999, 
            0.03319426, 
            0.033039679999999995, 
            0.03238766, 
            0.03983738, 
            0.03026708, 
            0.031821140000000005, 
            0.03247638, 
            0.031119280000000003, 
            0.03173666, 
            0.03378814, 
            0.03453296, 
            0.0338389, 
            0.031195660000000004, 
            0.03333642, 
            0.03251048
        ]
    }, 
    "node_configs": [
        {
            "model_image": "model-comp/theano-lstm", 
            "name": "lstm", 
            "cpus_per_replica": 3, 
            "input_type": "strings", 
            "batch_size": 8, 
            "num_replicas": 1, 
            "slo": 500000, 
            "allocated_cpus": [
                9, 
                10, 
                11, 
                12, 
                13, 
                14, 
                15
            ], 
            "gpus": [
                0
            ]
        }
    ], 
    "clipper_metrics": {
        "histograms": [
            {
                "internal:rpc_request_queueing_delay": {
                    "p99": "0", 
                    "min": "0", 
                    "max": "0", 
                    "p95": "0", 
                    "std_dev": "0", 
                    "size": "0", 
                    "p50": "0", 
                    "unit": "microseconds", 
                    "mean": "0"
                }
            }, 
            {
                "app:lstm:prediction_latency": {
                    "p99": "773468.089999999515385", 
                    "min": "37", 
                    "max": "860352", 
                    "p95": "509100.099999998379644", 
                    "std_dev": "160959.197883764256375", 
                    "size": "4096", 
                    "p50": "52", 
                    "unit": "microseconds", 
                    "mean": "61735.2119140625"
                }
            }, 
            {
                "model:lstm:1:prediction_latency": {
                    "p99": "32495.600000000009004", 
                    "min": "13418", 
                    "max": "833573", 
                    "p95": "30741.5999999999999091", 
                    "std_dev": "38602.8598225816509313", 
                    "size": "445", 
                    "p50": "21121", 
                    "unit": "microseconds", 
                    "mean": "24210.6696629213483174"
                }
            }, 
            {
                "model:lstm:1:batch_size": {
                    "p99": "8", 
                    "min": "1", 
                    "max": "8", 
                    "p95": "8", 
                    "std_dev": "1.53284784711620571628", 
                    "size": "445", 
                    "p50": "4", 
                    "unit": "queries", 
                    "mean": "4.6876404494382022353"
                }
            }
        ], 
        "meters": [
            {
                "internal:aggregate_model_throughput": {
                    "rate": "8.1254914929064448", 
                    "rate_1min": "2.4732322556091741", 
                    "rate_15min": "1.9430869582301855", 
                    "unit": "events per second", 
                    "rate_5min": "4.0971040676671171"
                }
            }, 
            {
                "app:lstm:prediction_throughput": {
                    "rate": "0", 
                    "rate_1min": "0", 
                    "rate_15min": "0", 
                    "unit": "events per second", 
                    "rate_5min": "0"
                }
            }, 
            {
                "model:lstm:1:prediction_throughput": {
                    "rate": "12.571034404673325", 
                    "rate_1min": "14.754898471078871", 
                    "rate_15min": "162.27919326720163", 
                    "unit": "events per second", 
                    "rate_5min": "115.2075799760169"
                }
            }
        ], 
        "ratio_counters": [
            {
                "app:lstm:default_prediction_ratio": {
                    "ratio": "0.58279999999999998"
                }
            }, 
            {
                "model:lstm:1:cache_hit_ratio": {
                    "ratio": "0"
                }
            }
        ],