{
    "client_metrics": {
        "thrus": [
            2.8575122110069318, 
            383.7180746561886, 
            363.71571979340945, 
            376.61095335296733, 
            350.99788699272034, 
            317.446208739929, 
            360.04637397296773, 
            210.8654762607647, 
            189.66262811710527, 
            198.50564947078394, 
            193.29348910211309, 
            188.59313294684316, 
            200.19138296211176, 
            191.4395874094012, 
            191.6869215847141, 
            192.2189758572966, 
            203.38927894432828, 
            184.48618751914043, 
            192.09638628278122, 
            203.0258979835468, 
            190.94901661256444, 
            189.66406700452157, 
            193.6738377632996, 
            190.02086429089914, 
            200.70648683365445, 
            195.3163147717729, 
            197.63705141330254, 
            181.55739937181139, 
            205.50084666348826, 
            186.87397219315292, 
            194.02556480841918, 
            199.28734844197152, 
            189.7353192296746, 
            198.6168323793105, 
            194.1038999355575, 
            193.27182135499007
        ], 
        "p99_lats": [
            0.87626111, 
            0.7550016399999999, 
            0.63228781, 
            0.50525312, 
            0.38337374, 
            0.30434126, 
            0.20344367, 
            0.045279509999999995, 
            0.04032875, 
            0.046588359999999995, 
            0.04033765, 
            0.040258379999999996, 
            0.03853898, 
            0.03977245, 
            0.03852125000000001, 
            0.04018218, 
            0.03920754, 
            0.0386988, 
            0.03843077, 
            0.04045628, 
            0.03891911, 
            0.039996580000000004, 
            0.03845886, 
            0.03947249, 
            0.04082243, 
            0.04218728000000001, 
            0.04128261, 
            0.03912857, 
            0.0382016, 
            0.03940018, 
            0.03839798, 
            0.04027003999999999, 
            0.039337380000000005, 
            0.0386292, 
            0.038738190000000006, 
            0.04075366
        ], 
        "mean_lats": [
            0.7997478, 
            0.68173158, 
            0.5586595600000002, 
            0.4419465, 
            0.32269684000000004, 
            0.23120082000000003, 
            0.11148920000000001, 
            0.03032264, 
            0.030002940000000002, 
            0.030930999999999997, 
            0.02996384, 
            0.030022220000000006, 
            0.02883564, 
            0.030048519999999995, 
            0.030005460000000005, 
            0.02963458, 
            0.029807039999999996, 
            0.02911146, 
            0.029785179999999998, 
            0.03000942, 
            0.02964738, 
            0.030227559999999997, 
            0.029181460000000003, 
            0.02984998, 
            0.0306033, 
            0.03197377999999999, 
            0.03116286, 
            0.029650440000000004, 
            0.02923654, 
            0.0301451, 
            0.02922564, 
            0.03042202, 
            0.030339259999999996, 
            0.028125120000000007, 
            0.029176999999999998, 
            0.029800959999999998
        ]
    }, 
    "node_configs": [
        {
            "model_image": "model-comp/theano-lstm", 
            "name": "lstm", 
            "cpus_per_replica": 4, 
            "input_type": "strings", 
            "batch_size": 16, 
            "num_replicas": 1, 
            "slo": 500000, 
            "allocated_cpus": [
                9, 
                10, 
                11, 
                12, 
                13, 
                14, 
                15
            ], 
            "gpus": [
                0
            ]
        }
    ], 
    "clipper_metrics": {
        "histograms": [
            {
                "internal:rpc_request_queueing_delay": {
                    "p99": "0", 
                    "min": "0", 
                    "max": "0", 
                    "p95": "0", 
                    "std_dev": "0", 
                    "size": "0", 
                    "p50": "0", 
                    "unit": "microseconds", 
                    "mean": "0"
                }
            }, 
            {
                "app:lstm:prediction_latency": {
                    "p99": "728942.629999998848689", 
                    "min": "37", 
                    "max": "877090", 
                    "p95": "284487.399999998706335", 
                    "std_dev": "128184.227132796287329", 
                    "size": "4096", 
                    "p50": "50", 
                    "unit": "microseconds", 
                    "mean": "39971.286865234375"
                }
            }, 
            {
                "model:lstm:1:prediction_latency": {
                    "p99": "49237.060000000038599", 
                    "min": "15281", 
                    "max": "838249", 
                    "p95": "41005.5999999999776264", 
                    "std_dev": "40074.7864379016651313", 
                    "size": "426", 
                    "p50": "18843", 
                    "unit": "microseconds", 
                    "mean": "21975.4999999999999982"
                }
            }, 
            {
                "model:lstm:1:batch_size": {
                    "p99": "16", 
                    "min": "1", 
                    "max": "16", 
                    "p95": "14.2499999999998863132", 
                    "std_dev": "2.74679685972671699078", 
                    "size": "426", 
                    "p50": "4", 
                    "unit": "queries", 
                    "mean": "4.25117370892018779215"
                }
            }
        ], 
        "meters": [
            {
                "internal:aggregate_model_throughput": {
                    "rate": "7.0815876952459416", 
                    "rate_1min": "2.1680694388517652", 
                    "rate_15min": "1.6880276257053806", 
                    "unit": "events per second", 
                    "rate_5min": "3.5639324821419138"
                }
            }, 
            {
                "app:lstm:prediction_throughput": {
                    "rate": "0", 
                    "rate_1min": "0", 
                    "rate_15min": "0", 
                    "unit": "events per second", 
                    "rate_5min": "0"
                }
            }, 
            {
                "model:lstm:1:prediction_throughput": {
                    "rate": "11.074277841511099", 
                    "rate_1min": "15.603451238000137", 
                    "rate_15min": "162.25483659329652", 
                    "unit": "events per second", 
                    "rate_5min": "116.11804403450509"
                }
            }
        ], 
        "ratio_counters": [
            {
                "app:lstm:default_prediction_ratio": {
                    "ratio": "0.63780000000000003"
                }
            }, 
            {
                "model:lstm:1:cache_hit_ratio": {
                    "ratio": "0"
                }
            }
        ], 
        "counters": [
            {
                "internal:aggregate_num_predictions": {
                    "count": "5000"
                }
            }, 
            {
                "app:lstm:num_predictions": {
                    "count": "5000"
                }
            }, 
            {
                "model:lstm:1:num_predictions": {
                    "count": "1811"
                }
            }
        ]
    }
}