{
    "client_metrics": {
        "thrus": [
            3.9465043443119825, 
            78.88936397816974, 
            79.47963096017753, 
            79.93145078780438, 
            81.77403870528799, 
            80.59992133447678, 
            81.59934720522236, 
            80.26944848467336, 
            79.68902156225546, 
            80.19837870957602, 
            81.11352649167776, 
            81.14340799067824, 
            80.88468432325402, 
            79.09377516170723, 
            79.78082611449825, 
            79.54652119198872, 
            81.8382842767378, 
            79.53197026140569, 
            78.18217071233339, 
            82.09843602479373, 
            80.93076858332307, 
            80.97493825660958, 
            81.34432891742087, 
            80.31715638714155, 
            80.91898067978418, 
            79.66400907532392, 
            79.41562804261125, 
            80.42917005139424, 
            80.78471036257794, 
            78.98070659299346, 
            78.73916549082846, 
            79.94614827452229, 
            79.8278273419888, 
            80.2886537680268, 
            80.14258969558638, 
            79.74023820003954, 
            79.52071276005262, 
            79.16565730453603, 
            79.62747084042017, 
            79.52172453992706, 
            78.4598026892882, 
            78.69950639669588, 
            81.14709533972231, 
            79.01228324955397, 
            79.1441040016842, 
            81.80347206656839, 
            80.37228442144011, 
            79.20867366660119, 
            80.66936209895226, 
            79.83917197197964, 
            79.93605115907275, 
            80.01459466206636, 
            79.95535293092337, 
            79.08564342497779, 
            79.76975258613537, 
            80.32244642894435, 
            80.60498880396706
        ], 
        "p99_lats": [
            1.3147052599999998, 
            1.69197518, 
            2.06271711, 
            2.43003882, 
            2.78165911, 
            3.1438444500000005, 
            3.49840386, 
            3.86372448, 
            4.23216088, 
            4.59760447, 
            4.95588876, 
            5.31225913, 
            5.672322, 
            6.04606404, 
            6.41531181, 
            6.78683838, 
            7.13897296, 
            7.50890715, 
            7.89036409, 
            8.24026842, 
            8.60006071, 
            8.95975916, 
            9.31731235, 
            9.679919179999999, 
            10.04096392, 
            10.40922058, 
            10.780862330000001, 
            11.14225832, 
            11.50357736, 
            11.87764681, 
            12.253813090000001, 
            12.6219458, 
            12.98975789, 
            13.35345692, 
            13.718513219999998, 
            14.08585097, 
            14.45607102, 
            14.82971287, 
            15.199201380000002, 
            15.56866003, 
            15.94737984, 
            16.324387, 
            16.680685790000002, 
            17.05480521, 
            17.428051699999997, 
            17.780771820000002, 
            18.14456329, 
            18.51750089, 
            18.878324109999998, 
            19.246235560000002, 
            19.612663310000002, 
            19.97864234, 
            20.34501384, 
            20.720293239999997, 
            21.088391379999997, 
            21.45189645, 
            21.813153110000002
        ], 
        "mean_lats": [
            1.1382234599999999, 
            1.5110116999999996, 
            1.8855548, 
            2.2524579, 
            2.6074285400000003, 
            2.9702491600000007, 
            3.3291040200000004, 
            3.6870392999999995, 
            4.05722108, 
            4.42233202, 
            4.785164539999999, 
            5.14000334, 
            5.497525200000001, 
            5.86517732, 
            6.239460820000001, 
            6.607599399999999, 
            6.96866976, 
            7.32933054, 
            7.7077496, 
            8.0732074, 
            8.430501940000001, 
            8.785850739999999, 
            9.143302760000001, 
            9.5063984, 
            9.8655477, 
            10.23433526, 
            10.603752199999999, 
            10.968941300000001, 
            11.332614239999998, 
            11.69934766, 
            12.0729051, 
            12.44558886, 
            12.812126619999999, 
            13.17896646, 
            13.54294832, 
            13.905943960000002, 
            14.27950914, 
            14.64908492, 
            15.01903418, 
            15.393623139999999, 
            15.76374382, 
            16.14399612, 
            16.5101688, 
            16.87146048, 
            17.250934219999998, 
            17.61386712, 
            17.9728569, 
            18.33621802, 
            18.70289566, 
            19.074664440000003, 
            19.434907919999997, 
            19.80595158, 
            20.16847838, 
            20.54211702, 
            20.91089674, 
            21.277823360000003, 
            21.63873078
        ]
    }, 
    "node_configs": [
        {
            "model_image": "model-comp/theano-lstm", 
            "name": "lstm", 
            "cpus_per_replica": 2, 
            "input_type": "strings", 
            "batch_size": 1, 
            "num_replicas": 1, 
            "slo": 500000, 
            "allocated_cpus": [
                9, 
                10, 
                11, 
                12, 
                13, 
                14, 
                15
            ], 
            "gpus": [
                0
            ]
        }
    ], 
    "clipper_metrics": {
        "histograms": [
            {
                "internal:rpc_request_queueing_delay": {
                    "p99": "0", 
                    "min": "0", 
                    "max": "0", 
                    "p95": "0", 
                    "std_dev": "0", 
                    "size": "0", 
                    "p50": "0", 
                    "unit": "microseconds", 
                    "mean": "0"
                }
            }, 
            {
                "app:lstm:prediction_latency": {
                    "p99": "21458394.3299999982919", 
                    "min": "35", 
                    "max": "21815573", 
                    "p95": "20055535.5499999971853", 
                    "std_dev": "7273599.32550151525993", 
                    "size": "4096", 
                    "p50": "3693510", 
                    "unit": "microseconds", 
                    "mean": "6576156.258544921875"
                }
            }, 
            {
                "model:lstm:1:prediction_latency": {
                    "p99": "14757.9399999999986903", 
                    "min": "8366", 
                    "max": "957108", 
                    "p95": "14013.1499999999987267", 
                    "std_dev": "17716.8852026250031173", 
                    "size": "2850", 
                    "p50": "12501", 
                    "unit": "microseconds", 
                    "mean": "12804.3757894736841916"
                }
            }, 
            {
                "model:lstm:1:batch_size": {
                    "p99": "1", 
                    "min": "1", 
                    "max": "1", 
                    "p95": "1", 
                    "std_dev": "3.55618312575245454354e-17", 
                    "size": "2850", 
                    "p50": "1", 
                    "unit": "queries", 
                    "mean": "0.999999999999999964438"
                }
            }
        ], 
        "meters": [
            {
                "internal:aggregate_model_throughput": {
                    "rate": "11.101094418337007", 
                    "rate_1min": "3.9961613433387111", 
                    "rate_15min": "2.6823511130645223", 
                    "unit": "events per second",