{
    "client_metrics": {
        "thrus": [
            2.941740073377588, 
            332.03176879963877, 
            619.9781767681778, 
            333.36667000033333, 
            556.1302234531238, 
            320.7430976085395, 
            497.32934143648606, 
            247.7221944222871, 
            190.87903613721912, 
            187.82023349811428, 
            197.50979648590572, 
            188.28207667599293, 
            199.7914177598587, 
            202.7624354201643, 
            183.58190323030718, 
            189.3078903528699, 
            197.82393669634027, 
            195.95547891519047, 
            200.39839200330258, 
            192.0624433415792, 
            194.07753009172103, 
            182.98864372477044, 
            197.65033284316053, 
            200.11847013431952, 
            187.1068417487754, 
            202.90643172807293, 
            185.514301297487, 
            193.22327335682928, 
            195.0869307363361, 
            197.0420054147143, 
            183.92360549122319, 
            202.97397467696692, 
            195.8625984699214, 
            196.22155768521353, 
            188.18357684288176, 
            189.39896133609605, 
            197.42401149797445, 
            197.2721211093006
        ], 
        "p99_lats": [
            1.07985344, 
            0.90436063, 
            0.79534682, 
            0.63142092, 
            0.5065726700000001, 
            0.3760323, 
            0.23525363, 
            0.07710365, 
            0.03943547, 
            0.04041428, 
            0.04397799999999999, 
            0.04284402, 
            0.0443591, 
            0.044484819999999994, 
            0.041896619999999996, 
            0.04680655, 
            0.04892866, 
            0.04695274, 
            0.04150864, 
            0.04584254, 
            0.04567122999999999, 
            0.04494091, 
            0.04420477, 
            0.043635259999999995, 
            0.044201889999999994, 
            0.042109270000000004, 
            0.044050309999999995, 
            0.045868849999999996, 
            0.04522336, 
            0.043820849999999995, 
            0.044707279999999995, 
            0.04355971, 
            0.04043305, 
            0.04382946, 
            0.040629139999999994, 
            0.04405202, 
            0.04325117, 
            0.04404056
        ], 
        "mean_lats": [
            0.98558486, 
            0.83722582, 
            0.7046517000000001, 
            0.5600504, 
            0.42686366, 
            0.2966139, 
            0.15110233999999997, 
            0.04147119999999999, 
            0.029544220000000006, 
            0.031547839999999994, 
            0.033515960000000004, 
            0.033099159999999996, 
            0.034391740000000004, 
            0.032084760000000004, 
            0.03250798, 
            0.03529216, 
            0.036132159999999997, 
            0.03480656, 
            0.03275588, 
            0.03423144, 
            0.034654120000000004, 
            0.033465119999999994, 
            0.033612920000000004, 
            0.03362776, 
            0.03353042, 
            0.03270054, 
            0.03321616, 
            0.03465886, 
            0.0338924, 
            0.032943, 
            0.0339025, 
            0.03222434, 
            0.03141166, 
            0.03353266, 
            0.03219576, 
            0.0322444, 
            0.032832, 
            0.032890260000000004
        ]
    }, 
    "node_configs": [
        {
            "model_image": "model-comp/theano-lstm", 
            "name": "lstm", 
            "cpus_per_replica": 3, 
            "input_type": "strings", 
            "batch_size": 32, 
            "num_replicas": 1, 
            "slo": 500000, 
            "allocated_cpus": [
                9, 
                10, 
                11, 
                12, 
                13, 
                14, 
                15
            ], 
            "gpus": [
                0
            ]
        }
    ], 
    "clipper_metrics": {
        "histograms": [
            {
                "internal:rpc_request_queueing_delay": {
                    "p99": "0", 
                    "min": "0", 
                    "max": "0", 
                    "p95": "0", 
                    "std_dev": "0", 
                    "size": "0", 
                    "p50": "0", 
                    "unit": "microseconds", 
                    "mean": "0"
                }
            }, 
            {
                "app:lstm:prediction_latency": {
                    "p99": "921972.679999999578285", 
                    "min": "39", 
                    "max": "1080450", 
                    "p95": "334812.399999999644933", 
                    "std_dev": "159377.730757474142422", 
                    "size": "4096", 
                    "p50": "56", 
                    "unit": "microseconds", 
                    "mean": "48610.986572265625"
                }
            }, 
            {
                "model:lstm:1:prediction_latency": {
                    "p99": "78046.9199999999841566", 
                    "min": "16149", 
                    "max": "1008706", 
                    "p95": "24177.7999999999997272", 
                    "std_dev": "49996.0244311792376273", 
                    "size": "402", 
                    "p50": "20968.5", 
                    "unit": "microseconds", 
                    "mean": "24898.7611940298507545"
                }
            }, 
            {
                "model:lstm:1:batch_size": {
                    "p99": "32", 
                    "min": "1", 
                    "max": "32", 
                    "p95": "5", 
                    "std_dev": "4.50438650480931746011", 
                    "size": "402", 
                    "p50": "4", 
                    "unit": "queries", 
                    "mean": "4.81592039800995025747"
                }
            }
        ], 
        "meters": [
            {
                "internal:aggregate_model_throughput": {
                    "rate": "7.5701174602651626", 
                    "rate_1min": "2.3070809244436541", 
                    "rate_15min": "1.8039783482713736", 
                    "unit": "events per second", 
                    "rate_5min": "3.8063769458580223"
                }
            }, 
            {
                "app:lstm:prediction_throughput": {
                    "rate": "0", 
                    "rate_1min": "0", 
                    "rate_15min": "0", 
                    "unit": "events per second", 
                    "rate_5min": "0"
                }
            }, 
            {
                "model:lstm:1:prediction_throughput": {
                    "rate": "11.792028620325464", 
                    "rate_1min": "15.809703815652785", 
                    "rate_15min": "162.87437557521966", 
                    "unit": "events per second", 
                    "rate_5min": "116.72079497524744"
                }
            }
        ], 
        "ratio_counters": [
            {
                "app:lstm:default_prediction_ratio": {
                    "ratio": "0.61280000000000001"
                }
            }, 
            {
                "model:lstm:1:cache_hit_ratio": {
                    "ratio": "0"
                }
            }
        ], 
        "counters": [
            {
                "internal:aggregate_num_predictions": {
                    "count": "5000"
                }
            }, 
            {
                "app:lstm:num_predictions": {
                    "count": "5000"
                }
            }, 
            {
                "model:lstm:1:num_predictions": {
                    "count": "1936"
                }
            }
        ]
    }
}