{
    "client_metrics": {
        "thrus": [
            3.1601881019802813, 
            346.8994130461931, 
            630.1753147725698, 
            271.93569264740273, 
            600.1968645715795, 
            363.9460486377499, 
            215.75531621099142, 
            199.29926378851954, 
            192.67451494190865, 
            193.71735862507168, 
            201.36444548259004, 
            186.23985458392153, 
            192.8253542201757, 
            191.88186217509605, 
            206.27743489884156, 
            192.5009336295281, 
            185.89848455555392, 
            196.61198232065055, 
            201.08748109777676, 
            186.7553131886602, 
            201.1691953634524, 
            190.3514649448742, 
            197.03035843762808, 
            185.78451225991995, 
            200.01120062723513, 
            189.24841882946066, 
            197.50121463246998, 
            196.9426621133523, 
            184.10306826173564, 
            202.82412308990382, 
            185.41661258682134, 
            200.59939098024898, 
            190.262371810727, 
            203.16861776262593, 
            191.83621791059664, 
            197.47001417834701, 
            181.96905070385628, 
            196.67694631506072, 
            199.1381301726129, 
            197.7425708116146, 
            185.99460615642147, 
            193.72411361531815
        ], 
        "p99_lats": [
            0.89379523, 
            0.72066295, 
            0.60649579, 
            0.47136837, 
            0.36249982999999997, 
            0.20431531999999997, 
            0.05720327999999999, 
            0.03752254, 
            0.0391308, 
            0.04041931, 
            0.03753305, 
            0.03762505, 
            0.03895481, 
            0.03867569, 
            0.03985035, 
            0.03885432, 
            0.04063300999999999, 
            0.036560739999999994, 
            0.03920983, 
            0.03791223, 
            0.03966972, 
            0.03855164, 
            0.03882896999999999, 
            0.06853546999999999, 
            0.03906340999999999, 
            0.03755708, 
            0.03849579, 
            0.04070091, 
            0.04171644, 
            0.04002992, 
            0.03950326, 
            0.03831663, 
            0.03896599, 
            0.04030201, 
            0.039146799999999995, 
            0.03920314, 
            0.03890763, 
            0.038629909999999996, 
            0.03881356999999999, 
            0.038891959999999996, 
            0.039269029999999996, 
            0.03906026
        ], 
        "mean_lats": [
            0.8000309800000001, 
            0.6512254, 
            0.51607742, 
            0.3940939, 
            0.26987586, 
            0.12480120000000001, 
            0.033935179999999995, 
            0.028676019999999997, 
            0.02925798, 
            0.029698699999999998, 
            0.0282922, 
            0.028444700000000003, 
            0.029137679999999996, 
            0.02915648, 
            0.02980174, 
            0.029035820000000004, 
            0.02937174, 
            0.02765678, 
            0.030171700000000003, 
            0.0283981, 
            0.03008198, 
            0.028577659999999998, 
            0.029227299999999998, 
            0.04114528, 
            0.02898248, 
            0.028309939999999995, 
            0.028389160000000004, 
            0.03069674, 
            0.03084682, 
            0.029990300000000004, 
            0.029297079999999996, 
            0.028618019999999994, 
            0.029568660000000004, 
            0.030400660000000003, 
            0.02996176, 
            0.029111900000000003, 
            0.029197580000000004, 
            0.028946919999999998, 
            0.029260359999999996, 
            0.028124659999999996, 
            0.029249600000000004, 
            0.029601939999999997
        ]
    }, 
    "node_configs": [
        {
            "model_image": "model-comp/theano-lstm", 
            "name": "lstm", 
            "cpus_per_replica": 3, 
            "input_type": "strings", 
            "batch_size": 32, 
            "num_replicas": 1, 
            "slo": 500000, 
            "allocated_cpus": [
                9, 
                10, 
                11, 
                12, 
                13, 
                14, 
                15
            ], 
            "gpus": [
                0
            ]
        }
    ], 
    "clipper_metrics": {
        "histograms": [
            {
                "internal:rpc_request_queueing_delay": {
                    "p99": "0", 
                    "min": "0", 
                    "max": "0", 
                    "p95": "0", 
                    "std_dev": "0", 
                    "size": "0", 
                    "p50": "0", 
                    "unit": "microseconds", 
                    "mean": "0"
                }
            }, 
            {
                "app:lstm:prediction_latency": {
                    "p99": "703583.879999998855055", 
                    "min": "37", 
                    "max": "889639", 
                    "p95": "206666.499999998366548", 
                    "std_dev": "118936.499577856104899", 
                    "size": "4096", 
                    "p50": "56", 
                    "unit": "microseconds", 
                    "mean": "37505.1904296875"
                }
            }, 
            {
                "model:lstm:1:prediction_latency": {
                    "p99": "79985.4999999999747615", 
                    "min": "14128", 
                    "max": "820188", 
                    "p95": "21406.0999999999979764", 
                    "std_dev": "36027.199883973857407", 
                    "size": "521", 
                    "p50": "18344", 
                    "unit": "microseconds", 
                    "mean": "21062.3666026871401211"
                }
            }, 
            {
                "model:lstm:1:batch_size": {
                    "p99": "32", 
                    "min": "1", 
                    "max": "32", 
                    "p95": "4", 
                    "std_dev": "3.71172689332931959199", 
                    "size": "521", 
                    "p50": "4", 
                    "unit": "queries", 
                    "mean": "4.07869481765834932321"
                }
            }
        ], 
        "meters": [
            {
                "internal:aggregate_model_throughput": {
                    "rate": "8.2779483080576792", 
                    "rate_1min": "2.5159613192752897", 
                    "rate_15min": "1.9792308532729557", 
                    "unit": "events per second", 
                    "rate_5min": "4.1725388623446937"
                }
            }, 
            {
                "app:lstm:prediction_throughput": {
                    "rate": "0", 
                    "rate_1min": "0", 
                    "rate_15min": "0", 
                    "unit": "events per second", 
                    "rate_5min": "0"
                }
            }, 
            {
                "model:lstm:1:prediction_throughput": {
                    "rate": "12.790156127660275", 
                    "rate_1min": "14.780922954333773", 
                    "rate_15min": "161.98279692147656", 
                    "unit": "events per second", 
                    "rate_5min": "115.0551270623578"
                }
            }
        ], 
        "ratio_counters": [
            {
                "app:lstm:default_prediction_ratio": {
                    "ratio": "0.57499999999999996"
                }
            }, 
            {
                "model:lstm:1:cache_hit_ratio": {
                    "ratio": "0"
                }
            }
        ],