{
    "client_metrics": {
        "thrus": [
            4.147451867784211, 
            280.3617788394144, 
            277.9939953297009, 
            262.32810950624605, 
            235.16795695485717, 
            285.8416894387213, 
            282.01903064418786, 
            283.17862341207586, 
            237.3222456380171, 
            275.14706610683413, 
            285.0318380563109, 
            216.36404548837695, 
            203.16036260061517, 
            188.60309233630196, 
            204.66136730166266, 
            189.42981625307823, 
            186.50731481688712, 
            196.415032820952, 
            200.75564424493794, 
            185.49915968880663, 
            200.2787880729976, 
            196.79306028952195, 
            193.13818650968395, 
            180.70961049850553, 
            210.2518817543417, 
            192.5461533129491, 
            196.84884370989204, 
            194.48896080658463, 
            195.69778000438362, 
            181.19093175624747, 
            196.6081167694927, 
            196.136887856773, 
            193.45353246150273, 
            195.2408100150726, 
            197.35076335275264, 
            190.18999980981002, 
            200.33174937696825, 
            191.69574052064561, 
            189.77204581856276, 
            193.22177995903698, 
            190.0902168169013, 
            202.50375644468207, 
            189.75332068311195, 
            194.15062982464318, 
            200.22505295952652, 
            194.36799303385115, 
            186.3571646875536, 
            191.13880500019116, 
            204.7409821834397, 
            194.18531492974375, 
            195.55006277157014, 
            184.12272884613967, 
            194.01653020837375, 
            197.55974206600078, 
            190.22328409086586, 
            196.03153755376167, 
            203.27930169494283
        ], 
        "p99_lats": [
            0.87523204, 
            0.8031489299999999, 
            0.70783867, 
            0.6415655, 
            0.5828142300000001, 
            0.5129708399999999, 
            0.43391798, 
            0.36304521, 
            0.29224393, 
            0.22059103, 
            0.14868245, 
            0.08047079999999998, 
            0.04440643999999999, 
            0.04400791, 
            0.04114389, 
            0.04053738, 
            0.04205389, 
            0.04287721, 
            0.04089461, 
            0.04127469, 
            0.041376220000000005, 
            0.039429809999999996, 
            0.04145295, 
            0.0741768, 
            0.07474501, 
            0.041999909999999994, 
            0.03896403, 
            0.040474159999999995, 
            0.03994255000000001, 
            0.04068893, 
            0.03986953, 
            0.04114184, 
            0.03957337, 
            0.04062612, 
            0.03909301, 
            0.04076099, 
            0.03906556, 
            0.04296393999999999, 
            0.04369183, 
            0.04035529, 
            0.04082844, 
            0.042885530000000005, 
            0.0399216, 
            0.04043959, 
            0.040090799999999996, 
            0.03834672, 
            0.04440502999999999, 
            0.048691490000000004, 
            0.0470916, 
            0.046033679999999993, 
            0.04408479999999999, 
            0.04392299999999999, 
            0.04369389, 
            0.039890850000000005, 
            0.03953284, 
            0.03907097999999999, 
            0.03984926
        ], 
        "mean_lats": [
            0.8298808, 
            0.75081776, 
            0.6678228599999998, 
            0.6056008399999999, 
            0.54032116, 
            0.4692492000000001, 
            0.39455436000000005, 
            0.32058207999999994, 
            0.24799797999999998, 
            0.18187446, 
            0.10866289999999999, 
            0.05274286, 
            0.03258684, 
            0.03241702, 
            0.03202111999999999, 
            0.032095559999999995, 
            0.03226594, 
            0.03247196000000001, 
            0.03071934, 
            0.031614779999999995, 
            0.031155540000000002, 
            0.030242019999999998, 
            0.0318298, 
            0.04209884, 
            0.04560581999999999, 
            0.03180638, 
            0.03045768, 
            0.030610179999999997, 
            0.03082894, 
            0.030858860000000002, 
            0.031179559999999995, 
            0.03068516, 
            0.030625660000000002, 
            0.0314343, 
            0.030399780000000005, 
            0.03135, 
            0.030048879999999997, 
            0.03212198, 
            0.03295598, 
            0.03099236, 
            0.03123094, 
            0.03285636, 
            0.031267899999999994, 
            0.031242839999999997, 
            0.030551399999999996, 
            0.02951966, 
            0.0321245, 
            0.0340624, 
            0.034691639999999996, 
            0.03454224, 
            0.0331311, 
            0.0328124, 
            0.033258380000000004, 
            0.03006794, 
            0.02983456, 
            0.029154020000000003, 
            0.029906219999999997
        ]
    }, 
    "node_configs": [
        {
            "model_image": "model-comp/theano-lstm", 
            "name": "lstm", 
            "cpus_per_replica": 1, 
            "input_type": "strings", 
            "batch_size": 8, 
            "num_replicas": 1, 
            "slo": 500000, 
            "allocated_cpus": [
                9, 
                10, 
                11, 
                12, 
                13, 
                14, 
                15
            ], 
            "gpus": [
                0
            ]
        }
    ], 
    "clipper_metrics": {
        "histograms": [
            {
                "internal:rpc_request_queueing_delay": {
                    "p99": "0", 
                    "min": "0", 
                    "max": "0", 
                    "p95": "0", 
                    "std_dev": "0", 
                    "size": "0", 
                    "p50": "0", 
                    "unit": "microseconds", 
                    "mean": "0"
                }
            }, 
            {
                "app:lstm:prediction_latency": {
                    "p99": "782223.579999999417851", 
                    "min": "36", 
                    "max": "871670", 
                    "p95": "495775.599999999321881", 
                    "std_dev": "157233.476935072382389", 
                    "size": "4096", 
                    "p50": "22759", 
                    "unit": "microseconds", 
                    "mean": "63844.326416015625"
                }
            }, 
            {
                "model:lstm:1:prediction_latency": {
                    "p99": "36519.1999999999958391", 
                    "min": "15945", 
                    "max": "852858", 
                    "p95": "30364", 
                    "std_dev": "32609.6552528251368805", 
                    "size": "659", 
                    "p50": "20244", 
                    "unit": "microseconds", 
                    "mean": "22487.7101669195751104"
                }
            }, 
            {
                "model:lstm:1:batch_size": {
                    "p99": "8", 
                    "min": "1", 
                    "max": "8", 
                    "p95": "8", 
                    "std_dev": "1.38981252783737171909", 
                    "size": "659", 
                    "p50": "4", 
                    "unit": "queries", 
                    "mean": "4.35508345978755689485"
                }
            }
        ], 
        "meters": [
            {
                "internal:aggregate_model_throughput": {
                    "rate": "11.17987252101665", 
                    "rate_1min": "3.2886537540385601", 
                    "rate_15min": "2.6670749114393852",