{
    "client_metrics": {
        "thrus": [
            2.8510391895293874, 
            322.0031169901725, 
            375.4514804051872, 
            356.9414401873228, 
            370.0195370315553, 
            379.48935911837026, 
            360.7425524700042, 
            229.60003673600588, 
            202.9270193267693, 
            191.3443471139532, 
            193.56661982354467, 
            187.1789880355191, 
            192.77257077644936, 
            188.57677337597684, 
            198.754998688217, 
            203.81043998597787, 
            183.89992901462742, 
            197.55037534571315, 
            201.0729251284856, 
            187.96215194108515, 
            197.17410078751337, 
            186.21557805039737, 
            188.76899959980972, 
            195.7705725506165, 
            198.4709795733668, 
            191.87523504716293, 
            202.81754128351054, 
            186.74833793979235, 
            192.03810035911124, 
            195.83114655219683, 
            193.72711598442433, 
            196.0630538781272, 
            198.54190822598835, 
            192.48685314793, 
            185.82594055799814, 
            203.38183312113827
        ], 
        "p99_lats": [
            0.90327247, 
            0.7869013300000001, 
            0.68362733, 
            0.56119931, 
            0.43938491999999996, 
            0.35636451, 
            0.20919788, 
            0.08502262, 
            0.039656979999999994, 
            0.03936065, 
            0.0403966, 
            0.04175181, 
            0.039845229999999995, 
            0.04235081, 
            0.04072149, 
            0.038905430000000005, 
            0.04114564999999999, 
            0.040156689999999995, 
            0.041168079999999996, 
            0.03922525, 
            0.03975215, 
            0.03998102, 
            0.04145398, 
            0.04000255, 
            0.040213299999999993, 
            0.03956224, 
            0.040044159999999995, 
            0.04035083, 
            0.039532700000000004, 
            0.04022294, 
            0.04066861, 
            0.03962775, 
            0.03998408, 
            0.039997269999999994, 
            0.040400939999999996, 
            0.04045947
        ], 
        "mean_lats": [
            0.8289011400000001, 
            0.7213806599999998, 
            0.61596018, 
            0.49636572000000007, 
            0.3792425400000001, 
            0.26251592, 
            0.14385119999999996, 
            0.043052639999999996, 
            0.03036698, 
            0.02980438, 
            0.03091168, 
            0.031080660000000003, 
            0.029449400000000004, 
            0.03289538, 
            0.030915800000000004, 
            0.02991146, 
            0.03130369999999999, 
            0.031057100000000008, 
            0.030852899999999996, 
            0.02981786, 
            0.030208220000000004, 
            0.03033696, 
            0.032076919999999995, 
            0.031190000000000002, 
            0.030997240000000002, 
            0.029746219999999997, 
            0.02982828, 
            0.03092518, 
            0.029550999999999997, 
            0.03057244, 
            0.0312584, 
            0.030431919999999994, 
            0.029953260000000002, 
            0.030021100000000002, 
            0.030568740000000004, 
            0.030119500000000007
        ]
    }, 
    "node_configs": [
        {
            "model_image": "model-comp/theano-lstm", 
            "name": "lstm", 
            "cpus_per_replica": 3, 
            "input_type": "strings", 
            "batch_size": 16, 
            "num_replicas": 1, 
            "slo": 500000, 
            "allocated_cpus": [
                9, 
                10, 
                11, 
                12, 
                13, 
                14, 
                15
            ], 
            "gpus": [
                0
            ]
        }
    ], 
    "clipper_metrics": {
        "histograms": [
            {
                "internal:rpc_request_queueing_delay": {
                    "p99": "0", 
                    "min": "0", 
                    "max": "0", 
                    "p95": "0", 
                    "std_dev": "0", 
                    "size": "0", 
                    "p50": "0", 
                    "unit": "microseconds", 
                    "mean": "0"
                }
            }, 
            {
                "app:lstm:prediction_latency": {
                    "p99": "771138.929999999049869", 
                    "min": "38", 
                    "max": "903833", 
                    "p95": "314444.399999999899592", 
                    "std_dev": "137084.822804860298234", 
                    "size": "4096", 
                    "p50": "50", 
                    "unit": "microseconds", 
                    "mean": "42757.857666015625"
                }
            }, 
            {
                "model:lstm:1:prediction_latency": {
                    "p99": "49286.9599999999962847", 
                    "min": "14185", 
                    "max": "859887", 
                    "p95": "43660.9999999999940883", 
                    "std_dev": "41822.8065711293814779", 
                    "size": "411", 
                    "p50": "19462", 
                    "unit": "microseconds", 
                    "mean": "22769.6204379562043876"
                }
            }, 
            {
                "model:lstm:1:batch_size": {
                    "p99": "16", 
                    "min": "1", 
                    "max": "16", 
                    "p95": "16", 
                    "std_dev": "2.81841318061436938336", 
                    "size": "411", 
                    "p50": "4", 
                    "unit": "queries", 
                    "mean": "4.40145985401459855077"
                }
            }
        ], 
        "meters": [
            {
                "internal:aggregate_model_throughput": {
                    "rate": "7.0725500305503664", 
                    "rate_1min": "2.1675642575696075", 
                    "rate_15min": "1.6862606043350308", 
                    "unit": "events per second", 
                    "rate_5min": "3.5606129158776345"
                }
            }, 
            {
                "app:lstm:prediction_throughput": {
                    "rate": "0", 
                    "rate_1min": "0", 
                    "rate_15min": "0", 
                    "unit": "events per second", 
                    "rate_5min": "0"
                }
            }, 
            {
                "model:lstm:1:prediction_throughput": {
                    "rate": "11.062747518656002", 
                    "rate_1min": "15.62840945251155", 
                    "rate_15min": "162.58780171835238", 
                    "unit": "events per second", 
                    "rate_5min": "116.34862621436889"
                }
            }
        ], 
        "ratio_counters": [
            {
                "app:lstm:default_prediction_ratio": {
                    "ratio": "0.63819999999999999"
                }
            }, 
            {
                "model:lstm:1:cache_hit_ratio": {
                    "ratio": "0"
                }
            }
        ], 
        "counters": [
            {
                "internal:aggregate_num_predictions": {
                    "count": "5000"
                }
            }, 
            {
                "app:lstm:num_predictions": {
                    "count": "5000"
                }
            }, 
            {
                "model:lstm:1:num_predictions": {
                    "count": "1809"
                }
            }
        ]
    }
}