{
    "client_metrics": {
        "thrus": [
            3.7210656447330437, 
            285.63430810801543, 
            274.1122873573931, 
            278.9664849664961, 
            242.23632575941087, 
            286.2393304289583, 
            286.3721233920205, 
            282.4523644087424, 
            237.13765366519957, 
            292.3942410030292, 
            250.12005762766128, 
            199.50283892539792, 
            202.15497200153638, 
            187.82023349811428, 
            186.7553131886602, 
            200.40722748625208, 
            195.343785528151, 
            193.05466535904307, 
            199.72597596098154, 
            183.78501564010483, 
            200.3622549569622, 
            196.71021830900028, 
            190.09455303067745, 
            185.5611182655231, 
            208.07324178110693, 
            182.4125149578262, 
            195.97621632638663, 
            193.2628568115494, 
            195.9485674200236, 
            202.36196890101263, 
            189.5109480474687, 
            193.67533815714043, 
            185.65895934440107, 
            197.51525805368465, 
            202.01938578025948, 
            186.3425796521357, 
            191.90321936840812, 
            201.35390364813003, 
            193.67233739270551, 
            187.14956244432298, 
            192.50908642887944, 
            202.00795911358907, 
            186.12892778569858, 
            194.35892651677707, 
            204.31263101547464, 
            192.29216101776396, 
            185.77622881686548, 
            192.34542160192962, 
            190.62069912047608, 
            205.91299764023705, 
            190.7072186496403, 
            196.57410647239902
        ], 
        "p99_lats": [
            0.87946041, 
            0.79141884, 
            0.69246436, 
            0.62544176, 
            0.55484357, 
            0.47828108999999996, 
            0.40559629999999997, 
            0.32541959, 
            0.25407627, 
            0.1822458, 
            0.09882741, 
            0.043106889999999995, 
            0.04193388, 
            0.044019369999999995, 
            0.04244657, 
            0.04399064999999999, 
            0.04204946, 
            0.04063641999999999, 
            0.04080312, 
            0.04057517, 
            0.03960091, 
            0.04157803, 
            0.04229613, 
            0.041137110000000005, 
            0.06595292, 
            0.04025054, 
            0.04132003, 
            0.0411555, 
            0.03975941, 
            0.04042882, 
            0.03967872, 
            0.03901345, 
            0.040198849999999994, 
            0.03982735, 
            0.040369379999999996, 
            0.04019806000000001, 
            0.041504219999999994, 
            0.040862239999999994, 
            0.04116406, 
            0.03988923999999999, 
            0.04101818, 
            0.03900302, 
            0.03920504, 
            0.040954479999999994, 
            0.04139897, 
            0.04165342, 
            0.04231818, 
            0.03948602, 
            0.040503739999999996, 
            0.039505269999999995, 
            0.040520429999999996, 
            0.03973424
        ], 
        "mean_lats": [
            0.8287879000000001, 
            0.73030916, 
            0.65198716, 
            0.5824991799999999, 
            0.50974858, 
            0.43449664, 
            0.35864782000000006, 
            0.28108254, 
            0.21031428, 
            0.13885458, 
            0.05919674, 
            0.0325033, 
            0.03276036, 
            0.03225804, 
            0.0321639, 
            0.03248036, 
            0.0313815, 
            0.03125426, 
            0.030342080000000004, 
            0.03081948, 
            0.030487599999999997, 
            0.031048860000000005, 
            0.03274576, 
            0.030818579999999998, 
            0.03949446, 
            0.02980462, 
            0.03153352, 
            0.031408679999999994, 
            0.030541679999999998, 
            0.030326220000000004, 
            0.029909699999999997, 
            0.029460700000000003, 
            0.030474559999999998, 
            0.03088854, 
            0.030069079999999998, 
            0.03036164, 
            0.03207594, 
            0.03029926, 
            0.031624700000000006, 
            0.030279439999999998, 
            0.03105998, 
            0.0298906, 
            0.02975026, 
            0.031338819999999996, 
            0.029899299999999997, 
            0.03174262, 
            0.030885160000000002, 
            0.029842940000000002, 
            0.03020524, 
            0.029716100000000002, 
            0.0314325, 
            0.030149220000000004
        ]
    }, 
    "node_configs": [
        {
            "model_image": "model-comp/theano-lstm", 
            "name": "lstm", 
            "cpus_per_replica": 1, 
            "input_type": "strings", 
            "batch_size": 8, 
            "num_replicas": 1, 
            "slo": 500000, 
            "allocated_cpus": [
                9, 
                10, 
                11, 
                12, 
                13, 
                14, 
                15
            ], 
            "gpus": [
                0
            ]
        }
    ], 
    "clipper_metrics": {
        "histograms": [
            {
                "internal:rpc_request_queueing_delay": {
                    "p99": "0", 
                    "min": "0", 
                    "max": "0", 
                    "p95": "0", 
                    "std_dev": "0", 
                    "size": "0", 
                    "p50": "0", 
                    "unit": "microseconds", 
                    "mean": "0"
                }
            }, 
            {
                "app:lstm:prediction_latency": {
                    "p99": "786045.169999999378888", 
                    "min": "35", 
                    "max": "880835", 
                    "p95": "502890.599999999481952", 
                    "std_dev": "159044.982683675006228", 
                    "size": "4096", 
                    "p50": "20582.5", 
                    "unit": "microseconds", 
                    "mean": "62592.34033203125"
                }
            }, 
            {
                "model:lstm:1:prediction_latency": {
                    "p99": "31005.3000000000007503", 
                    "min": "15263", 
                    "max": "857920", 
                    "p95": "29545.1999999999998181", 
                    "std_dev": "33970.851744924619581", 
                    "size": "613", 
                    "p50": "19738", 
                    "unit": "microseconds", 
                    "mean": "21976.8238172920065363"
                }
            }, 
            {
                "model:lstm:1:batch_size": {
                    "p99": "8", 
                    "min": "1", 
                    "max": "8", 
                    "p95": "8", 
                    "std_dev": "1.39113362944618503274", 
                    "size": "613", 
                    "p50": "4", 
                    "unit": "queries", 
                    "mean": "4.24796084828711257436"
                }
            }
        ], 
        "meters": [
            {
                "internal:aggregate_model_throughput": {
                    "rate": "10.180059569064239", 
                    "rate_1min": "3.0279565931298476", 
                    "rate_15min": "2.4223430541620488", 
                    "unit": "events per second", 
                    "rate_5min": "5.0940444363114121"
                }
            }, 
            {
                "app:lstm:prediction_throughput": {
                    "rate": "0", 
                    "rate_1min": "0", 
                    "rate_15min": "0", 
                    "unit": "events per second",