{
    "client_metrics": {
        "thrus": [
            2.8718262586467818, 
            275.1304118152004, 
            287.96203508529436, 
            281.99199142744345, 
            242.5700784956774, 
            276.9223952679501, 
            286.43118204420205, 
            276.3316421836832, 
            242.82453499101547, 
            281.04255546374833, 
            280.9446482853948, 
            217.81082694058554, 
            186.14694439790773, 
            203.21485907049524, 
            196.50071526260353, 
            180.21200139844512, 
            199.53468511431342, 
            189.19327985469954, 
            206.16261282248988, 
            190.01075460871084, 
            189.0416345295888, 
            189.93640929016968, 
            191.24920153458362, 
            201.46099513673158, 
            192.80156092143721, 
            192.3824254806675, 
            195.94779950621154, 
            192.66263616431812, 
            195.5775993240838, 
            195.1280430218309, 
            196.63672544793846, 
            186.13654977291338, 
            197.09249156444133, 
            192.50167476457042, 
            192.15618454679964, 
            195.1105301153103
        ], 
        "p99_lats": [
            0.87347997, 
            0.8023696499999999, 
            0.7308642000000001, 
            0.6519004100000001, 
            0.58167041, 
            0.50568192, 
            0.43132828, 
            0.35545574, 
            0.29202949, 
            0.21402422, 
            0.13711785999999998, 
            0.06575887999999999, 
            0.04746143, 
            0.04821167999999999, 
            0.045071679999999996, 
            0.04479667, 
            0.06052819999999999, 
            0.04743863, 
            0.04599769, 
            0.046664739999999996, 
            0.04647232, 
            0.04607011999999999, 
            0.04630671, 
            0.04825896999999999, 
            0.047170079999999996, 
            0.04609500999999999, 
            0.04588328, 
            0.04663929999999999, 
            0.04628489999999999, 
            0.04457053, 
            0.04446227999999999, 
            0.046785919999999995, 
            0.04318912, 
            0.04676361, 
            0.04169099, 
            0.04223583
        ], 
        "mean_lats": [
            0.8300395799999998, 
            0.76219128, 
            0.6862198599999999, 
            0.60956956, 
            0.5369531799999999, 
            0.46335528, 
            0.38974784000000007, 
            0.31580242000000003, 
            0.24563586000000004, 
            0.17180105999999998, 
            0.09763186000000001, 
            0.03901936, 
            0.035869599999999995, 
            0.035786179999999994, 
            0.0342057, 
            0.034576779999999994, 
            0.03673892, 
            0.035510860000000005, 
            0.03516618, 
            0.03546278, 
            0.03497458, 
            0.03462694, 
            0.034897740000000003, 
            0.0363729, 
            0.034433899999999996, 
            0.03491488, 
            0.034454179999999994, 
            0.0337762, 
            0.03525334, 
            0.03376316, 
            0.03446686, 
            0.03342853999999999, 
            0.03061074, 
            0.03488518, 
            0.03158036, 
            0.03182654
        ]
    }, 
    "node_configs": [
        {
            "model_image": "model-comp/theano-lstm", 
            "name": "lstm", 
            "cpus_per_replica": 4, 
            "input_type": "strings", 
            "batch_size": 8, 
            "num_replicas": 1, 
            "slo": 500000, 
            "allocated_cpus": [
                9, 
                10, 
                11, 
                12, 
                13, 
                14, 
                15
            ], 
            "gpus": [
                0
            ]
        }
    ], 
    "clipper_metrics": {
        "histograms": [
            {
                "internal:rpc_request_queueing_delay": {
                    "p99": "0", 
                    "min": "0", 
                    "max": "0", 
                    "p95": "0", 
                    "std_dev": "0", 
                    "size": "0", 
                    "p50": "0", 
                    "unit": "microseconds", 
                    "mean": "0"
                }
            }, 
            {
                "app:lstm:prediction_latency": {
                    "p99": "787429.699999998958447", 
                    "min": "34", 
                    "max": "874658", 
                    "p95": "499124.449999998550993", 
                    "std_dev": "161905.643715919833824", 
                    "size": "4096", 
                    "p50": "58", 
                    "unit": "microseconds", 
                    "mean": "59634.35498046875"
                }
            }, 
            {
                "model:lstm:1:prediction_latency": {
                    "p99": "32035.5399999999964393", 
                    "min": "15914", 
                    "max": "850449", 
                    "p95": "30472.5000000000001137", 
                    "std_dev": "42655.8728649628630194", 
                    "size": "378", 
                    "p50": "21748.5", 
                    "unit": "microseconds", 
                    "mean": "25142.8597883597883698"
                }
            }, 
            {
                "model:lstm:1:batch_size": {
                    "p99": "8", 
                    "min": "1", 
                    "max": "8", 
                    "p95": "8", 
                    "std_dev": "1.56986231245805301737", 
                    "size": "378", 
                    "p50": "4", 
                    "unit": "queries", 
                    "mean": "4.85978835978835978617"
                }
            }
        ], 
        "meters": [
            {
                "internal:aggregate_model_throughput": {
                    "rate": "7.1823684357639035", 
                    "rate_1min": "2.1989400690860963", 
                    "rate_15min": "1.7122478053843386", 
                    "unit": "events per second", 
                    "rate_5min": "3.6150089403699188"
                }
            }, 
            {
                "app:lstm:prediction_throughput": {
                    "rate": "0", 
                    "rate_1min": "0", 
                    "rate_15min": "0", 
                    "unit": "events per second", 
                    "rate_5min": "0"
                }
            }, 
            {
                "model:lstm:1:prediction_throughput": {
                    "rate": "11.223910906562615", 
                    "rate_1min": "15.637579639398787", 
                    "rate_15min": "162.2792227078647", 
                    "unit": "events per second", 
                    "rate_5min": "116.17017439859693"
                }
            }
        ], 
        "ratio_counters": [
            {
                "app:lstm:default_prediction_ratio": {
                    "ratio": "0.63260000000000005"
                }
            }, 
            {
                "model:lstm:1:cache_hit_ratio": {
                    "ratio": "0"
                }
            }
        ], 
        "counters": [
            {
                "internal:aggregate_num_predictions": {
                    "count": "5000"
                }
            }, 
            {
                "app:lstm:num_predictions": {
                    "count": "5000"
                }
            }, 
            {
                "model:lstm:1:num_predictions": {
                    "count": "1837"
                }
            }
        ]
    }
}