{
    "client_metrics": {
        "thrus": [
            3.8904169149725263, 
            355.01278046009656, 
            354.2933265309015, 
            356.2293832244459, 
            360.043781323809, 
            366.5339813654124, 
            375.2260737094099, 
            213.9641567244655, 
            192.61439368841155, 
            194.10163938244622, 
            189.7907746500258, 
            193.00324631460302, 
            199.99360020479344, 
            192.3432018218748, 
            189.55621099880958, 
            185.22840514638602, 
            198.6878653373124, 
            192.22932189184408, 
            208.6010379987651, 
            182.03463755083317, 
            195.84802193497845, 
            193.77291364703876, 
            191.2140947733539, 
            204.5232358848289, 
            181.64644336263896, 
            194.12424728323117, 
            203.2520325203252, 
            188.36932443225484, 
            204.85086856768274, 
            186.14140045344047, 
            200.44900577293137, 
            182.24430213189385, 
            195.92476489028215, 
            196.5563330450507, 
            190.18927636784127, 
            199.10244617265369, 
            187.74688715661094, 
            195.04050991390912, 
            196.05382853916373, 
            195.40715033844518, 
            184.31073315123433, 
            202.71557788129786, 
            191.94889552605514, 
            188.42043381920683, 
            198.99071907286245, 
            201.20076617251758, 
            183.37453147807207, 
            194.4057792950069, 
            164.13623307345097, 
            242.9684918459774, 
            189.44345302370692, 
            192.66263616431812, 
            201.60721269964154, 
            198.52929498276765
        ], 
        "p99_lats": [
            0.87968961, 
            0.76719592, 
            0.6510085400000001, 
            0.53084457, 
            0.41343367999999997, 
            0.30022888999999997, 
            0.18901076, 
            0.07531357999999998, 
            0.04605086, 
            0.04527685, 
            0.047973459999999996, 
            0.04601141, 
            0.04497706, 
            0.046154730000000005, 
            0.048545359999999996, 
            0.047776479999999996, 
            0.04397536, 
            0.04515837, 
            0.04604725999999999, 
            0.0458064, 
            0.04475314, 
            0.044787469999999996, 
            0.04701927, 
            0.04152924, 
            0.04543933, 
            0.06018971999999999, 
            0.05270665999999999, 
            0.04713188, 
            0.04475266, 
            0.04327462, 
            0.04319518, 
            0.04437231, 
            0.046991639999999994, 
            0.04149495, 
            0.04045638, 
            0.04271002, 
            0.04252616, 
            0.04479115, 
            0.044633929999999995, 
            0.04460330999999999, 
            0.04648107, 
            0.04152812, 
            0.04115745999999999, 
            0.04265956, 
            0.04469561999999999, 
            0.04226146, 
            0.04381647999999999, 
            0.05259347999999999, 
            0.09411560999999999, 
            0.07904207999999999, 
            0.04181414, 
            0.061981369999999994, 
            0.0411893, 
            0.05776082999999999
        ], 
        "mean_lats": [
            0.80576248, 
            0.69670898, 
            0.5838664600000001, 
            0.4695689, 
            0.35665968, 
            0.24155207999999997, 
            0.12468660000000002, 
            0.039733359999999995, 
            0.03420086, 
            0.03413998, 
            0.034750800000000005, 
            0.034231819999999996, 
            0.032847640000000004, 
            0.03484354, 
            0.0358514, 
            0.0351928, 
            0.03400306, 
            0.03398868, 
            0.03466692, 
            0.033606, 
            0.034750859999999995, 
            0.0338119, 
            0.034728600000000005, 
            0.03231808, 
            0.03401274000000001, 
            0.03781486, 
            0.03640392, 
            0.03523716, 
            0.03222578, 
            0.032424560000000005, 
            0.03278647999999999, 
            0.033625499999999996, 
            0.03423438, 
            0.03165582, 
            0.0313618, 
            0.03343272, 
            0.03351408, 
            0.034340220000000005, 
            0.0338721, 
            0.034127, 
            0.03373292, 
            0.032723039999999995, 
            0.03147962, 
            0.0324792, 
            0.03371012, 
            0.032761, 
            0.03340906, 
            0.033728379999999995, 
            0.06686186, 
            0.039302, 
            0.0319508, 
            0.037794499999999995, 
            0.03287298, 
            0.036434959999999995
        ]
    }, 
    "node_configs": [
        {
            "model_image": "model-comp/theano-lstm", 
            "name": "lstm", 
            "cpus_per_replica": 2, 
            "input_type": "strings", 
            "batch_size": 16, 
            "num_replicas": 1, 
            "slo": 500000, 
            "allocated_cpus": [
                9, 
                10, 
                11, 
                12, 
                13, 
                14, 
                15
            ], 
            "gpus": [
                0
            ]
        }
    ], 
    "clipper_metrics": {
        "histograms": [
            {
                "internal:rpc_request_queueing_delay": {
                    "p99": "0", 
                    "min": "0", 
                    "max": "0", 
                    "p95": "0", 
                    "std_dev": "0", 
                    "size": "0", 
                    "p50": "0", 
                    "unit": "microseconds", 
                    "mean": "0"
                }
            }, 
            {
                "app:lstm:prediction_latency": {
                    "p99": "747380.649999999018291", 
                    "min": "38", 
                    "max": "881388", 
                    "p95": "297380.199999999698775", 
                    "std_dev": "130449.609486144117831", 
                    "size": "4096", 
                    "p50": "23292.5", 
                    "unit": "microseconds", 
                    "mean": "48131.797119140625"
                }
            }, 
            {
                "model:lstm:1:prediction_latency": {
                    "p99": "48213.7800000000095224", 
                    "min": "17504", 
                    "max": "840810", 
                    "p95": "38866.9499999998306521", 
                    "std_dev": "34182.649521559764132", 
                    "size": "588", 
                    "p50": "21098.5", 
                    "unit": "microseconds", 
                    "mean": "23825.0289115646258473"
                }
            }, 
            {
                "model:lstm:1:batch_size": {
                    "p99": "16", 
                    "min": "1", 
                    "max": "16", 
                    "p95": "7.54999999999995452526", 
                    "std_dev": "2.32978052042640336873", 
                    "size": "588", 
                    "p50": "4", 
                    "unit": "queries", 
                    "mean": "4.6122448979591836528"
                }
            }
        ], 
        "meters": [
            {
                "internal:aggregate_model_throughput": {
                    "rate": "10.603251548861564", 
                    "rate_1min": "3.1294412259615152", 
                    "rate_15min": "2.5214557397076565", 
                    "unit": "events per second", 
                    "rate_5min": "5.2968431416583535"
                }
            }, 
            {
                "app:lstm:prediction_throughput": {
                    "rate": "0", 
                    "rate_1min": "0",