{
    "client_metrics": {
        "thrus": [
            4.412035007909455, 
            343.99014812215773, 
            348.38835546760686, 
            333.58685934643665, 
            341.0013162650808, 
            347.0679697912039, 
            354.39879787927765, 
            246.04240786942037, 
            195.46138660307656, 
            201.2121017006447, 
            180.80893919395376, 
            194.48744778012028, 
            198.71708251528133, 
            189.38030975043463, 
            206.0920819422118, 
            189.2677608866816, 
            196.76595476744234, 
            189.33728164677993, 
            200.9525149207242, 
            194.31058604072751, 
            194.23283855754923, 
            187.0305533111889, 
            196.09458033798862, 
            197.95238057532882, 
            184.8750060084377, 
            202.8545695020326, 
            185.50879497196962, 
            192.90049035304648, 
            191.19873961790842, 
            197.85055160733788, 
            193.61459079556235, 
            200.27477699403582, 
            187.16217227903635, 
            193.36001701568148, 
            198.17520273323237, 
            186.6103352268062, 
            197.08161543858543, 
            198.7115542820353, 
            187.6116289192069, 
            199.41133773101802, 
            182.67175711963174, 
            197.5363269305225, 
            194.29623959057898, 
            200.82821556097346, 
            196.71021830900028, 
            183.12402257552952, 
            197.87795679136937, 
            190.65268038603352, 
            199.43519951497362, 
            184.0359827153405, 
            199.5187607490732, 
            194.2252935715312, 
            195.659489876578, 
            186.28009820686776, 
            196.25852743301698, 
            196.76905216347572, 
            191.96142343234703, 
            193.54414161237756, 
            202.32348287736366, 
            183.7843401039484
        ], 
        "p99_lats": [
            0.89909006, 
            0.76675493, 
            0.6538338800000001, 
            0.5387224500000001, 
            0.43376974, 
            0.32855906, 
            0.22529085, 
            0.10980730999999999, 
            0.04175889999999999, 
            0.04567983, 
            0.04524678, 
            0.046600409999999995, 
            0.04588216999999999, 
            0.046121960000000004, 
            0.04054521, 
            0.0420373, 
            0.04663736, 
            0.04405033, 
            0.039361179999999996, 
            0.03886151, 
            0.038585579999999994, 
            0.03822963, 
            0.03797398, 
            0.03892081, 
            0.03958236, 
            0.03809872, 
            0.038273970000000004, 
            0.03870525, 
            0.0388969, 
            0.03907708, 
            0.03926737999999999, 
            0.0387551, 
            0.037593459999999995, 
            0.040183239999999995, 
            0.039231329999999995, 
            0.04218695, 
            0.03929961999999999, 
            0.044598360000000004, 
            0.041197269999999994, 
            0.04037997, 
            0.0421651, 
            0.04536630999999999, 
            0.04062552, 
            0.04799938, 
            0.04642184, 
            0.04219304, 
            0.04571142999999999, 
            0.04537892, 
            0.043105660000000004, 
            0.04442926, 
            0.04398063, 
            0.04413079999999999, 
            0.04368619, 
            0.04503187, 
            0.04484398, 
            0.044054409999999995, 
            0.04424208, 
            0.04227045, 
            0.04556051, 
            0.0411492
        ], 
        "mean_lats": [
            0.8150008400000001, 
            0.6969149399999999, 
            0.58952218, 
            0.48092372, 
            0.37904802, 
            0.27090652, 
            0.16199465999999998, 
            0.054473560000000004, 
            0.03110868, 
            0.03336804, 
            0.03341326000000001, 
            0.034451800000000005, 
            0.033658240000000006, 
            0.0355669, 
            0.03129194, 
            0.031903900000000006, 
            0.03392944, 
            0.03103664, 
            0.0303315, 
            0.029215539999999998, 
            0.02883108, 
            0.029108739999999998, 
            0.029153559999999995, 
            0.028821819999999998, 
            0.029433679999999997, 
            0.028047739999999998, 
            0.02834846, 
            0.029501899999999998, 
            0.02937118, 
            0.02933218, 
            0.029688700000000002, 
            0.02845338, 
            0.028664480000000003, 
            0.029978840000000003, 
            0.02888822, 
            0.03073128, 
            0.029312420000000002, 
            0.031922559999999996, 
            0.030143819999999995, 
            0.030803920000000002, 
            0.03138148, 
            0.03353744, 
            0.03067432, 
            0.03588906, 
            0.034652180000000005, 
            0.0323585, 
            0.0349603, 
            0.03449078, 
            0.03392374, 
            0.033530880000000006, 
            0.03349882, 
            0.03163752, 
            0.03263216, 
            0.033264339999999996, 
            0.03424458, 
            0.033730819999999995, 
            0.033049300000000004, 
            0.03136898, 
            0.0333241, 
            0.03139624
        ]
    }, 
    "node_configs": [
        {
            "model_image": "model-comp/theano-lstm", 
            "name": "lstm", 
            "cpus_per_replica": 1, 
            "input_type": "strings", 
            "batch_size": 16, 
            "num_replicas": 1, 
            "slo": 500000, 
            "allocated_cpus": [
                9, 
                10, 
                11, 
                12, 
                13, 
                14, 
                15
            ], 
            "gpus": [
                0
            ]
        }
    ], 
    "clipper_metrics": {
        "histograms": [
            {
                "internal:rpc_request_queueing_delay": {
                    "p99": "0", 
                    "min": "0", 
                    "max": "0", 
                    "p95": "0", 
                    "std_dev": "0", 
                    "size": "0", 
                    "p50": "0", 
                    "unit": "microseconds", 
                    "mean": "0"
                }
            }, 
            {
                "app:lstm:prediction_latency": {
                    "p99": "746323.999999998573912", 
                    "min": "40", 
                    "max": "894623", 
                    "p95": "283379.949999998656494", 
                    "std_dev": "128931.584888000685041", 
                    "size": "4096", 
                    "p50": "23429", 
                    "unit": "microseconds", 
                    "mean": "48032.4736328125"
                }
            }, 
            {
                "model:lstm:1:prediction_latency": {
                    "p99": "48907.8600000000011505", 
                    "min": "14760", 
                    "max": "858636", 
                    "p95": "23617.0000000000084128", 
                    "std_dev": "31730.5426565443798061", 
                    "size": "717", 
                    "p50": "19840", 
                    "unit": "microseconds", 
                    "mean": "21706.9874476987447718"
                }
            }, 
            {
                "model:lstm:1:batch_size": {
                    "p99": "16", 
                    "min": "1", 
                    "max": "16", 
                    "p95": "5", 
                    "std_dev": "2.20240684445234895347", 
                    "size": "717", 
                    "p50": "4", 
                    "unit": "queries",