{
    "client_metrics": {
        "thrus": [
            4.369180360988672, 
            379.08367893128735, 
            385.5228460838589, 
            381.2980912217553, 
            367.2042536940748, 
            384.278402016693, 
            324.19114309797055, 
            197.78559250629948, 
            202.0267321772017, 
            187.63838330768942, 
            199.09134709187268, 
            196.3718339951064, 
            183.36713400836888, 
            195.0412707328871, 
            196.85969415877915, 
            192.72947334744111, 
            202.94349241397225, 
            188.62941864413176, 
            197.65423948578274, 
            188.44386822497185, 
            195.19507796091415, 
            196.81862376545516, 
            188.81176977048042, 
            196.8705458039012, 
            190.86082047249505, 
            201.04705305229635, 
            189.11385032016975, 
            187.8541049879022, 
            206.07254577901605, 
            191.51731508045643, 
            188.78681814920955, 
            194.9933507267402, 
            197.28535353535355, 
            187.06484041498464, 
            196.1068860971984, 
            201.73247852557768, 
            190.38118120100063, 
            190.62142584826537, 
            192.2581488616395, 
            196.84109412153757, 
            192.9183530946033, 
            191.85314792645116, 
            201.22586798778156, 
            193.30918257279055, 
            189.29498974021158, 
            193.6108422071636, 
            198.8324558194283, 
            190.79163264215882, 
            200.6356136239607, 
            189.30358995327987, 
            193.60109655661088, 
            187.03824932198637, 
            196.96360900360048, 
            194.02180028948052, 
            194.66463177238253, 
            196.7876385876945, 
            196.73421207948064, 
            185.12964629129777, 
            194.87327390997635
        ], 
        "p99_lats": [
            0.90438975, 
            0.77070007, 
            0.64172151, 
            0.51334079, 
            0.38543626999999997, 
            0.26943534999999996, 
            0.15528894, 
            0.037982999999999996, 
            0.03844175, 
            0.04497055, 
            0.04103328, 
            0.03762208, 
            0.037455340000000004, 
            0.03818443, 
            0.03908863, 
            0.039052859999999995, 
            0.03749048000000001, 
            0.04028662, 
            0.03848352, 
            0.038825929999999995, 
            0.03837251, 
            0.03895926, 
            0.037691159999999994, 
            0.039762599999999995, 
            0.03874687, 
            0.04053308, 
            0.03847738, 
            0.0387169, 
            0.03890461, 
            0.039334400000000005, 
            0.038209589999999995, 
            0.03903334, 
            0.0387362, 
            0.038507929999999996, 
            0.038391839999999997, 
            0.03837036, 
            0.03806401999999999, 
            0.03929006, 
            0.03868016, 
            0.038985849999999996, 
            0.03620694, 
            0.03856551999999999, 
            0.03762767, 
            0.03834095, 
            0.038076, 
            0.03997207999999999, 
            0.037645559999999995, 
            0.03892553, 
            0.040891529999999995, 
            0.03823361, 
            0.03811702, 
            0.04001474, 
            0.03825686, 
            0.03868029, 
            0.03837608, 
            0.03895403, 
            0.038508799999999996, 
            0.03760742, 
            0.03924573
        ], 
        "mean_lats": [
            0.8277859399999999, 
            0.6937304200000001, 
            0.57303174, 
            0.4491566, 
            0.32665122, 
            0.20949433999999997, 
            0.08788707999999999, 
            0.028985940000000005, 
            0.028096140000000002, 
            0.03047704, 
            0.030455959999999997, 
            0.028551280000000005, 
            0.02918948, 
            0.029214160000000003, 
            0.02927218, 
            0.029268699999999995, 
            0.02822272, 
            0.029524640000000005, 
            0.02870632, 
            0.028734560000000006, 
            0.02880684, 
            0.02909062, 
            0.027822259999999998, 
            0.029364379999999995, 
            0.02981598, 
            0.029848020000000003, 
            0.0299766, 
            0.02875674, 
            0.0291533, 
            0.02941196, 
            0.02785632, 
            0.02927628, 
            0.029561559999999997, 
            0.02972612000000001, 
            0.028660259999999996, 
            0.0289207, 
            0.028102439999999996, 
            0.0299953, 
            0.029190260000000006, 
            0.029687000000000005, 
            0.0277046, 
            0.0283698, 
            0.028816319999999996, 
            0.028833020000000004, 
            0.028394279999999997, 
            0.029563040000000002, 
            0.028370959999999994, 
            0.029695279999999994, 
            0.02885164, 
            0.028803939999999993, 
            0.028163459999999994, 
            0.03024044, 
            0.028251100000000005, 
            0.029560720000000006, 
            0.029104439999999995, 
            0.029224519999999997, 
            0.028737860000000004, 
            0.028299759999999997, 
            0.029831060000000003
        ]
    }, 
    "node_configs": [
        {
            "model_image": "model-comp/theano-lstm", 
            "name": "lstm", 
            "cpus_per_replica": 1, 
            "input_type": "strings", 
            "batch_size": 16, 
            "num_replicas": 1, 
            "slo": 500000, 
            "allocated_cpus": [
                9, 
                10, 
                11, 
                12, 
                13, 
                14, 
                15
            ], 
            "gpus": [
                0
            ]
        }
    ], 
    "clipper_metrics": {
        "histograms": [
            {
                "internal:rpc_request_queueing_delay": {
                    "p99": "0", 
                    "min": "0", 
                    "max": "0", 
                    "p95": "0", 
                    "std_dev": "0", 
                    "size": "0", 
                    "p50": "0", 
                    "unit": "microseconds", 
                    "mean": "0"
                }
            }, 
            {
                "app:lstm:prediction_latency": {
                    "p99": "741508.759999999696447", 
                    "min": "37", 
                    "max": "900656", 
                    "p95": "245551.849999998887142", 
                    "std_dev": "127132.289301169913799", 
                    "size": "4096", 
                    "p50": "21416.5", 
                    "unit": "microseconds", 
                    "mean": "45049.149658203125"
                }
            }, 
            {
                "model:lstm:1:prediction_latency": {
                    "p99": "44470.5999999999930878", 
                    "min": "13938", 
                    "max": "868135", 
                    "p95": "21088.4999999999990905", 
                    "std_dev": "30866.8994317278885191", 
                    "size": "772", 
                    "p50": "18198.5", 
                    "unit": "microseconds", 
                    "mean": "19954.9481865284974091"
                }
            }, 
            {
                "model:lstm:1:batch_size": {
                    "p99": "16", 
                    "min": "1", 
                    "max": "16", 
                    "p95": "4", 
                    "std_dev": "2.09033607011820208167", 
                    "size": "772", 
                    "p50": "4", 
                    "unit": "queries",