{
    "client_metrics": {
        "thrus": [
            2.9532153397801237, 
            78.05182641273807, 
            79.39709025543631, 
            80.20300985855397, 
            78.25803866573175, 
            78.95738354180715, 
            76.92366864360496, 
            80.03060370285597, 
            78.49367497967015, 
            79.49972413595725, 
            77.67303999850868, 
            76.55877493710696, 
            76.17051226192908, 
            76.99331851981886, 
            77.19051235974484, 
            76.87825098903869, 
            76.76058067844072, 
            77.48682336568666, 
            77.67822881209793, 
            75.75023028070005, 
            75.34920589471908, 
            76.41766226144317, 
            78.46423521694575, 
            75.84157604862355, 
            75.47249555844364, 
            75.4250199876303, 
            76.74832688647388, 
            76.81907571288102, 
            75.83651467512395, 
            75.76400421853975, 
            76.60628048929964, 
            76.87765996703486, 
            78.0954701503494, 
            77.51397189343379, 
            71.16444965684504, 
            75.94479117460772, 
            75.44402581392788, 
            78.02186484740483, 
            79.86187090807739, 
            80.96877520153127
        ], 
        "p99_lats": [
            1.19912967, 
            1.58180649, 
            1.9535266399999998, 
            2.3165167899999997, 
            2.6964685299999998, 
            3.0715463099999996, 
            3.46290449, 
            3.82857777, 
            4.206979540000001, 
            4.57761779, 
            4.961507299999999, 
            5.3539253, 
            5.7525445699999995, 
            6.14292165, 
            6.5322663, 
            6.92343284, 
            7.316422429999999, 
            7.70386311, 
            8.0892736, 
            8.48922508, 
            8.89354596, 
            9.29055104, 
            9.66933302, 
            10.06968002, 
            10.47329968, 
            10.877452519999999, 
            11.2696759, 
            11.6611799, 
            12.06083304, 
            12.46275512, 
            12.856163429999999, 
            13.24801397, 
            13.62792235, 
            14.01396722, 
            14.457655339999999, 
            14.85723743, 
            15.26129317, 
            15.64373918, 
            16.01025789, 
            16.36877591
        ], 
        "mean_lats": [
            1.01580708, 
            1.3978440399999998, 
            1.7740419399999998, 
            2.1456662000000004, 
            2.51376652, 
            2.8917544, 
            3.27445038, 
            3.6537452200000002, 
            4.02469632, 
            4.3983162799999995, 
            4.77864164, 
            5.1648049999999985, 
            5.5618852400000005, 
            5.9564581, 
            6.34650196, 
            6.73665348, 
            7.126999999999999, 
            7.519007800000001, 
            7.904439119999999, 
            8.296009620000001, 
            8.700307819999999, 
            9.09784532, 
            9.48536068, 
            9.87268472, 
            10.28155346, 
            10.68753104, 
            11.08010296, 
            11.47398834, 
            11.869778639999998, 
            12.269353680000002, 
            12.666326300000001, 
            13.054764260000002, 
            13.44543538, 
            13.829629160000001, 
            14.24099522, 
            14.664402840000001, 
            15.066590660000001, 
            15.4625707, 
            15.83495128, 
            16.19755266
        ]
    }, 
    "node_configs": [
        {
            "model_image": "model-comp/theano-lstm", 
            "name": "lstm", 
            "cpus_per_replica": 5, 
            "input_type": "strings", 
            "batch_size": 1, 
            "num_replicas": 1, 
            "slo": 500000, 
            "allocated_cpus": [
                9, 
                10, 
                11, 
                12, 
                13, 
                14, 
                15
            ], 
            "gpus": [
                0
            ]
        }
    ], 
    "clipper_metrics": {
        "histograms": [
            {
                "internal:rpc_request_queueing_delay": {
                    "p99": "0", 
                    "min": "0", 
                    "max": "0", 
                    "p95": "0", 
                    "std_dev": "0", 
                    "size": "0", 
                    "p50": "0", 
                    "unit": "microseconds", 
                    "mean": "0"
                }
            }, 
            {
                "app:lstm:prediction_latency": {
                    "p99": "15983847.5499999980684", 
                    "min": "35", 
                    "max": "16421157", 
                    "p95": "14461171.2499999977608", 
                    "std_dev": "5075645.693035217957", 
                    "size": "4096", 
                    "p50": "50", 
                    "unit": "microseconds", 
                    "mean": "3410154.40087890625"
                }
            }, 
            {
                "model:lstm:1:prediction_latency": {
                    "p99": "15688.7600000000020373", 
                    "min": "9192", 
                    "max": "825899", 
                    "p95": "14673.1999999999993634", 
                    "std_dev": "18172.6758654134366875", 
                    "size": "2007", 
                    "p50": "12902", 
                    "unit": "microseconds", 
                    "mean": "13336.7912306925759767"
                }
            }, 
            {
                "model:lstm:1:batch_size": {
                    "p99": "1", 
                    "min": "1", 
                    "max": "1", 
                    "p95": "1", 
                    "std_dev": "1.69135538907738691705e-17", 
                    "size": "2007", 
                    "p50": "1", 
                    "unit": "queries", 
                    "mean": "0.999999999999999983086"
                }
            }
        ], 
        "meters": [
            {
                "internal:aggregate_model_throughput": {
                    "rate": "7.8460540857007253", 
                    "rate_1min": "2.7700067896793477", 
                    "rate_15min": "1.8877403349040924", 
                    "unit": "events per second", 
                    "rate_5min": "4.0591873635271174"
                }
            }, 
            {
                "app:lstm:prediction_throughput": {
                    "rate": "0", 
                    "rate_1min": "0", 
                    "rate_15min": "0", 
                    "unit": "events per second", 
                    "rate_5min": "0"
                }
            }, 
            {
                "model:lstm:1:prediction_throughput": {
                    "rate": "12.195869751732745", 
                    "rate_1min": "7.5098844887115046", 
                    "rate_15min": "56.811396957177656", 
                    "unit": "events per second", 
                    "rate_5min": "42.595193514232925"
                }
            }
        ], 
        "ratio_counters": [
            {
                "app:lstm:default_prediction_ratio": {
                    "ratio": "0.59860000000000002"
                }
            }, 
            {
                "model:lstm:1:cache_hit_ratio": {
                    "ratio": "0"
                }
            }
        ], 
        "counters": [
            {
                "internal:aggregate_num_predictions": {
                    "count": "5000"
                }
            }, 
            {
                "app:lstm:num_predictions": {
                    "count": "5000"
                }
            }, 
            {
                "model:lstm:1:num_predictions": {
                    "count": "2007"
                }
            }
        ]
    }
}