{
    "client_metrics": {
        "thrus": [
            3.039722485495964, 
            79.14097223101567, 
            79.62290591757437, 
            80.08226049798353, 
            79.30151227983917, 
            63.50286905962411, 
            62.91864493372779, 
            64.87061555727102, 
            80.10342954823268, 
            80.7683982334336, 
            81.18003295909338, 
            79.98297962193645, 
            80.48432245882825, 
            78.9435458914621, 
            80.88468432325402, 
            81.69120398130252, 
            79.07976459535675, 
            81.02926615034819, 
            80.7638320176905, 
            80.5883594950011, 
            78.25240469639631, 
            78.32215154083168, 
            81.57631545887493, 
            81.55183352987326, 
            80.2319666620132, 
            80.0658461518753, 
            79.07613766839263, 
            81.01075498783219, 
            79.07163573911421, 
            81.19242442203173, 
            80.6287754424101, 
            80.80677484000259, 
            80.02279049073177, 
            80.20738421262014, 
            80.20365311599213, 
            81.10273770401393, 
            81.45803363565125, 
            80.56602466287147, 
            81.02755909339885, 
            77.16775807599171, 
            78.72937093658035
        ], 
        "p99_lats": [
            1.17805537, 
            1.55228987, 
            1.92190534, 
            2.28800719, 
            2.66047148, 
            3.18688014, 
            3.7224451, 
            4.23818573, 
            4.6040415800000005, 
            4.963704760000001, 
            5.32209617, 
            5.689120109999999, 
            6.05258791, 
            6.4279188199999995, 
            6.787818270000001, 
            7.14189437, 
            7.5167427600000005, 
            7.87378543, 
            8.23463228, 
            8.596324719999998, 
            8.97634828, 
            9.35757407, 
            9.71255788, 
            10.066025280000002, 
            10.43189365, 
            10.79978931, 
            11.17106246, 
            11.53197456, 
            11.90555793, 
            12.26312392, 
            12.62456091, 
            12.98382882, 
            13.349835800000001, 
            13.71491236, 
            14.08032403, 
            14.43931213, 
            14.7944876, 
            15.15658052, 
            15.51552973, 
            15.90463605, 
            16.28195154
        ], 
        "mean_lats": [
            1.0056397000000001, 
            1.3741554, 
            1.7449760200000002, 
            2.10994306, 
            2.4814249800000003, 
            2.93475304, 
            3.46656662, 
            4.010662460000001, 
            4.4277874, 
            4.79012568, 
            5.147275039999999, 
            5.513571679999999, 
            5.87998874, 
            6.248311500000001, 
            6.61161088, 
            6.975093060000001, 
            7.337600339999999, 
            7.703452719999999, 
            8.0627882, 
            8.421028680000001, 
            8.79155384, 
            9.174562680000001, 
            9.546261139999999, 
            9.89454348, 
            10.26043024, 
            10.623381, 
            10.9896208, 
            11.3625657, 
            11.7273782, 
            12.089201500000001, 
            12.448161319999999, 
            12.812842400000001, 
            13.17306584, 
            13.53450576, 
            13.90547004, 
            14.267454299999999, 
            14.62189468, 
            14.981401280000002, 
            15.343107419999999, 
            15.717941920000001, 
            16.101275939999997
        ]
    }, 
    "node_configs": [
        {
            "model_image": "model-comp/theano-lstm", 
            "name": "lstm", 
            "cpus_per_replica": 4, 
            "input_type": "strings", 
            "batch_size": 1, 
            "num_replicas": 1, 
            "slo": 500000, 
            "allocated_cpus": [
                9, 
                10, 
                11, 
                12, 
                13, 
                14, 
                15
            ], 
            "gpus": [
                0
            ]
        }
    ], 
    "clipper_metrics": {
        "histograms": [
            {
                "internal:rpc_request_queueing_delay": {
                    "p99": "0", 
                    "min": "0", 
                    "max": "0", 
                    "p95": "0", 
                    "std_dev": "0", 
                    "size": "0", 
                    "p50": "0", 
                    "unit": "microseconds", 
                    "mean": "0"
                }
            }, 
            {
                "app:lstm:prediction_latency": {
                    "p99": "16177188.3599999963044", 
                    "min": "36", 
                    "max": "16575019", 
                    "p95": "14708942.3499999969481", 
                    "std_dev": "5254032.53923248095089", 
                    "size": "4096", 
                    "p50": "55.5", 
                    "unit": "microseconds", 
                    "mean": "3701948.6669921875"
                }
            }, 
            {
                "model:lstm:1:prediction_latency": {
                    "p99": "17343.2399999999870488", 
                    "min": "9212", 
                    "max": "827730", 
                    "p95": "15302.7999999999997272", 
                    "std_dev": "17867.1396330359266766", 
                    "size": "2091", 
                    "p50": "12534", 
                    "unit": "microseconds", 
                    "mean": "13074.9225251076040131"
                }
            }, 
            {
                "model:lstm:1:batch_size": {
                    "p99": "1", 
                    "min": "1", 
                    "max": "1", 
                    "p95": "1", 
                    "std_dev": "2.45029690981724002086e-17", 
                    "size": "2091", 
                    "p50": "1", 
                    "unit": "queries", 
                    "mean": "1.0000000000000000245"
                }
            }
        ], 
        "meters": [
            {
                "internal:aggregate_model_throughput": {
                    "rate": "8.1456960940826253", 
                    "rate_1min": "2.8857067392802533", 
                    "rate_15min": "1.966718522888691", 
                    "unit": "events per second", 
                    "rate_5min": "4.2289020262995614"
                }
            }, 
            {
                "app:lstm:prediction_throughput": {
                    "rate": "0", 
                    "rate_1min": "0", 
                    "rate_15min": "0", 
                    "unit": "events per second", 
                    "rate_5min": "0"
                }
            }, 
            {
                "model:lstm:1:prediction_throughput": {
                    "rate": "12.598447741096514", 
                    "rate_1min": "6.8938883465076763", 
                    "rate_15min": "54.57867705898439", 
                    "unit": "events per second", 
                    "rate_5min": "40.682778879903452"
                }
            }
        ], 
        "ratio_counters": [
            {
                "app:lstm:default_prediction_ratio": {
                    "ratio": "0.58179999999999998"
                }
            }, 
            {
                "model:lstm:1:cache_hit_ratio": {
                    "ratio": "0"
                }
            }
        ],