{
    "client_metrics": {
        "thrus": [
            3.0719555829628606, 
            336.65499596014, 
            333.9812569718587, 
            338.47820200379095, 
            352.0730058584948, 
            338.4209279501845, 
            333.1933921086477, 
            297.97377830750895, 
            195.85952954541006, 
            185.96001859600187, 
            205.10380303471587, 
            185.91922181650517, 
            201.03007812028835, 
            194.88162889860698, 
            187.14956244432298, 
            198.6310349074181, 
            190.4972358851073, 
            196.46983009289093, 
            189.9118808872683, 
            189.23624252516842, 
            205.908757711283, 
            186.32521949110858, 
            189.74755984638037, 
            196.73576026567198, 
            195.6648495924301, 
            196.28626388725317, 
            191.89290840567693, 
            201.09637744985662, 
            183.73503937441893, 
            201.82286410862915, 
            186.98788692468503, 
            203.0646517238158, 
            187.58769724846366, 
            194.88922496453014, 
            190.69339933867528, 
            194.98802773509706, 
            191.98943290161307, 
            199.52513019014745, 
            196.89070203348717, 
            186.16149882345934
        ], 
        "p99_lats": [
            0.88578692, 
            0.77400731, 
            0.6640212700000001, 
            0.5543157799999999, 
            0.44708871000000006, 
            0.33943935, 
            0.25804826999999997, 
            0.13633773999999999, 
            0.03702706, 
            0.0394451, 
            0.039261489999999996, 
            0.03748611, 
            0.03776762, 
            0.0384568, 
            0.037418709999999994, 
            0.03792851, 
            0.04050277, 
            0.04000492, 
            0.03846782, 
            0.03927573, 
            0.039142949999999996, 
            0.03905235, 
            0.03898744, 
            0.039950849999999996, 
            0.04057561, 
            0.04026187, 
            0.040519, 
            0.04052454, 
            0.042518360000000005, 
            0.04585579999999999, 
            0.04228142, 
            0.044288579999999994, 
            0.04322948, 
            0.0468165, 
            0.04715619, 
            0.04451062, 
            0.04616546, 
            0.043352539999999995, 
            0.03920522, 
            0.04124075
        ], 
        "mean_lats": [
            0.8138268000000001, 
            0.7061135000000001, 
            0.6025569199999999, 
            0.49927994000000003, 
            0.39116584, 
            0.28185462, 
            0.18108256000000003, 
            0.06937502000000001, 
            0.028104960000000005, 
            0.02869982, 
            0.029585380000000005, 
            0.02830422, 
            0.02818984, 
            0.02935578, 
            0.028267379999999998, 
            0.028744219999999997, 
            0.030678040000000004, 
            0.029411440000000004, 
            0.02830388, 
            0.029640280000000005, 
            0.02947124, 
            0.02864672, 
            0.02983828000000001, 
            0.030458819999999998, 
            0.031058, 
            0.030754779999999995, 
            0.03129082, 
            0.029028779999999997, 
            0.03381872, 
            0.03380063999999999, 
            0.033252479999999994, 
            0.03334144, 
            0.032434279999999996, 
            0.0346345, 
            0.03561436, 
            0.03408296, 
            0.03471698, 
            0.03330986, 
            0.029967920000000006, 
            0.03212566
        ]
    }, 
    "node_configs": [
        {
            "model_image": "model-comp/theano-lstm", 
            "name": "lstm", 
            "cpus_per_replica": 5, 
            "input_type": "strings", 
            "batch_size": 16, 
            "num_replicas": 1, 
            "slo": 500000, 
            "allocated_cpus": [
                9, 
                10, 
                11, 
                12, 
                13, 
                14, 
                15
            ], 
            "gpus": [
                0
            ]
        }
    ], 
    "clipper_metrics": {
        "histograms": [
            {
                "internal:rpc_request_queueing_delay": {
                    "p99": "0", 
                    "min": "0", 
                    "max": "0", 
                    "p95": "0", 
                    "std_dev": "0", 
                    "size": "0", 
                    "p50": "0", 
                    "unit": "microseconds", 
                    "mean": "0"
                }
            }, 
            {
                "app:lstm:prediction_latency": {
                    "p99": "748211.749999998567546", 
                    "min": "36", 
                    "max": "886293", 
                    "p95": "336733.199999999516876", 
                    "std_dev": "134997.31152511565395", 
                    "size": "4096", 
                    "p50": "56", 
                    "unit": "microseconds", 
                    "mean": "44606.2958984375"
                }
            }, 
            {
                "model:lstm:1:prediction_latency": {
                    "p99": "50050.3400000000132195", 
                    "min": "12583", 
                    "max": "841105", 
                    "p95": "44625.4499999999811735", 
                    "std_dev": "38383.457438693961187", 
                    "size": "470", 
                    "p50": "19616.5", 
                    "unit": "microseconds", 
                    "mean": "22496.1489361702127674"
                }
            }, 
            {
                "model:lstm:1:batch_size": {
                    "p99": "16", 
                    "min": "1", 
                    "max": "16", 
                    "p95": "13.2499999999999431566", 
                    "std_dev": "2.71703127341168968541", 
                    "size": "470", 
                    "p50": "4", 
                    "unit": "queries", 
                    "mean": "4.35531914893617020301"
                }
            }
        ], 
        "meters": [
            {
                "internal:aggregate_model_throughput": {
                    "rate": "7.9742389153813411", 
                    "rate_1min": "2.4290926022044173", 
                    "rate_15min": "1.9068705170524831", 
                    "unit": "events per second", 
                    "rate_5min": "4.0212091477461671"
                }
            }, 
            {
                "app:lstm:prediction_throughput": {
                    "rate": "0", 
                    "rate_1min": "0", 
                    "rate_15min": "0", 
                    "unit": "events per second", 
                    "rate_5min": "0"
                }
            }, 
            {
                "model:lstm:1:prediction_throughput": {
                    "rate": "12.350498482891798", 
                    "rate_1min": "14.691121809559359", 
                    "rate_15min": "162.07612633656058", 
                    "unit": "events per second", 
                    "rate_5min": "115.01406019998066"
                }
            }
        ], 
        "ratio_counters": [
            {
                "app:lstm:default_prediction_ratio": {
                    "ratio": "0.59060000000000001"
                }
            }, 
            {
                "model:lstm:1:cache_hit_ratio": {
                    "ratio": "0"
                }
            }
        ],