{
    "client_metrics": {
        "thrus": [
            3.1375437036306337, 
            308.36787053483323, 
            291.36510378425, 
            299.9688032444626, 
            241.087013124777, 
            282.4348140449184, 
            278.74875259933214, 
            269.62172072582166, 
            248.2350488030106, 
            273.0435067523659, 
            276.15307717373895, 
            193.34132477475734, 
            194.27963055785452, 
            186.30786256441596, 
            201.40256747993024, 
            186.15872637645762, 
            211.56498853317763, 
            182.93173719294907, 
            180.35696250018037, 
            212.4405166553365, 
            189.91765170622017, 
            191.67663385162697, 
            196.12457833215657, 
            203.26938478488, 
            197.30870920642434, 
            186.89353049354844, 
            201.17081413828484, 
            187.58347464621755, 
            185.47163582273362, 
            194.88846533129092, 
            206.33787414215027, 
            183.22065263196467, 
            194.8375833904857, 
            188.22253927263282, 
            210.9882690522407, 
            186.45793322568497, 
            198.68312822611728, 
            196.98611247907021, 
            182.73250884425343, 
            195.3338646414452, 
            195.37889829746828, 
            189.74900002276988
        ], 
        "p99_lats": [
            0.87270162, 
            0.78941031, 
            0.6981715999999999, 
            0.61798147, 
            0.5410811899999999, 
            0.46404325999999996, 
            0.38747986, 
            0.32242881, 
            0.25529198000000003, 
            0.1755513, 
            0.10443158, 
            0.04609716, 
            0.046727069999999996, 
            0.04218166, 
            0.04194767, 
            0.047958469999999996, 
            0.04731379999999999, 
            0.04051439, 
            0.07331850999999999, 
            0.049469589999999994, 
            0.04005056, 
            0.040842489999999995, 
            0.04189231, 
            0.04194577, 
            0.04162204, 
            0.04023652999999999, 
            0.044236239999999996, 
            0.07608412999999999, 
            0.041729669999999996, 
            0.04623533, 
            0.041635149999999996, 
            0.03957638, 
            0.045355549999999994, 
            0.04895284999999999, 
            0.06893468999999999, 
            0.04113417, 
            0.04392097, 
            0.04708718, 
            0.04567514, 
            0.04488533, 
            0.04653224, 
            0.04622281
        ], 
        "mean_lats": [
            0.82427006, 
            0.7420357599999999, 
            0.65714906, 
            0.57123484, 
            0.49619534000000004, 
            0.42218807999999997, 
            0.34831570000000006, 
            0.28139655999999996, 
            0.20926392, 
            0.13506453999999998, 
            0.06306746, 
            0.034165839999999996, 
            0.03472772, 
            0.03316602, 
            0.03293052, 
            0.0359824, 
            0.03418666000000001, 
            0.031213219999999996, 
            0.04164036, 
            0.035058559999999996, 
            0.03095588, 
            0.030867659999999998, 
            0.031766039999999995, 
            0.03164942, 
            0.03147552, 
            0.0303815, 
            0.0324727, 
            0.04508778, 
            0.03268228, 
            0.034699999999999995, 
            0.03187616000000001, 
            0.030513380000000003, 
            0.03302514, 
            0.03455842, 
            0.039870920000000004, 
            0.032668619999999995, 
            0.03339924, 
            0.03412783999999999, 
            0.03320018, 
            0.03423482, 
            0.034384, 
            0.03512208000000001
        ]
    }, 
    "node_configs": [
        {
            "model_image": "model-comp/theano-lstm", 
            "name": "lstm", 
            "cpus_per_replica": 5, 
            "input_type": "strings", 
            "batch_size": 8, 
            "num_replicas": 1, 
            "slo": 500000, 
            "allocated_cpus": [
                9, 
                10, 
                11, 
                12, 
                13, 
                14, 
                15
            ], 
            "gpus": [
                0
            ]
        }
    ], 
    "clipper_metrics": {
        "histograms": [
            {
                "internal:rpc_request_queueing_delay": {
                    "p99": "0", 
                    "min": "0", 
                    "max": "0", 
                    "p95": "0", 
                    "std_dev": "0", 
                    "size": "0", 
                    "p50": "0", 
                    "unit": "microseconds", 
                    "mean": "0"
                }
            }, 
            {
                "app:lstm:prediction_latency": {
                    "p99": "783086.809999999789397", 
                    "min": "36", 
                    "max": "867930", 
                    "p95": "452239.349999998505155", 
                    "std_dev": "153341.279619807733198", 
                    "size": "4096", 
                    "p50": "58", 
                    "unit": "microseconds", 
                    "mean": "57514.4384765625"
                }
            }, 
            {
                "model:lstm:1:prediction_latency": {
                    "p99": "37124.7199999999962756", 
                    "min": "15277", 
                    "max": "847186", 
                    "p95": "30746.7999999999960892", 
                    "std_dev": "38911.1175366047305069", 
                    "size": "453", 
                    "p50": "21081", 
                    "unit": "microseconds", 
                    "mean": "24110.0419426048564961"
                }
            }, 
            {
                "model:lstm:1:batch_size": {
                    "p99": "8", 
                    "min": "1", 
                    "max": "8", 
                    "p95": "8", 
                    "std_dev": "1.50641832867458225589", 
                    "size": "453", 
                    "p50": "4", 
                    "unit": "queries", 
                    "mean": "4.67108167770419425687"
                }
            }
        ], 
        "meters": [
            {
                "internal:aggregate_model_throughput": {
                    "rate": "8.2430671704988256", 
                    "rate_1min": "2.5054532794408773", 
                    "rate_15min": "1.9708568557965238", 
                    "unit": "events per second", 
                    "rate_5min": "4.1549207215897184"
                }
            }, 
            {
                "app:lstm:prediction_throughput": {
                    "rate": "0", 
                    "rate_1min": "0", 
                    "rate_15min": "0", 
                    "unit": "events per second", 
                    "rate_5min": "0"
                }
            }, 
            {
                "model:lstm:1:prediction_throughput": {
                    "rate": "12.739976973635569", 
                    "rate_1min": "14.756105408841687", 
                    "rate_15min": "161.80784703029391", 
                    "unit": "events per second", 
                    "rate_5min": "114.92162514656137"
                }
            }
        ], 
        "ratio_counters": [
            {
                "app:lstm:default_prediction_ratio": {
                    "ratio": "0.57679999999999998"
                }
            }, 
            {
                "model:lstm:1:cache_hit_ratio": {
                    "ratio": "0"
                }
            }
        ],