{
    "client_metrics": [
        {
            "thrus": [
                5.66715441975706, 
                7.552100050221465, 
                7.388524527906531, 
                7.463041897069427, 
                7.409617119890717, 
                7.319540391419742, 
                7.396462833957694
            ], 
            "p99_lats": [
                8.753151809999999, 
                15.368996, 
                22.13388963, 
                28.83139982, 
                35.580620999999994, 
                42.40712247, 
                49.16621501
            ], 
            "all_lats": [
                "[1.644553, 1.872171, 2.023397, 2.170064, 2.381825, 2.602614, 2.809369, 3.012048, 3.162178, 3.367063, 3.541897, 3.686486, 3.829181, 3.964036, 4.102052, 4.237871, 4.374716, 4.512934, 4.647731, 4.783691, 4.924097, 5.058836, 5.194771, 5.327269, 5.463112, 5.595523, 5.734839, 5.872811, 6.003104, 6.137734, 6.275839, 6.408258, 6.542872, 6.67527, 6.805449, 6.944493, 7.0748, 7.205056, 7.343234, 7.481285, 7.613687, 7.74609, 7.884054, 8.022029, 8.153276, 8.283519, 8.414799, 8.546061, 8.684031, 8.819562]", 
                "[8.948628, 9.079916, 9.21008, 9.342673, 9.480762, 9.619896, 9.75806, 9.896205, 10.027423, 10.159412, 10.290777, 10.418733, 10.546625, 10.673465, 10.802573, 10.930519, 11.058532, 11.187628, 11.314368, 11.445686, 11.57477, 11.70495, 11.835237, 11.964214, 12.094496, 12.223641, 12.360565, 12.489664, 12.617764, 12.749043, 12.879252, 13.008359, 13.135837, 13.265089, 13.396359, 13.529009, 13.666098, 13.796352, 13.934271, 14.066635, 14.204763, 14.335055, 14.474165, 14.612197, 14.751289, 14.889318, 15.02758, 15.161051, 15.298055, 15.437155]", 
                "[15.575075, 15.704094, 15.840964, 15.978823, 16.109001, 16.248089, 16.386183, 16.518704, 16.657769, 16.790145, 16.928103, 17.06055, 17.191865, 17.322672, 17.456249, 17.595447, 17.733481, 17.861418, 17.991584, 18.128417, 18.258664, 18.394467, 18.526924, 18.660371, 18.798469, 18.929723, 19.066558, 19.196744, 19.334708, 19.466092, 19.599605, 19.737507, 19.863256, 20.000095, 20.140423, 20.278293, 20.414042, 20.543042, 20.679938, 20.817902, 20.954754, 21.092879, 21.232299, 21.37167, 21.50997, 21.642566, 21.781988, 21.922379, 22.06284, 22.202153]", 
                "[22.337082, 22.467447, 22.598987, 22.738507, 22.867846, 23.005877, 23.144088, 23.273402, 23.411548, 23.540853, 23.679026, 23.808328, 23.935389, 24.067105, 24.204199, 24.340173, 24.4706, 24.601927, 24.738724, 24.875699, 25.005828, 25.135966, 25.273872, 25.410741, 25.540937, 25.67447, 25.81239, 25.949294, 26.086197, 26.22004, 26.358123, 26.488508, 26.625447, 26.754487, 26.882429, 27.018151, 27.144988, 27.280812, 27.416586, 27.552354, 27.682556, 27.819458, 27.950811, 28.087712, 28.223707, 28.360685, 28.495424, 28.628993, 28.760366, 28.899648]", 
                "[29.034515, 29.167123, 29.305245, 29.443228, 29.580081, 29.716969, 29.847196, 29.98406, 30.118664, 30.254443, 30.388082, 30.525013, 30.654099, 30.790927, 30.927734, 31.05907, 31.197142, 31.334076, 31.472177, 31.608049, 31.739425, 31.876332, 32.006505, 32.134382, 32.272348, 32.409265, 32.541737, 32.679686, 32.816538, 32.946659, 33.083705, 33.211898, 33.348708, 33.485569, 33.623524, 33.760579, 33.897575, 34.030207, 34.16702, 34.301617, 34.437636, 34.572356, 34.708232, 34.837255, 34.976711, 35.110513, 35.240891, 35.380293, 35.512995, 35.645595]", 
                "[35.784904, 35.923081, 36.061339, 36.201752, 36.336637, 36.474858, 36.60623, 36.745566, 36.882648, 37.020592, 37.156282, 37.294217, 37.431101, 37.569082, 37.698056, 37.835981, 37.972868, 38.110823, 38.247736, 38.384609, 38.517123, 38.654056, 38.792123, 38.921203, 39.05686, 39.194881, 39.327491, 39.459851, 39.599207, 39.73309, 39.871488, 40.010868, 40.149168, 40.286443, 40.425923, 40.558676, 40.692501, 40.825207, 40.955722, 41.094033, 41.232389, 41.370692, 41.505558, 41.64497, 41.784067, 41.923216, 42.061387, 42.200428, 42.337305, 42.474202]", 
                "[42.612347, 42.740304, 42.868275, 43.004057, 43.132197, 43.267467, 43.403223, 43.532383, 43.667034, 43.797177, 43.933682, 44.073128, 44.211462, 44.350845, 44.489261, 44.624295, 44.759699, 44.896196, 45.033742, 45.168721, 45.307054, 45.438291, 45.575081, 45.713049, 45.850914, 45.987887, 46.124683, 46.262609, 46.39836, 46.529697, 46.666561, 46.803637, 46.931792, 47.068907, 47.207138, 47.345425, 47.476956, 47.615234, 47.749874, 47.879996, 48.017945, 48.152543, 48.289363, 48.427365, 48.559817, 48.691156, 48.829213, 48.961623, 49.098563, 49.231214]"
            ], 
            "mean_lats": [
                5.45923274, 
                12.17348388, 
                18.87117908, 
                25.612955740000004, 
                32.34327298, 
                39.1279698, 
                45.91514884
            ]
        }
    ], 
    "node_configs": [
        {
            "model_image": "model-comp/tf-resnet-feats", 
            "name": "tf-resnet-feats", 
            "cpus_per_replica": 1, 
            "input_type": "floats", 
            "use_nvidia_docker": true, 
            "batch_size": 1, 
            "num_replicas": 1, 
            "instance_type": "p2.8xlarge", 
            "slo": 5000000, 
            "gpus_per_replica": 1, 
            "allocated_cpus": [
                17
            ], 
            "gpus": [
                0
            ], 
            "input_size": -1
        }
    ]
}