{
    "client_metrics": [
        {
            "thrus": [
                5.577572091792558, 
                7.57669547881912, 
                7.562692451616162, 
                7.544342248784343, 
                7.552039594437349, 
                7.52421669142134, 
                7.617465507735308
            ], 
            "p99_lats": [
                8.89476946, 
                15.49648794, 
                22.103021390000002, 
                28.728580949999998, 
                35.3448927, 
                41.98846684, 
                48.549986329999996
            ], 
            "all_lats": [
                "[2.036703, 2.180681, 2.326053, 2.47335, 2.654387, 2.799519, 2.982742, 3.186702, 3.332346, 3.564312, 3.780699, 3.922901, 4.064126, 4.199786, 4.33768, 4.472229, 4.603406, 4.735824, 4.868117, 5.007119, 5.146142, 5.276274, 5.409681, 5.544225, 5.672131, 5.80449, 5.933489, 6.064761, 6.202709, 6.334994, 6.467322, 6.604193, 6.73554, 6.866841, 6.994842, 7.126172, 7.255448, 7.384515, 7.51807, 7.647159, 7.776196, 7.906293, 8.041988, 8.172181, 8.303629, 8.439283, 8.566112, 8.697477, 8.825539, 8.961285]", 
                "[9.090395, 9.227301, 9.354074, 9.490865, 9.62764, 9.764493, 9.901408, 10.037173, 10.167321, 10.297388, 10.426317, 10.556563, 10.692357, 10.829256, 10.965027, 11.096238, 11.2253, 11.356484, 11.492163, 11.627858, 11.764694, 11.900365, 12.036055, 12.172876, 12.304158, 12.430983, 12.557839, 12.692469, 12.820553, 12.94633, 13.072097, 13.205574, 13.33115, 13.461471, 13.597306, 13.733273, 13.862483, 13.992702, 14.122829, 14.258521, 14.394234, 14.529941, 14.660107, 14.787017, 14.915929, 15.043795, 15.170461, 15.298402, 15.432945, 15.557539]", 
                "[15.685364, 15.814357, 15.94783, 16.074558, 16.202464, 16.330372, 16.457228, 16.593085, 16.728819, 16.860066, 16.98792, 17.115833, 17.244891, 17.380784, 17.516487, 17.653287, 17.790162, 17.921411, 18.051516, 18.179395, 18.316182, 18.45293, 18.580799, 18.717625, 18.854493, 18.981381, 19.116015, 19.251845, 19.381901, 19.516541, 19.649935, 19.776723, 19.906871, 20.041362, 20.174835, 20.300518, 20.42749, 20.557729, 20.688065, 20.82491, 20.955159, 21.090931, 21.227855, 21.36365, 21.501657, 21.638528, 21.769734, 21.906528, 22.036676, 22.166765]", 
                "[22.29694, 22.435202, 22.57233, 22.709541, 22.847906, 22.983968, 23.115302, 23.245442, 23.382098, 23.512201, 23.646772, 23.776916, 23.913674, 24.045978, 24.181635, 24.31173, 24.447357, 24.57634, 24.706424, 24.843188, 24.979939, 25.110031, 25.246826, 25.375754, 25.511415, 25.640414, 25.776145, 25.905381, 26.034363, 26.162442, 26.291485, 26.426159, 26.557509, 26.694332, 26.825555, 26.955725, 27.082584, 27.210557, 27.346157, 27.476898, 27.604388, 27.735282, 27.866116, 27.994713, 28.13119, 28.266532, 28.395061, 28.53157, 28.662411, 28.792156]", 
                "[28.928687, 29.065122, 29.19486, 29.331328, 29.45998, 29.595257, 29.726468, 29.860984, 29.987863, 30.115848, 30.250503, 30.378426, 30.504185, 30.632074, 30.766658, 30.898995, 31.032517, 31.166134, 31.299709, 31.432011, 31.565454, 31.698906, 31.826948, 31.951573, 32.077307, 32.213117, 32.34687, 32.483839, 32.614112, 32.751196, 32.888229, 33.021907, 33.152187, 33.285863, 33.413999, 33.544287, 33.672183, 33.807952, 33.93926, 34.069473, 34.197317, 34.331975, 34.466636, 34.601153, 34.735702, 34.870367, 35.006074, 35.140592, 35.276262, 35.410832]", 
                "[35.537528, 35.670979, 35.8044, 35.934546, 36.066815, 36.194708, 36.32701, 36.462316, 36.597656, 36.723969, 36.859376, 36.994743, 37.126287, 37.263456, 37.398054, 37.528419, 37.661941, 37.797655, 37.933573, 38.067117, 38.20173, 38.337423, 38.471948, 38.607524, 38.74202, 38.877702, 39.012229, 39.146816, 39.282463, 39.416941, 39.552556, 39.687095, 39.821688, 39.956242, 40.089664, 40.223098, 40.356548, 40.488777, 40.622196, 40.755575, 40.887926, 41.021368, 41.147048, 41.273818, 41.402817, 41.529757, 41.653298, 41.78692, 41.92039, 42.053874]", 
                "[42.182956, 42.315311, 42.448769, 42.583386, 42.716918, 42.841899, 42.975297, 43.107644, 43.24107, 43.374444, 43.50784, 43.63694, 43.77256, 43.907004, 44.039325, 44.172755, 44.306221, 44.430691, 44.558584, 44.69199, 44.825435, 44.958818, 45.085573, 45.219019, 45.352339, 45.485756, 45.619084, 45.75036, 45.88381, 46.017319, 46.142928, 46.276357, 46.401975, 46.529864, 46.662198, 46.79567, 46.922418, 47.053749, 47.17836, 47.310672, 47.443057, 47.575474, 47.703374, 47.83708, 47.96291, 48.091021, 48.221164, 48.354568, 48.482471, 48.614854]"
            ], 
            "mean_lats": [
                5.664153259999999, 
                12.34559438, 
                18.91422924, 
                25.56280068, 
                32.159783620000006, 
                38.80555998, 
                45.41138561999999
            ]
        }
    ], 
    "node_configs": [
        {
            "model_image": "model-comp/tf-resnet-feats", 
            "name": "tf-resnet-feats", 
            "cpus_per_replica": 1, 
            "input_type": "floats", 
            "use_nvidia_docker": true, 
            "batch_size": 1, 
            "num_replicas": 1, 
            "instance_type": "p2.8xlarge", 
            "slo": 5000000, 
            "gpus_per_replica": 1, 
            "allocated_cpus": [
                17
            ], 
            "gpus": [
                0
            ], 
            "input_size": -1
        }
    ], 
    "clipper_metrics": {
        "histograms": [
            {
                "model:tf-resnet-feats:1:batch_size": {
                    "p99": "1", 
                    "min": "1", 
                    "max": "1", 
                    "p95": "1", 
                    "std_dev": "3.14418630020796285862e-18", 
                    "size": "368", 
                    "p50": "1", 
                    "unit": "queries", 
                    "mean": "0.999999999999999996856"
                }
            }, 
            {
                "model:tf-resnet-feats:1:prediction_latency": {
                    "p99": "207660.890000000027612", 
                    "min": "124124", 
                    "max": "2030954", 
                    "p95": "137980.350000000000421", 
                    "std_dev": "99226.5673087610158163", 
                    "size": "368", 
                    "p50": "132980", 
                    "unit": "microseconds", 
                    "mean": "138513.076086956521735"
                }
            }, 
            {
                "tf-resnet-feats:1:lock_latency": {
                    "p99": "0", 
                    "min": "0", 
                    "max": "12", 
                    "p95": "0", 
                    "std_dev": "0.187477110419251831799", 
                    "size": "4096", 
                    "p50": "0", 
                    "unit": "microseconds", 
                    "mean": "0.0029296875"
                }
            }, 
            {
                "app:tf-resnet-feats:prediction_latency": {
                    "p99": "50439893.4000000002925", 
                    "min": "2031332", 
                    "max": "50795614", 
                    "p95": "48524043.3000000014872", 
                    "std_dev": "14014734.967155560772", 
                    "size": "368", 
                    "p50": "26686617.5", 
                    "unit": "microseconds", 
                    "mean": "26657252.5081521739066"
                }
            }, 
            {
                "query_cache:queue_submit_latency": {
                    "p99": "9", 
                    "min": "2", 
                    "max": "15", 
                    "p95": "6", 
                    "std_dev": "0.929824439188745676028", 
                    "size": "368", 
                    "p50": "5", 
                    "unit": "microseconds", 
                    "mean": "5.179347826086956525"
                }
            }, 
            {
                "internal:rpc_request_queueing_delay": {
                    "p99": "0",