{
    "client_metrics": [
        {
            "thrus": [
                4.398264620711252, 
                6.5947469938505305, 
                7.580111545889465, 
                7.5414747172814245, 
                7.617149860568071, 
                7.65615767152358
            ], 
            "p99_lats": [
                11.255109869999998, 
                18.87988995, 
                25.472641680000002, 
                32.10309886, 
                38.6603636, 
                45.189021170000004
            ], 
            "all_lats": [
                "1.937619", 
                "2.297281", 
                "2.297454", 
                "2.436396", 
                "2.620817", 
                "2.915036", 
                "2.927007", 
                "3.106373", 
                "3.271744", 
                "3.424775", 
                "3.578863", 
                "3.735536", 
                "3.894039", 
                "4.055077", 
                "4.210195", 
                "4.365458", 
                "4.523022", 
                "4.677216", 
                "4.83182", 
                "4.985936", 
                "5.138871", 
                "5.294131", 
                "5.494811", 
                "5.691543", 
                "5.889233", 
                "6.090299", 
                "6.290261", 
                "6.513493", 
                "6.713225", 
                "6.940348", 
                "7.169165", 
                "7.399695", 
                "7.605367", 
                "7.809693", 
                "8.005193", 
                "8.229914", 
                "8.453898", 
                "8.677562", 
                "8.900329", 
                "9.123782", 
                "9.347361", 
                "9.572116", 
                "9.795283", 
                "10.018387", 
                "10.242076", 
                "10.467493", 
                "10.691328", 
                "10.916098", 
                "11.141157", 
                "11.364594", 
                "11.593434", 
                "11.81768", 
                "12.040752", 
                "12.227539", 
                "12.428923", 
                "12.631547", 
                "12.835967", 
                "13.034992", 
                "13.255102", 
                "13.458379", 
                "13.657713", 
                "13.808206", 
                "13.957795", 
                "14.101745", 
                "14.250091", 
                "14.396183", 
                "14.531221", 
                "14.667292", 
                "14.803431", 
                "14.943878", 
                "15.085384", 
                "15.2224", 
                "15.360514", 
                "15.501987", 
                "15.636674", 
                "15.771341", 
                "15.908289", 
                "16.04541", 
                "16.175934", 
                "16.3076", 
                "16.439203", 
                "16.573801", 
                "16.706086", 
                "16.837288", 
                "16.96857", 
                "17.099837", 
                "17.232249", 
                "17.361484", 
                "17.49072", 
                "17.620023", 
                "17.757177", 
                "17.886439", 
                "18.017923", 
                "18.156088", 
                "18.284253", 
                "18.418011", 
                "18.54617", 
                "18.681661", 
                "18.813975", 
                "18.94322", 
                "19.073751", 
                "19.209658", 
                "19.34001", 
                "19.469377", 
                "19.601675", 
                "19.739643", 
                "19.866474", 
                "19.996667", 
                "20.133657", 
                "20.264004", 
                "20.394331", 
                "20.530192", 
                "20.658118", 
                "20.793838", 
                "20.922873", 
                "21.051874", 
                "21.178868", 
                "21.306154", 
                "21.434221", 
                "21.565547", 
                "21.696966", 
                "21.831639", 
                "21.959748", 
                "22.089997", 
                "22.220221", 
                "22.349308", 
                "22.473896", 
                "22.599614", 
                "22.728701", 
                "22.864474", 
                "22.993513", 
                "23.127098", 
                "23.25626", 
                "23.382177", 
                "23.518164", 
                "23.653732", 
                "23.788936", 
                "23.925153", 
                "24.06198", 
                "24.190321", 
                "24.328465", 
                "24.462091", 
                "24.59468", 
                "24.729422", 
                "24.86873", 
                "24.99784", 
                "25.132613", 
                "25.266249", 
                "25.405542", 
                "25.53711", 
                "25.675326", 
                "25.809163", 
                "25.940711", 
                "26.066672", 
                "26.198147", 
                "26.332891", 
                "26.468713", 
                "26.604932", 
                "26.736773", 
                "26.875028", 
                "27.013267", 
                "27.152636", 
                "27.290946", 
                "27.421367", 
                "27.559658", 
                "27.691345", 
                "27.824036", 
                "27.961212", 
                "28.097141", 
                "28.228785", 
                "28.359151", 
                "28.496056", 
                "28.625046", 
                "28.760762", 
                "28.897668", 
                "29.023624", 
                "29.155163", 
                "29.293205", 
                "29.421278", 
                "29.557015", 
                "29.692784", 
                "29.820942", 
                "29.954684", 
                "30.082606", 
                "30.210573", 
                "30.345227", 
                "30.469856", 
                "30.601216", 
                "30.726936", 
                "30.85596", 
                "30.98281", 
                "31.116299", 
                "31.251073", 
                "31.381385", 
                "31.516058", 
                "31.645178", 
                "31.775253", 
                "31.904293", 
                "32.038948", 
                "32.164734", 
                "32.290656", 
                "32.41864", 
                "32.550021", 
                "32.681514", 
                "32.809605", 
                "32.937777", 
                "33.06811", 
                "33.203811", 
                "33.328424", 
                "33.454003", 
                "33.579627", 
                "33.705661", 
                "33.83282", 
                "33.968544", 
                "34.103186", 
                "34.231304", 
                "34.360541", 
                "34.495363", 
                "34.630163", 
                "34.764742", 
                "34.892606", 
                "35.026115", 
                "35.160726", 
                "35.296453", 
                "35.422189", 
                "35.553346", 
                "35.687945", 
                "35.822507", 
                "35.95377", 
                "36.081699", 
                "36.215164", 
                "36.350812", 
                "36.486539", 
                "36.615621", 
                "36.750659", 
                "36.879766", 
                "37.015476", 
                "37.150173", 
                "37.280666", 
                "37.415562", 
                "37.541246", 
                "37.675863", 
                "37.802646", 
                "37.936102", 
                "38.071933", 
                "38.198937", 
                "38.328119", 
                "38.461574", 
                "38.591636", 
                "38.726396", 
