{
    "client_metrics": [
        {
            "thrus": [
                26.65084672405127, 
                73.12785381449511, 
                65.3924297799741, 
                63.207888850191615, 
                58.50882078982227, 
                55.88783981203802, 
                57.35605780343506, 
                59.82979619578224, 
                53.470274270424845, 
                56.23572666962466, 
                57.40544605466721, 
                60.39843640527834, 
                57.39803239544948, 
                56.31692915048728, 
                55.573184604671816, 
                59.07763273562523, 
                56.52777039776331, 
                53.6604474208106, 
                58.507519971541946, 
                53.27085727192482, 
                57.13629463130235, 
                54.11861610039653, 
                54.710760621820626, 
                55.01769644206059, 
                54.77063154919827, 
                55.56950967687442, 
                51.916227974540284, 
                59.549046977052186, 
                54.03757989456187, 
                54.73726387028582, 
                56.44296438448947, 
                54.555611808453065, 
                55.539726733436524, 
                52.85339630639325, 
                56.59191063910943, 
                53.273042455418455, 
                56.61565218966696, 
                54.19267011621076, 
                55.01354983732494, 
                55.35896970314306, 
                55.37901954768632, 
                54.17003649435359, 
                55.134846049726114, 
                54.94526627300215, 
                56.50381513759809, 
                54.414158128631804, 
                56.219160276890605, 
                54.23722930198855, 
                52.56603739863297, 
                56.95182445169631, 
                55.97665549559212, 
                55.12436055741754, 
                53.71659767664971, 
                55.904711537278935, 
                55.055892742312, 
                55.03322906370867, 
                54.993068123763, 
                54.20677064248033, 
                56.180690584284804, 
                53.452153907993875, 
                57.59161097557885
            ], 
            "p99_lats": [
                3.17876538, 
                3.02406383, 
                2.0237583, 
                1.53996651, 
                1.46680634, 
                1.08663032, 
                0.9960061100000001, 
                0.9581144500000002, 
                0.8396710900000001, 
                0.8075155900000001, 
                0.80080816, 
                0.74738002, 
                0.64403212, 
                0.45310024000000004, 
                0.39425994000000003, 
                0.32529205, 
                0.18628311000000025, 
                0.22259323000000003, 
                0.20467039000000006, 
                0.11893535000000002, 
                0.15510547000000002, 
                0.13325496000000006, 
                0.14759301, 
                0.15879641000000003, 
                0.12150611, 
                0.1504177600000001, 
                0.21399768000000005, 
                0.22503466000000005, 
                0.14689893000000004, 
                0.17617377000000004, 
                0.16808131000000007, 
                0.12853103000000002, 
                0.12838252000000006, 
                0.17135744000000006, 
                0.14758246, 
                0.12892682, 
                0.16891615000000001, 
                0.14670436000000003, 
                0.15185936000000003, 
                0.13204105000000002, 
                0.14427897000000003, 
                0.12522608000000002, 
                0.15540241000000005, 
                0.12849534, 
                0.14685398000000002, 
                0.13574806000000003, 
                0.13627244000000008, 
                0.13750633, 
                0.20244268000000004, 
                0.20423218, 
                0.15894312, 
                0.13162232000000004, 
                0.15300138000000005, 
                0.16696555000000007, 
                0.13809428000000007, 
                0.14521510000000004, 
                0.13043001, 
                0.12806215, 
                0.17690161000000001, 
                0.16770668000000002, 
                0.17579913000000005
            ], 
            "mean_lats": [
                1.37208022, 
                1.92226821, 
                1.3514443600000001, 
                1.07597018, 
                0.9674700199999999, 
                0.85328271, 
                0.77771162, 
                0.6994270300000001, 
                0.6642835799999999, 
                0.6270924499999999, 
                0.6185183900000001, 
                0.51519191, 
                0.37029317999999994, 
                0.31433062, 
                0.2716957, 
                0.16195176, 
                0.08461287, 
                0.10947777999999998, 
                0.07436677, 
                0.05633112, 
                0.06931448000000001, 
                0.06552079, 
                0.07684284999999999, 
                0.08126406, 
                0.06063426000000001, 
                0.07088824, 
                0.09615171999999998, 
                0.10074172, 
                0.07289599, 
                0.07857700000000001, 
                0.08355093999999999, 
                0.06664595, 
                0.06713918000000002, 
                0.08165257000000001, 
                0.062470279999999996, 
                0.06894417000000001, 
                0.08277142000000001, 
                0.07336906, 
                0.08226592999999999, 
                0.07685980000000002, 
                0.07573515, 
                0.06319623999999999, 
                0.08697966999999997, 
                0.06550001000000001, 
                0.0647131, 
                0.06823992999999999, 
                0.07725008, 
                0.07899019, 
                0.12029698000000001, 
                0.08581061999999999, 
                0.09256109, 
                0.07098956000000001, 
                0.07504857000000001, 
                0.0788224, 
                0.07614207, 
                0.08196438000000002, 
                0.05894049, 
                0.06422277000000001, 
                0.08930683, 
                0.08648325999999999, 
                0.08570023
            ]
        }
    ], 
    "node_configs": [
        {
            "model_image": "model-comp/pytorch-alexnet", 
            "name": "alexnet", 
            "cpus_per_replica": 1, 
            "input_type": "floats", 
            "use_nvidia_docker": true, 
            "batch_size": 1, 
            "num_replicas": 1, 
            "slo": 500000, 
            "allocated_cpus": [
                31, 
                30, 
                29, 
                28, 
                27, 
                26
            ], 
            "gpus": [
                7
            ]
        }, 
        {
            "model_image": "model-comp/pytorch-res50", 
            "name": "res50", 
            "cpus_per_replica": 1, 
            "input_type": "floats", 
            "use_nvidia_docker": true, 
            "batch_size": 1, 
            "num_replicas": 1, 
            "slo": 500000, 
            "allocated_cpus": [
                25, 
                24, 
                23, 
                22, 
                21, 
                20
            ], 
            "gpus": [
                6
            ]
        }, 
        {
            "model_image": "model-comp/pytorch-res152", 
            "name": "res152", 
            "cpus_per_replica": 1, 
            "input_type": "floats", 
            "use_nvidia_docker": true, 
            "batch_size": 1, 
            "num_replicas": 2, 
            "slo": 500000,