{
    "client_metrics": [
        {
            "thrus": [
                29.824509603044724, 
                79.20196104055537, 
                85.89648442868531, 
                85.35023040294698, 
                85.37106962266841, 
                79.54766018512332, 
                77.36961865288661, 
                76.27171646447034, 
                87.87508381086118, 
                76.90012519340381, 
                76.14910909349817, 
                74.26976114102119, 
                70.41311373830261, 
                70.13463746353875, 
                70.07752676786329, 
                68.23623658049112, 
                73.64545751135796, 
                70.50242140566318, 
                69.3162094569491, 
                69.37612822928533, 
                71.72968238813935, 
                70.15402315784304, 
                70.46933280340394, 
                72.97815836698234, 
                70.21061781131037, 
                68.64652394596695, 
                73.91764244114492, 
                68.48358174611218, 
                71.03029442057037, 
                71.86401603429927, 
                67.79858667066226, 
                71.97351374694112, 
                67.73406522248608, 
                72.14377388409814, 
                72.79535623863482, 
                69.87485413624199, 
                71.09169833801828, 
                68.35344747447682, 
                71.25135911967521, 
                71.45194642247249, 
                67.96377802486387, 
                71.74676834618677, 
                72.11297507126564, 
                70.13321102101331, 
                70.11088737947938, 
                70.06451540578564, 
                69.65165812737338, 
                72.04636904311614, 
                71.88591992052294, 
                70.49322701074881, 
                69.76156890978015, 
                68.89809214293047, 
                72.4203159263862, 
                71.23334119274531, 
                69.21924156477017, 
                73.5729604655697, 
                68.41882721919887, 
                71.19231464724919, 
                69.7705247441166, 
                70.8036282611266, 
                70.48835743800197
            ], 
            "p99_lats": [
                3.18226335, 
                3.2264170100000005, 
                3.05176338, 
                2.9024550899999997, 
                2.58323205, 
                2.04829257, 
                1.62390963, 
                1.34172161, 
                1.0633640800000002, 
                0.64487508, 
                0.40362786, 
                0.17477084, 
                0.12334439000000011, 
                0.21111663000000003, 
                0.15242788999999998, 
                0.25141075000000007, 
                0.23468467000000012, 
                0.1506011800000001, 
                0.15926737000000002, 
                0.15824397, 
                0.19430392000000002, 
                0.2312228900000001, 
                0.23400181, 
                0.18038698000000003, 
                0.15540558, 
                0.17615491000000003, 
                0.17385960000000006, 
                0.21326835000000005, 
                0.16542225, 
                0.1354293, 
                0.19716314000000001, 
                0.16829689000000003, 
                0.26735326, 
                0.26564259, 
                0.14483039, 
                0.15416954000000002, 
                0.17868292000000005, 
                0.17174649, 
                0.1589109000000001, 
                0.15342303, 
                0.1927906000000001, 
                0.3452407, 
                0.20173436000000008, 
                0.13665783000000015, 
                0.16723337000000002, 
                0.19879103, 
                0.19795382000000009, 
                0.24011244000000007, 
                0.13235834000000005, 
                0.14929266000000005, 
                0.13504945000000002, 
                0.13434963000000005, 
                0.17900542, 
                0.16217150000000005, 
                0.15207728, 
                0.16199652, 
                0.1383217900000001, 
                0.16028728000000012, 
                0.19980202000000014, 
                0.13488363000000003, 
                0.21658298
            ], 
            "mean_lats": [
                1.3028458299999996, 
                1.7667057499999999, 
                1.6380164199999998, 
                1.53334165, 
                1.2907547199999998, 
                1.02715669, 
                0.8767624, 
                0.7238453800000001, 
                0.52844707, 
                0.28379776, 
                0.21397589, 
                0.08430657, 
                0.05887940999999999, 
                0.09939490999999999, 
                0.06382908, 
                0.10817701999999998, 
                0.08702724, 
                0.07119326, 
                0.07529077999999999, 
                0.06662799999999999, 
                0.08136734000000001, 
                0.11089070000000004, 
                0.09356425, 
                0.07677187, 
                0.07109444, 
                0.07741207000000001, 
                0.07017548, 
                0.08576437999999997, 
                0.07139464999999999, 
                0.06466991, 
                0.08677527000000002, 
                0.07461570000000001, 
                0.11449849000000001, 
                0.09894791, 
                0.06551008, 
                0.07038602, 
                0.06873789, 
                0.0691968, 
                0.06656843, 
                0.07479953, 
                0.08327626, 
                0.15444233, 
                0.08589444, 
                0.06420007999999999, 
                0.07818143, 
                0.07707684000000001, 
                0.07512512, 
                0.08966272000000002, 
                0.06300121, 
                0.06559654999999999, 
                0.0635881, 
                0.06747133000000001, 
                0.07236685999999999, 
                0.07589974, 
                0.061545129999999997, 
                0.07063876000000001, 
                0.06223373999999999, 
                0.07380541, 
                0.07463589999999998, 
                0.0677218, 
                0.08971868000000001
            ]
        }
    ], 
    "node_configs": [
        {
            "model_image": "model-comp/pytorch-alexnet", 
            "name": "alexnet", 
            "cpus_per_replica": 1, 
            "input_type": "floats", 
            "use_nvidia_docker": true, 
            "batch_size": 1, 
            "num_replicas": 1, 
            "slo": 500000, 
            "allocated_cpus": [
                31, 
                30, 
                29, 
                28, 
                27, 
                26
            ], 
            "gpus": [
                7
            ]
        }, 
        {
            "model_image": "model-comp/pytorch-res50", 
            "name": "res50", 
            "cpus_per_replica": 1, 
            "input_type": "floats", 
            "use_nvidia_docker": true, 
            "batch_size": 1, 
            "num_replicas": 2, 
            "slo": 500000, 
            "allocated_cpus": [
                25, 
                24, 
                23, 
                22, 
                21, 
                20
            ], 
            "gpus": [
                6, 
                5
            ]
        }, 
        {
            "model_image": "model-comp/pytorch-res152", 
            "name": "res152", 
            "cpus_per_replica": 1, 
            "input_type": "floats", 
            "use_nvidia_docker": true, 
            "batch_size": 1, 
            "num_replicas": 2, 
            "slo": 500000,