{
    "client_metrics": [
        {
            "thrus": [
                40.59229846380476, 
                97.36666973371676, 
                102.83495401220857, 
                104.08269578345387, 
                102.59524942957042, 
                106.45874563918363, 
                99.9996000016, 
                113.85767449115583, 
                98.89930023800116, 
                102.2848910384627, 
                102.49487909960298, 
                94.03219944605631, 
                104.54963415469268, 
                108.66872122995605, 
                95.09441210970282, 
                97.40417863926362, 
                98.93721642120343, 
                94.95472321410344, 
                92.48392398191385, 
                93.65567117868471, 
                94.94259770542729, 
                92.27475731738825, 
                94.61677839331249, 
                89.53878126078664, 
                99.16724307626704, 
                93.0354153263752, 
                92.32621436669757, 
                93.23657241847745, 
                90.81839635600267, 
                95.54890216700133, 
                91.91091993639765, 
                96.77829882138549, 
                94.42357945626182, 
                95.4502219933538, 
                92.53839765137546, 
                92.54482061343334, 
                94.02941428137551, 
                94.09479862772145, 
                92.78662833341762, 
                94.82974031349765, 
                92.14067669955782, 
                92.29668770262008, 
                92.94012843396348, 
                94.3868160495342, 
                97.83060630518257, 
                91.02684654785236, 
                94.01133682710797, 
                93.85573435072948, 
                92.19916679612966, 
                94.80492701205681, 
                94.95968249280561, 
                91.15599936373113, 
                96.79900219588536, 
                92.3189694248805, 
                92.75598913827368, 
                96.72007710524547, 
                93.79490431043861, 
                91.13539666909239, 
                94.92889825520685, 
                93.12881624427317, 
                94.21745105050101
            ], 
            "p99_lats": [
                4.203339150000001, 
                4.118009829999999, 
                3.86812989, 
                3.80093333, 
                3.7967127, 
                3.34675222, 
                3.18677579, 
                2.8677474, 
                2.6805382499999997, 
                2.18564626, 
                1.82820833, 
                1.43542904, 
                1.35157913, 
                1.10932357, 
                0.6677163399999999, 
                0.54072691, 
                0.34258819999999995, 
                0.16886786999999992, 
                0.22965478, 
                0.16253518999999997, 
                0.20429801999999983, 
                0.20572600999999993, 
                0.23438210999999995, 
                0.21722407999999999, 
                0.25920455, 
                0.1740654999999999, 
                0.22555140999999998, 
                0.18901802999999992, 
                0.21933506, 
                0.22866285999999997, 
                0.22765243999999996, 
                0.27797048999999996, 
                0.18135849999999998, 
                0.20901266, 
                0.20684735999999998, 
                0.26561948999999996, 
                0.1717108099999999, 
                0.17489976999999998, 
                0.18217308999999998, 
                0.22667250999999997, 
                0.16754803, 
                0.25230543, 
                0.24358114999999994, 
                0.26701474999999997, 
                0.2179401999999999, 
                0.19162983999999997, 
                0.19567117999999992, 
                0.25558636999999995, 
                0.17608621999999993, 
                0.24634974, 
                0.17860180999999997, 
                0.19471840999999998, 
                0.22982211999999994, 
                0.25108317999999996, 
                0.18572364999999993, 
                0.17565755, 
                0.16960756999999993, 
                0.21082932999999995, 
                0.18104658999999992, 
                0.16041395999999994, 
                0.17673433999999996
            ], 
            "mean_lats": [
                1.9848591900000003, 
                2.68928759, 
                2.5311494349999997, 
                2.3967122199999995, 
                2.28576632, 
                1.9968786349999998, 
                1.8175162849999997, 
                1.5047690299999998, 
                1.400209795, 
                1.21276845, 
                0.9728291450000001, 
                0.8436932200000001, 
                0.755923795, 
                0.50556905, 
                0.3592461, 
                0.30611397, 
                0.142812265, 
                0.086206865, 
                0.10530864499999999, 
                0.08955169000000002, 
                0.105248335, 
                0.094027955, 
                0.11218826500000002, 
                0.09637298000000001, 
                0.138161865, 
                0.08425579500000001, 
                0.091194015, 
                0.08774354, 
                0.10242369499999998, 
                0.10744906, 
                0.10928231999999999, 
                0.10074047, 
                0.08826018000000001, 
                0.08737294999999999, 
                0.105148235, 
                0.10017796000000001, 
                0.09042790499999999, 
                0.07647675999999999, 
                0.090911335, 
                0.115538995, 
                0.075697665, 
                0.11001529, 
                0.1018709, 
                0.102054415, 
                0.088230385, 
                0.09570785000000001, 
                0.10215141500000001, 
                0.10362267000000001, 
                0.08498870499999998, 
                0.105767395, 
                0.088930315, 
                0.09637655500000002, 
                0.108018985, 
                0.10669482500000001, 
                0.09023898500000001, 
                0.08458811499999999, 
                0.08149572, 
                0.10366726499999998, 
                0.08454523500000001, 
                0.080192315, 
                0.08270809
            ]
        }
    ], 
    "node_configs": [
        {
            "model_image": "model-comp/pytorch-alexnet", 
            "name": "alexnet", 
            "cpus_per_replica": 1, 
            "input_type": "floats", 
            "use_nvidia_docker": true, 
            "batch_size": 1, 
            "num_replicas": 2, 
            "slo": 500000, 
            "allocated_cpus": [
                31, 
                30, 
                29, 
                28, 
                27, 
                26
            ], 
            "gpus": [
                7, 
                6
            ]
        }, 
        {
            "model_image": "model-comp/pytorch-res50", 
            "name": "res50", 
            "cpus_per_replica": 1, 
            "input_type": "floats", 
            "use_nvidia_docker": true, 
            "batch_size": 1, 
            "num_replicas": 3, 
            "slo": 500000, 
            "allocated_cpus": [
                25, 
                24, 
                23, 
                22, 
                21, 
                20
            ], 
            "gpus": [
                5, 
                4, 
                3
            ]
        }, 
        {
            "model_image": "model-comp/pytorch-res152", 
            "name": "res152", 
            "cpus_per_replica": 1, 
            "input_type": "floats", 
            "use_nvidia_docker": true, 
            "batch_size": 1, 
            "num_replicas": 3, 
            "slo": 500000,