{
    "client_metrics": [
        {
            "thrus": [
                25.364159580131847, 
                49.267151126986086, 
                43.33521697076433, 
                50.84432079105628, 
                41.888501187539006, 
                40.048169938802396, 
                46.654869205406925, 
                44.54154501257185, 
                44.00248350016875, 
                41.32391919355545, 
                42.230353911480954, 
                40.183283994957804, 
                41.314853474806405, 
                41.280811481679784, 
                41.2318085260783, 
                41.83822080455735, 
                41.232182543118554, 
                40.96822668211442, 
                42.39796082767603, 
                40.415389371965055, 
                42.236436190881655, 
                40.942479501124076, 
                41.49393089019834, 
                39.738157333696805, 
                44.00618198844574, 
                38.41709284028324, 
                41.661389557322735, 
                42.36586226603983, 
                42.40410946705667, 
                41.40740455489732, 
                41.86265365687024, 
                40.91664746993956, 
                39.81598643708238, 
                42.667322036733154, 
                42.09402626835615, 
                41.902929349985, 
                41.3258831031275, 
                39.83625704902568, 
                40.995787682815596, 
                42.506253732580404, 
                41.2161399106599, 
                42.086975259592464, 
                41.00217516539252, 
                41.746506861038405, 
                40.416712472274135, 
                41.11640918885959, 
                41.83104524487685, 
                41.34254114409695, 
                43.08404188630553, 
                40.58827015227907, 
                40.204803267846415, 
                38.43919937297978, 
                43.01149267084165, 
                41.128161933089416, 
                43.150951521632, 
                39.87329860634846, 
                43.7529533243494, 
                41.216122922965006, 
                39.754302508774764, 
                43.58325862436418, 
                40.5921748840789
            ], 
            "p99_lats": [
                3.04617963, 
                3.03026106, 
                2.67224108, 
                2.2731152, 
                2.17339282, 
                1.2463358700000002, 
                1.3482496800000001, 
                1.1388133900000004, 
                0.4514722, 
                0.2492713200000001, 
                0.1895639400000001, 
                0.2063567, 
                0.2362265800000001, 
                0.23867954000000025, 
                0.3251951700000001, 
                0.26588308000000005, 
                0.24389988000000004, 
                0.1557344300000001, 
                0.25948727, 
                0.22764433000000012, 
                0.2585016900000001, 
                0.2310510600000001, 
                0.2625721400000001, 
                0.2764493100000001, 
                0.31331505000000004, 
                0.6631932899999999, 
                0.5509918300000001, 
                0.5342003000000001, 
                0.34349075, 
                0.18048551000000013, 
                0.20984298, 
                0.38388718, 
                0.25665185000000007, 
                0.3523096800000001, 
                0.26328593, 
                0.17681209, 
                0.24876745000000014, 
                0.3063771200000001, 
                0.39450246, 
                0.39206992, 
                0.32497272000000005, 
                0.1987480900000001, 
                0.1564329400000001, 
                0.18940019000000002, 
                0.20651485000000014, 
                0.38742957000000006, 
                0.27474991000000015, 
                0.32849899000000005, 
                0.24139790000000003, 
                0.21435026000000001, 
                0.20899125, 
                0.6501615900000002, 
                0.63937276, 
                0.42804479000000006, 
                0.49921716, 
                0.42297331000000005, 
                0.47995271, 
                0.29725705000000013, 
                0.52130679, 
                0.5021439700000001, 
                0.3754636300000001
            ], 
            "mean_lats": [
                1.39732977, 
                1.3386320799999998, 
                1.1397142699999998, 
                0.8655225499999999, 
                0.6902474300000001, 
                0.59602637, 
                0.5424108000000001, 
                0.32817035999999994, 
                0.12063335999999998, 
                0.08131318, 
                0.08176206999999999, 
                0.07213747, 
                0.06733789, 
                0.08234070999999998, 
                0.10732418999999999, 
                0.09722837000000002, 
                0.09117219999999998, 
                0.06742258000000001, 
                0.08464014, 
                0.07179234, 
                0.08506111, 
                0.07085770999999999, 
                0.08917592999999999, 
                0.0817681, 
                0.08012106, 
                0.22967584000000002, 
                0.22297509, 
                0.18692330999999995, 
                0.10600712, 
                0.0707566, 
                0.07681962, 
                0.09286389999999999, 
                0.08759161, 
                0.12103566, 
                0.08023967000000001, 
                0.062242189999999996, 
                0.08735641, 
                0.10353824000000002, 
                0.15478921000000004, 
                0.11761290999999999, 
                0.11235115999999999, 
                0.06619176999999998, 
                0.058048340000000004, 
                0.06621822000000001, 
                0.06682166, 
                0.12533312000000002, 
                0.07883666, 
                0.12281004, 
                0.08551475000000001, 
                0.07071484, 
                0.07316200999999999, 
                0.21954149, 
                0.24718784000000002, 
                0.17783692999999995, 
                0.1414314, 
                0.13857093, 
                0.16557895000000003, 
                0.10967967000000002, 
                0.20145092, 
                0.15555399, 
                0.11930868999999998
            ]
        }
    ], 
    "node_configs": [
        {
            "model_image": "model-comp/pytorch-alexnet", 
            "name": "alexnet", 
            "cpus_per_replica": 1, 
            "input_type": "floats", 
            "use_nvidia_docker": true, 
            "batch_size": 1, 
            "num_replicas": 1, 
            "slo": 500000, 
            "allocated_cpus": [
                31, 
                30, 
                29, 
                28, 
                27, 
                26
            ], 
            "gpus": [
                7
            ]
        }, 
        {
            "model_image": "model-comp/pytorch-res50", 
            "name": "res50", 
            "cpus_per_replica": 1, 
            "input_type": "floats", 
            "use_nvidia_docker": true, 
            "batch_size": 1, 
            "num_replicas": 1, 
            "slo": 500000, 
            "allocated_cpus": [
                25, 
                24, 
                23, 
                22, 
                21, 
                20
            ], 
            "gpus": [
                6
            ]
        }, 
        {
            "model_image": "model-comp/pytorch-res152", 
            "name": "res152", 
            "cpus_per_replica": 1, 
            "input_type": "floats", 
            "use_nvidia_docker": true, 
            "batch_size": 1, 
            "num_replicas": 1, 
            "slo": 500000,