{
    "client_metrics": [
        {
            "thrus": [
                31.491688870931625, 
                91.38144993118976, 
                88.17813393905833, 
                86.21068684916321, 
                79.55721635664544, 
                84.17274604324965, 
                73.08605883427737, 
                79.9272981296213, 
                82.9264409298376, 
                80.54188580771431, 
                81.62698914769179, 
                81.89860624951885, 
                74.9790995759932, 
                85.19469543748328, 
                74.80528185134095, 
                84.18089464087588, 
                79.71570192067011, 
                78.3336244733043, 
                79.83687729231634, 
                72.33194576550707, 
                84.91451231472716, 
                84.69810208492848, 
                76.37021531054802, 
                72.14772969131594, 
                76.44558603186252, 
                78.06078280914217, 
                68.6767433762998, 
                78.64726700747148, 
                75.54233732524224, 
                83.77917819328528, 
                76.07368497126316, 
                75.9988721767369, 
                74.35967028922194, 
                73.0697172786499, 
                79.63000713484864, 
                73.80580364556386, 
                74.4693130578217, 
                80.56200051559681, 
                69.94131923316338, 
                80.18056663606441, 
                78.60529060768964, 
                75.70412405786217, 
                76.49055226943645, 
                73.22107566153412, 
                79.6113691404042, 
                75.35891567563412, 
                73.67019767924143, 
                73.77150162629276, 
                78.87461696514136, 
                76.86536876929321, 
                74.84733015830959, 
                76.94515426349253, 
                75.950213116298, 
                74.98011152541788, 
                75.97895079147273, 
                74.42713434693167, 
                75.58047695815789, 
                76.99853548785502, 
                78.34129542032454, 
                76.73248523475154, 
                74.47103225787232
            ], 
            "p99_lats": [
                1.822310450000007, 
                3.2911095, 
                3.20826073, 
                2.92119139, 
                2.8928614500000003, 
                2.64792105, 
                2.67842635, 
                2.46690977, 
                2.3146519, 
                2.38338669, 
                2.0684655899999997, 
                1.81578222, 
                1.68260005, 
                1.49617773, 
                1.41503949, 
                1.2619402400000002, 
                1.11948541, 
                0.8936382200000001, 
                0.78606008, 
                0.7499425200000001, 
                0.8420966900000001, 
                0.41738541000000007, 
                0.15402768000000006, 
                0.24623285000000003, 
                0.38122488000000004, 
                0.3519958800000001, 
                0.41084388, 
                0.45750166999999997, 
                0.3884142400000001, 
                0.41509762000000006, 
                0.22390280000000007, 
                0.15734784, 
                0.17189774, 
                0.22492606000000007, 
                0.23027094000000015, 
                0.17032706, 
                0.24896128000000003, 
                0.27491589, 
                0.29288773000000007, 
                0.35361717, 
                0.20882748, 
                0.14993507000000006, 
                0.19248660000000004, 
                0.15312733000000003, 
                0.18229704000000002, 
                0.15500910000000004, 
                0.16978854000000007, 
                0.22241290000000002, 
                0.22512273000000008, 
                0.17858040000000003, 
                0.15568417000000007, 
                0.14292931, 
                0.1594878800000001, 
                0.1556383, 
                0.15280013000000003, 
                0.14018491000000005, 
                0.23345619000000006, 
                0.21729256000000002, 
                0.18247900000000006, 
                0.15396737000000013, 
                0.14797377000000003
            ], 
            "mean_lats": [
                0.9127334499999997, 
                1.6552907500000003, 
                1.5309561799999998, 
                1.2936720499999999, 
                1.3250551099999999, 
                1.14400964, 
                1.32873737, 
                1.0591264999999999, 
                1.04296167, 
                1.0501610899999998, 
                0.8871113999999999, 
                0.8096603599999999, 
                0.8117554899999999, 
                0.6332090100000001, 
                0.6706459799999999, 
                0.52883271, 
                0.47449075999999996, 
                0.39919263, 
                0.34029407000000006, 
                0.33877372000000006, 
                0.32299487, 
                0.1459801, 
                0.06758220000000001, 
                0.09919350999999997, 
                0.16271754000000002, 
                0.13713300999999997, 
                0.16650198, 
                0.18510253, 
                0.18528162000000006, 
                0.14850523000000002, 
                0.09168954999999998, 
                0.06796476, 
                0.07867885999999999, 
                0.09117423000000001, 
                0.08137069999999999, 
                0.0704448, 
                0.10611637000000002, 
                0.09167103999999998, 
                0.11137195, 
                0.14428566999999998, 
                0.06993567999999999, 
                0.07057619000000001, 
                0.07441199, 
                0.07079841999999999, 
                0.06555005, 
                0.07028342, 
                0.07137486, 
                0.09458007, 
                0.07767932, 
                0.08002482000000001, 
                0.07260791, 
                0.07276751, 
                0.07904020999999999, 
                0.07559771, 
                0.06718269000000002, 
                0.05711207, 
                0.08400527, 
                0.08560749, 
                0.08053428, 
                0.067536, 
                0.07502789
            ]
        }
    ], 
    "node_configs": [
        {
            "model_image": "model-comp/pytorch-alexnet", 
            "name": "alexnet", 
            "cpus_per_replica": 1, 
            "input_type": "floats", 
            "use_nvidia_docker": true, 
            "batch_size": 1, 
            "num_replicas": 2, 
            "slo": 500000, 
            "allocated_cpus": [
                31, 
                30, 
                29, 
                28, 
                27, 
                26
            ], 
            "gpus": [
                7, 
                6
            ]
        }, 
        {
            "model_image": "model-comp/pytorch-res50", 
            "name": "res50", 
            "cpus_per_replica": 1, 
            "input_type": "floats", 
            "use_nvidia_docker": true, 
            "batch_size": 1, 
            "num_replicas": 2, 
            "slo": 500000, 
            "allocated_cpus": [
                25, 
                24, 
                23, 
                22, 
                21, 
                20
            ], 
            "gpus": [
                5, 
                4
            ]
        }, 
        {
            "model_image": "model-comp/pytorch-res152", 
            "name": "res152", 
            "cpus_per_replica": 1, 
            "input_type": "floats", 
            "use_nvidia_docker": true, 
            "batch_size": 1, 
            "num_replicas": 2, 
            "slo": 500000,