{
    "client_metrics": [
        {
            "thrus": [
                28.832103740215825, 
                90.05341968855926, 
                98.15710043925303, 
                109.92054942687426, 
                94.88287183885852, 
                106.74899148890292, 
                84.9950575374042, 
                88.90864636585908, 
                101.24234481320282, 
                98.60075666220662, 
                95.20989497396485, 
                88.38474231870302, 
                91.1180826568575, 
                98.72720882384303, 
                98.95209728970204, 
                85.38397172082855, 
                92.38609256716931, 
                96.14829913658828, 
                93.92422944562162, 
                102.14285495408167, 
                94.52349759626745, 
                106.40018385951771, 
                90.13523891246426, 
                92.89562155066946, 
                95.45464090918637, 
                88.7213042031718, 
                96.15504809194731, 
                97.75486403764735, 
                93.64251594966153, 
                91.56821557355583, 
                96.5739428050481, 
                92.80880272932126, 
                90.23967658099913, 
                96.74726035945478, 
                95.75324771077923, 
                102.11479745529925, 
                89.08312970414602, 
                87.97194750537949, 
                91.49381959248653, 
                84.81764206955046, 
                92.95667289476376, 
                91.63450295612907, 
                87.88589598352667, 
                90.46891849836071, 
                89.43839840871202, 
                86.89599678832396, 
                89.79764101597051, 
                91.8734278159665, 
                87.93133617820516, 
                87.65040810030013, 
                90.4804602921976, 
                94.9474655673016, 
                85.90747936287578, 
                89.35735974022028, 
                92.57424917655206, 
                83.85104365201482, 
                90.9363718206371, 
                91.35999400678439, 
                89.52775897694839, 
                88.30817433446545, 
                86.75547535493834
            ], 
            "p99_lats": [
                3.3223312499999995, 
                3.40187246, 
                3.27271941, 
                3.0811074, 
                2.6401256, 
                2.4435628599999997, 
                2.32858524, 
                2.33034757, 
                2.17431213, 
                2.1041758399999995, 
                2.08430512, 
                1.9967386, 
                1.89914982, 
                1.94554118, 
                1.92522777, 
                1.79836329, 
                1.66665668, 
                1.62098563, 
                1.62978296, 
                1.54888297, 
                1.4700727100000002, 
                1.32801098, 
                1.14488701, 
                1.04840478, 
                1.04010388, 
                0.9225772400000001, 
                0.85236925, 
                0.84166073, 
                0.7593885, 
                0.6464588400000001, 
                0.6408877400000002, 
                0.56521659, 
                0.44492519, 
                0.42413823, 
                0.39311088, 
                0.27800857, 
                0.13539414000000002, 
                0.12887035000000002, 
                0.14386934000000004, 
                0.20089669000000002, 
                0.16966421000000004, 
                0.16413835000000002, 
                0.11746443000000001, 
                0.14139502, 
                0.14936387, 
                0.12667561000000005, 
                0.15731642, 
                0.16687180000000001, 
                0.1516111, 
                0.17987710000000004, 
                0.15890075000000015, 
                0.14466246000000002, 
                0.14222615, 
                0.13954128, 
                0.12700473, 
                0.15490648, 
                0.16928140000000003, 
                0.1376577500000001, 
                0.17152787, 
                0.14335910000000004, 
                0.14647925000000003
            ], 
            "mean_lats": [
                1.13077001, 
                2.41456463, 
                2.4377816300000004, 
                2.12143383, 
                2.0847923300000004, 
                1.9249747300000002, 
                1.8554816299999997, 
                1.9909519700000002, 
                1.66013781, 
                1.6779332599999999, 
                1.5824442700000003, 
                1.6376683199999997, 
                1.49165044, 
                1.4908622599999999, 
                1.4394772200000003, 
                1.4587799200000005, 
                1.31273851, 
                1.3060547599999999, 
                1.24407663, 
                1.13905196, 
                1.11015802, 
                0.9198500100000002, 
                0.8645117600000001, 
                0.8082539899999999, 
                0.7654281399999999, 
                0.71029127, 
                0.6737901199999999, 
                0.59760495, 
                0.54583496, 
                0.47786206, 
                0.44791021999999997, 
                0.38168389999999996, 
                0.32722776, 
                0.29064232000000007, 
                0.22071004000000002, 
                0.11819351000000003, 
                0.07181624000000002, 
                0.06887522, 
                0.07602132, 
                0.10007132999999997, 
                0.08654034, 
                0.08848262, 
                0.056504340000000014, 
                0.07409979, 
                0.07696943, 
                0.06927228, 
                0.07879116000000001, 
                0.09023536, 
                0.07304634, 
                0.09200578000000002, 
                0.08773282, 
                0.07307866, 
                0.07216697, 
                0.07478495, 
                0.0665564, 
                0.08393054, 
                0.10172682999999999, 
                0.06293802, 
                0.08694786999999998, 
                0.07997193999999999, 
                0.07731075
            ]
        }
    ], 
    "node_configs": [
        {
            "model_image": "model-comp/pytorch-alexnet", 
            "name": "alexnet", 
            "cpus_per_replica": 1, 
            "input_type": "floats", 
            "use_nvidia_docker": true, 
            "batch_size": 1, 
            "num_replicas": 2, 
            "slo": 500000, 
            "allocated_cpus": [
                31, 
                30, 
                29, 
                28, 
                27, 
                26
            ], 
            "gpus": [
                7, 
                6
            ]
        }, 
        {
            "model_image": "model-comp/pytorch-res50", 
            "name": "res50", 
            "cpus_per_replica": 1, 
            "input_type": "floats", 
            "use_nvidia_docker": true, 
            "batch_size": 1, 
            "num_replicas": 2, 
            "slo": 500000, 
            "allocated_cpus": [
                25, 
                24, 
                23, 
                22, 
                21, 
                20
            ], 
            "gpus": [
                5, 
                4
            ]
        }, 
        {
            "model_image": "model-comp/pytorch-res152", 
            "name": "res152", 
            "cpus_per_replica": 1, 
            "input_type": "floats", 
            "use_nvidia_docker": true, 
            "batch_size": 1, 
            "num_replicas": 3, 
            "slo": 500000, 
            "allocated_cpus": [
                19, 
                18, 
                17, 
                16, 
                15, 
                14
            ],