{
    "client_metrics": [
        {
            "thrus": [
                29.181278381225, 
                43.035404725387856, 
                42.55300437686019, 
                42.52997494913592, 
                42.9874993784724, 
                42.95905708306427, 
                42.73027057946805, 
                42.73657382454656, 
                42.737340932507415
            ], 
            "p99_lats": [
                1.0665515199999989, 
                0.56524523999999998, 
                0.62828627999999997, 
                0.62815884, 
                0.56414064000000008, 
                0.56707923999999998, 
                0.6179569199999998, 
                0.61196211999999983, 
                0.6106192399999999
            ], 
            "mean_lats": [
                0.59217004000000006, 
                0.55760363999999996, 
                0.56392767999999993, 
                0.56422528000000005, 
                0.55822536, 
                0.55859512, 
                0.56158856000000001, 
                0.56150287999999993, 
                0.56149416000000008
            ]
        }
    ], 
    "node_configs": [
        {
            "batch_size": 24, 
            "input_type": "floats", 
            "model_name": "tf_resnet_feats", 
            "gpus": [
                0
            ], 
            "allocated_cpus": [
                1, 
                2, 
                3, 
                4, 
                5, 
                6, 
                7, 
                8, 
                9, 
                10
            ]
        }, 
        {
            "batch_size": 24, 
            "input_type": "floats", 
            "model_name": "inception_feats", 
            "gpus": [
                1
            ], 
            "allocated_cpus": [
                1, 
                2, 
                3, 
                4, 
                5, 
                6, 
                7, 
                8, 
                9, 
                10
            ]
        }, 
        {
            "batch_size": 24, 
            "input_type": "floats", 
            "model_name": "kernel_svm", 
            "gpus": [], 
            "allocated_cpus": [
                1, 
                2, 
                3, 
                4, 
                5, 
                6, 
                7, 
                8, 
                9, 
                10
            ]
        }, 
        {
            "batch_size": 24, 
            "input_type": "floats", 
            "model_name": "tf_log_reg", 
            "gpus": [], 
            "allocated_cpus": [
                1, 
                2, 
                3, 
                4, 
                5, 
                6, 
                7, 
                8, 
                9, 
                10
            ]
        }
    ]
}