{
    "client_metrics": [
        {
            "thrus": [
                18.755400383097808, 
                30.202933510255406, 
                30.29513520718843, 
                30.26488737376137, 
                30.189949121885075, 
                30.17620489562654, 
                30.109363229120813, 
                30.19271101660569, 
                30.171227751736655
            ], 
            "p99_lats": [
                0.36603756999999942, 
                0.20522234, 
                0.20190611, 
                0.20361243000000001, 
                0.20259950999999998, 
                0.20304618000000002, 
                0.20436622000000002, 
                0.20457834999999999, 
                0.20318774000000001
            ], 
            "mean_lats": [
                0.20477136000000001, 
                0.19859505999999999, 
                0.19799023999999998, 
                0.19818697999999993, 
                0.19868063999999996, 
                0.19876836000000001, 
                0.19921121999999997, 
                0.19866113999999999, 
                0.19880318
            ]
        }
    ], 
    "node_configs": [
        {
            "batch_size": 6, 
            "input_type": "floats", 
            "model_name": "tf_resnet_feats", 
            "gpus": [
                0
            ], 
            "allocated_cpus": [
                1, 
                2, 
                3, 
                4, 
                5, 
                6, 
                7, 
                8, 
                9, 
                10
            ]
        }, 
        {
            "batch_size": 6, 
            "input_type": "floats", 
            "model_name": "inception_feats", 
            "gpus": [
                1
            ], 
            "allocated_cpus": [
                1, 
                2, 
                3, 
                4, 
                5, 
                6, 
                7, 
                8, 
                9, 
                10
            ]
        }, 
        {
            "batch_size": 6, 
            "input_type": "floats", 
            "model_name": "kernel_svm", 
            "gpus": [], 
            "allocated_cpus": [
                1, 
                2, 
                3, 
                4, 
                5, 
                6, 
                7, 
                8, 
                9, 
                10
            ]
        }, 
        {
            "batch_size": 6, 
            "input_type": "floats", 
            "model_name": "tf_log_reg", 
            "gpus": [], 
            "allocated_cpus": [
                1, 
                2, 
                3, 
                4, 
                5, 
                6, 
                7, 
                8, 
                9, 
                10
            ]
        }
    ]
}